file,status,changes,error
C:\Users\elisa\OneDrive\Documents\texas-special-ed-site\districts\abilene-isd\ard-process-guide.html,fixed,Moved offer [Free ARD Rights Scan] to after paragraph 2,
C:\Users\elisa\OneDrive\Documents\texas-special-ed-site\districts\abilene-isd\dyslexia-services.html,unchanged,,
C:\Users\elisa\OneDrive\Documents\texas-special-ed-site\districts\abilene-isd\evaluation-child-find.html,fixed,Moved offer [Show the ISD You Mean Business] to after paragraph 2,
C:\Users\elisa\OneDrive\Documents\texas-special-ed-site\districts\abilene-isd\grievance-dispute-resolution.html,unchanged,,
C:\Users\elisa\OneDrive\Documents\texas-special-ed-site\districts\abilene-isd\index.html,unchanged,,
C:\Users\elisa\OneDrive\Documents\texas-special-ed-site\districts\abilene-isd\leadership-directory.html,unchanged,,
C:\Users\elisa\OneDrive\Documents\texas-special-ed-site\districts\abilene-isd\partners.html,unchanged,,
C:\Users\elisa\OneDrive\Documents\texas-special-ed-site\districts\abilene-isd\what-is-an-fie-abilene-isd.html,fixed,Moved offer [Show the ISD You Mean Business] to after paragraph 2,
C:\Users\elisa\OneDrive\Documents\texas-special-ed-site\districts\alamo-heights-isd\ard-process-guide-alamo-heights-isd.html,unchanged,,
C:\Users\elisa\OneDrive\Documents\texas-special-ed-site\districts\alamo-heights-isd\es\como-solicitar-una-evaluacion-fie-alamo-heights-isd.html,unchanged,,
C:\Users\elisa\OneDrive\Documents\texas-special-ed-site\districts\alamo-heights-isd\es\como-solicitar-una-evaluacion-fie-alamo-heights.html,unchanged,,
C:\Users\elisa\OneDrive\Documents\texas-special-ed-site\districts\alamo-heights-isd\es\evaluacion-educacion-especial-child-find.html,unchanged,,
C:\Users\elisa\OneDrive\Documents\texas-special-ed-site\districts\alamo-heights-isd\es\index.html,unchanged,,
C:\Users\elisa\OneDrive\Documents\texas-special-ed-site\districts\alamo-heights-isd\es\proceso-ard-guia-para-padres.html,unchanged,,
C:\Users\elisa\OneDrive\Documents\texas-special-ed-site\districts\alamo-heights-isd\es\quejas-y-disputas-educacion-especial.html,unchanged,,
C:\Users\elisa\OneDrive\Documents\texas-special-ed-site\districts\alamo-heights-isd\evaluation-child-find-alamo-heights-isd.html,unchanged,,
C:\Users\elisa\OneDrive\Documents\texas-special-ed-site\districts\alamo-heights-isd\grievance-dispute-resolution-alamo-heights-isd.html,unchanged,,
C:\Users\elisa\OneDrive\Documents\texas-special-ed-site\districts\alamo-heights-isd\how-to-request-evaluation.html,unchanged,,
C:\Users\elisa\OneDrive\Documents\texas-special-ed-site\districts\alamo-heights-isd\index.html,unchanged,,
C:\Users\elisa\OneDrive\Documents\texas-special-ed-site\districts\alamo-heights-isd\what-is-an-fie-alamo-heights-isd.html,unchanged,,
C:\Users\elisa\OneDrive\Documents\texas-special-ed-site\districts\aldine-isd\ard-process-guide.html,fixed,Moved offer [Free ARD Rights Scan] to after paragraph 2,
C:\Users\elisa\OneDrive\Documents\texas-special-ed-site\districts\aldine-isd\dyslexia-services.html,unchanged,,
C:\Users\elisa\OneDrive\Documents\texas-special-ed-site\districts\aldine-isd\es\como-solicitar-una-evaluacion-fie-aldine-isd.html,unchanged,,
C:\Users\elisa\OneDrive\Documents\texas-special-ed-site\districts\aldine-isd\es\guia-proceso-ard.html,unchanged,,
C:\Users\elisa\OneDrive\Documents\texas-special-ed-site\districts\aldine-isd\es\index.html,unchanged,,
C:\Users\elisa\OneDrive\Documents\texas-special-ed-site\districts\aldine-isd\es\resolucion-disputas.html,unchanged,,
C:\Users\elisa\OneDrive\Documents\texas-special-ed-site\districts\aldine-isd\es\servicios-dislexia.html,unchanged,,
C:\Users\elisa\OneDrive\Documents\texas-special-ed-site\districts\aldine-isd\es\solicitar-evaluacion.html,unchanged,,
C:\Users\elisa\OneDrive\Documents\texas-special-ed-site\districts\aldine-isd\evaluation-child-find.html,fixed,Moved offer [Show the ISD You Mean Business] to after paragraph 2,
C:\Users\elisa\OneDrive\Documents\texas-special-ed-site\districts\aldine-isd\grievance-dispute-resolution.html,unchanged,,
C:\Users\elisa\OneDrive\Documents\texas-special-ed-site\districts\aldine-isd\index.html,unchanged,,
C:\Users\elisa\OneDrive\Documents\texas-special-ed-site\districts\aldine-isd\leadership-directory.html,unchanged,,
C:\Users\elisa\OneDrive\Documents\texas-special-ed-site\districts\aldine-isd\partners.html,unchanged,,
C:\Users\elisa\OneDrive\Documents\texas-special-ed-site\districts\aldine-isd\what-is-an-fie-aldine-isd.html,fixed,Moved offer [Show the ISD You Mean Business] to after paragraph 2,
C:\Users\elisa\OneDrive\Documents\texas-special-ed-site\districts\aledo-isd\ard-process-guide-aledo-isd.html,unchanged,,
C:\Users\elisa\OneDrive\Documents\texas-special-ed-site\districts\aledo-isd\es\como-solicitar-una-evaluacion-fie-aledo.html,unchanged,,
C:\Users\elisa\OneDrive\Documents\texas-special-ed-site\districts\aledo-isd\es\evaluacion-educacion-especial-child-find.html,unchanged,,
C:\Users\elisa\OneDrive\Documents\texas-special-ed-site\districts\aledo-isd\es\index.html,unchanged,,
C:\Users\elisa\OneDrive\Documents\texas-special-ed-site\districts\aledo-isd\es\proceso-ard-guia-para-padres.html,unchanged,,
C:\Users\elisa\OneDrive\Documents\texas-special-ed-site\districts\aledo-isd\es\quejas-y-disputas-educacion-especial.html,unchanged,,
C:\Users\elisa\OneDrive\Documents\texas-special-ed-site\districts\aledo-isd\evaluation-child-find-aledo-isd.html,unchanged,,
C:\Users\elisa\OneDrive\Documents\texas-special-ed-site\districts\aledo-isd\grievance-dispute-resolution-aledo-isd.html,unchanged,,
C:\Users\elisa\OneDrive\Documents\texas-special-ed-site\districts\aledo-isd\how-to-request-evaluation.html,unchanged,,
C:\Users\elisa\OneDrive\Documents\texas-special-ed-site\districts\aledo-isd\index.html,unchanged,,
C:\Users\elisa\OneDrive\Documents\texas-special-ed-site\districts\aledo-isd\what-is-an-fie-aledo-isd.html,unchanged,,
C:\Users\elisa\OneDrive\Documents\texas-special-ed-site\districts\alice-isd\ard-process-guide-alice-isd.html,unchanged,,
C:\Users\elisa\OneDrive\Documents\texas-special-ed-site\districts\alice-isd\es\como-solicitar-una-evaluacion-fie-alice.html,unchanged,,
C:\Users\elisa\OneDrive\Documents\texas-special-ed-site\districts\alice-isd\es\evaluacion-educacion-especial-child-find.html,unchanged,,
C:\Users\elisa\OneDrive\Documents\texas-special-ed-site\districts\alice-isd\es\index.html,unchanged,,
C:\Users\elisa\OneDrive\Documents\texas-special-ed-site\districts\alice-isd\es\proceso-ard-guia-para-padres.html,unchanged,,
C:\Users\elisa\OneDrive\Documents\texas-special-ed-site\districts\alice-isd\es\quejas-y-disputas-educacion-especial.html,unchanged,,
C:\Users\elisa\OneDrive\Documents\texas-special-ed-site\districts\alice-isd\evaluation-child-find-alice-isd.html,unchanged,,
C:\Users\elisa\OneDrive\Documents\texas-special-ed-site\districts\alice-isd\grievance-dispute-resolution-alice-isd.html,unchanged,,
C:\Users\elisa\OneDrive\Documents\texas-special-ed-site\districts\alice-isd\how-to-request-evaluation.html,unchanged,,
C:\Users\elisa\OneDrive\Documents\texas-special-ed-site\districts\alice-isd\index.html,unchanged,,
C:\Users\elisa\OneDrive\Documents\texas-special-ed-site\districts\alice-isd\what-is-an-fie-alice-isd.html,unchanged,,
C:\Users\elisa\OneDrive\Documents\texas-special-ed-site\districts\alief-isd\ard-process-guide.html,fixed,Moved offer [Free ARD Rights Scan] to after paragraph 2,
C:\Users\elisa\OneDrive\Documents\texas-special-ed-site\districts\alief-isd\dyslexia-services.html,unchanged,,
C:\Users\elisa\OneDrive\Documents\texas-special-ed-site\districts\alief-isd\es\como-solicitar-una-evaluacion-fie-alief-isd.html,unchanged,,
C:\Users\elisa\OneDrive\Documents\texas-special-ed-site\districts\alief-isd\es\guia-proceso-ard.html,unchanged,,
C:\Users\elisa\OneDrive\Documents\texas-special-ed-site\districts\alief-isd\es\index.html,unchanged,,
C:\Users\elisa\OneDrive\Documents\texas-special-ed-site\districts\alief-isd\es\resolucion-disputas.html,unchanged,,
C:\Users\elisa\OneDrive\Documents\texas-special-ed-site\districts\alief-isd\es\servicios-dislexia.html,unchanged,,
C:\Users\elisa\OneDrive\Documents\texas-special-ed-site\districts\alief-isd\es\solicitar-evaluacion.html,unchanged,,
C:\Users\elisa\OneDrive\Documents\texas-special-ed-site\districts\alief-isd\evaluation-child-find.html,fixed,Moved offer [Show the ISD You Mean Business] to after paragraph 2,
C:\Users\elisa\OneDrive\Documents\texas-special-ed-site\districts\alief-isd\grievance-dispute-resolution.html,unchanged,,
C:\Users\elisa\OneDrive\Documents\texas-special-ed-site\districts\alief-isd\index.html,unchanged,,
C:\Users\elisa\OneDrive\Documents\texas-special-ed-site\districts\alief-isd\leadership-directory.html,unchanged,,
C:\Users\elisa\OneDrive\Documents\texas-special-ed-site\districts\alief-isd\partners.html,unchanged,,
C:\Users\elisa\OneDrive\Documents\texas-special-ed-site\districts\alief-isd\what-is-an-fie-alief-isd.html,fixed,Moved offer [Show the ISD You Mean Business] to after paragraph 2,
C:\Users\elisa\OneDrive\Documents\texas-special-ed-site\districts\allen-isd\ard-process-guide.html,fixed,Moved offer [Free ARD Rights Scan] to after paragraph 2,
C:\Users\elisa\OneDrive\Documents\texas-special-ed-site\districts\allen-isd\district-updates.html,unchanged,,
C:\Users\elisa\OneDrive\Documents\texas-special-ed-site\districts\allen-isd\dyslexia-services.html,unchanged,,
C:\Users\elisa\OneDrive\Documents\texas-special-ed-site\districts\allen-isd\evaluation-child-find.html,fixed,Moved offer [Show the ISD You Mean Business] to after paragraph 2,
C:\Users\elisa\OneDrive\Documents\texas-special-ed-site\districts\allen-isd\grievance-dispute-resolution.html,unchanged,,
C:\Users\elisa\OneDrive\Documents\texas-special-ed-site\districts\allen-isd\index.html,unchanged,,
C:\Users\elisa\OneDrive\Documents\texas-special-ed-site\districts\allen-isd\leadership-directory.html,unchanged,,
C:\Users\elisa\OneDrive\Documents\texas-special-ed-site\districts\allen-isd\partners.html,unchanged,,
C:\Users\elisa\OneDrive\Documents\texas-special-ed-site\districts\allen-isd\what-is-an-fie-allen-isd.html,fixed,Moved offer [Show the ISD You Mean Business] to after paragraph 2,
C:\Users\elisa\OneDrive\Documents\texas-special-ed-site\districts\alvarado-isd\ard-process-guide-alvarado-isd.html,unchanged,,
C:\Users\elisa\OneDrive\Documents\texas-special-ed-site\districts\alvarado-isd\es\como-solicitar-una-evaluacion-fie-alvarado.html,unchanged,,
C:\Users\elisa\OneDrive\Documents\texas-special-ed-site\districts\alvarado-isd\es\evaluacion-educacion-especial-child-find.html,unchanged,,
C:\Users\elisa\OneDrive\Documents\texas-special-ed-site\districts\alvarado-isd\es\index.html,unchanged,,
C:\Users\elisa\OneDrive\Documents\texas-special-ed-site\districts\alvarado-isd\es\proceso-ard-guia-para-padres.html,unchanged,,
C:\Users\elisa\OneDrive\Documents\texas-special-ed-site\districts\alvarado-isd\es\quejas-y-disputas-educacion-especial.html,unchanged,,
C:\Users\elisa\OneDrive\Documents\texas-special-ed-site\districts\alvarado-isd\evaluation-child-find-alvarado-isd.html,unchanged,,
C:\Users\elisa\OneDrive\Documents\texas-special-ed-site\districts\alvarado-isd\grievance-dispute-resolution-alvarado-isd.html,unchanged,,
C:\Users\elisa\OneDrive\Documents\texas-special-ed-site\districts\alvarado-isd\how-to-request-evaluation.html,unchanged,,
C:\Users\elisa\OneDrive\Documents\texas-special-ed-site\districts\alvarado-isd\index.html,unchanged,,
C:\Users\elisa\OneDrive\Documents\texas-special-ed-site\districts\alvarado-isd\what-is-an-fie-alvarado-isd.html,unchanged,,
C:\Users\elisa\OneDrive\Documents\texas-special-ed-site\districts\alvin-isd\ard-process-guide.html,fixed,Moved offer [Free ARD Rights Scan] to after paragraph 2,
C:\Users\elisa\OneDrive\Documents\texas-special-ed-site\districts\alvin-isd\dyslexia-services.html,unchanged,,
C:\Users\elisa\OneDrive\Documents\texas-special-ed-site\districts\alvin-isd\evaluation-child-find.html,fixed,Moved offer [Show the ISD You Mean Business] to after paragraph 2,
C:\Users\elisa\OneDrive\Documents\texas-special-ed-site\districts\alvin-isd\grievance-dispute-resolution.html,unchanged,,
C:\Users\elisa\OneDrive\Documents\texas-special-ed-site\districts\alvin-isd\index.html,unchanged,,
C:\Users\elisa\OneDrive\Documents\texas-special-ed-site\districts\alvin-isd\leadership-directory.html,unchanged,,
C:\Users\elisa\OneDrive\Documents\texas-special-ed-site\districts\alvin-isd\partners.html,unchanged,,
C:\Users\elisa\OneDrive\Documents\texas-special-ed-site\districts\amarillo-isd\ard-process-guide.html,fixed,Moved offer [Free ARD Rights Scan] to after paragraph 2,
C:\Users\elisa\OneDrive\Documents\texas-special-ed-site\districts\amarillo-isd\dyslexia-services.html,unchanged,,
C:\Users\elisa\OneDrive\Documents\texas-special-ed-site\districts\amarillo-isd\evaluation-child-find.html,fixed,Moved offer [Show the ISD You Mean Business] to after paragraph 2,
C:\Users\elisa\OneDrive\Documents\texas-special-ed-site\districts\amarillo-isd\grievance-dispute-resolution.html,unchanged,,
C:\Users\elisa\OneDrive\Documents\texas-special-ed-site\districts\amarillo-isd\index.html,unchanged,,
C:\Users\elisa\OneDrive\Documents\texas-special-ed-site\districts\amarillo-isd\leadership-directory.html,unchanged,,
C:\Users\elisa\OneDrive\Documents\texas-special-ed-site\districts\amarillo-isd\partners.html,unchanged,,
C:\Users\elisa\OneDrive\Documents\texas-special-ed-site\districts\amarillo-isd\what-is-an-fie-amarillo-isd.html,fixed,Moved offer [Show the ISD You Mean Business] to after paragraph 2,
C:\Users\elisa\OneDrive\Documents\texas-special-ed-site\districts\andrews-isd\ard-process-guide-andrews-isd.html,unchanged,,
C:\Users\elisa\OneDrive\Documents\texas-special-ed-site\districts\andrews-isd\es\como-solicitar-una-evaluacion-fie-andrews.html,unchanged,,
C:\Users\elisa\OneDrive\Documents\texas-special-ed-site\districts\andrews-isd\es\como-solicitar-una-evaluacion-fie-eanes-isd.html,unchanged,,
C:\Users\elisa\OneDrive\Documents\texas-special-ed-site\districts\andrews-isd\es\evaluacion-educacion-especial-child-find.html,unchanged,,
C:\Users\elisa\OneDrive\Documents\texas-special-ed-site\districts\andrews-isd\es\index.html,unchanged,,
C:\Users\elisa\OneDrive\Documents\texas-special-ed-site\districts\andrews-isd\es\proceso-ard-guia-para-padres.html,unchanged,,
C:\Users\elisa\OneDrive\Documents\texas-special-ed-site\districts\andrews-isd\es\quejas-y-disputas-educacion-especial.html,unchanged,,
C:\Users\elisa\OneDrive\Documents\texas-special-ed-site\districts\andrews-isd\evaluation-child-find-andrews-isd.html,unchanged,,
C:\Users\elisa\OneDrive\Documents\texas-special-ed-site\districts\andrews-isd\grievance-dispute-resolution-andrews-isd.html,unchanged,,
C:\Users\elisa\OneDrive\Documents\texas-special-ed-site\districts\andrews-isd\how-to-request-evaluation.html,unchanged,,
C:\Users\elisa\OneDrive\Documents\texas-special-ed-site\districts\andrews-isd\index.html,unchanged,,
C:\Users\elisa\OneDrive\Documents\texas-special-ed-site\districts\andrews-isd\what-is-an-fie-andrews-isd.html,unchanged,,
C:\Users\elisa\OneDrive\Documents\texas-special-ed-site\districts\angleton-isd\ard-process-guide-angleton-isd.html,unchanged,,
C:\Users\elisa\OneDrive\Documents\texas-special-ed-site\districts\angleton-isd\es\como-solicitar-una-evaluacion-fie-angleton.html,unchanged,,
C:\Users\elisa\OneDrive\Documents\texas-special-ed-site\districts\angleton-isd\es\index.html,unchanged,,
C:\Users\elisa\OneDrive\Documents\texas-special-ed-site\districts\angleton-isd\es\proceso-ard-guia-para-padres.html,unchanged,,
C:\Users\elisa\OneDrive\Documents\texas-special-ed-site\districts\angleton-isd\es\quejas-y-disputas-educacion-especial.html,unchanged,,
C:\Users\elisa\OneDrive\Documents\texas-special-ed-site\districts\angleton-isd\evaluation-child-find-angleton-isd.html,unchanged,,
C:\Users\elisa\OneDrive\Documents\texas-special-ed-site\districts\angleton-isd\grievance-dispute-resolution-angleton-isd.html,unchanged,,
C:\Users\elisa\OneDrive\Documents\texas-special-ed-site\districts\angleton-isd\how-to-request-evaluation.html,unchanged,,
C:\Users\elisa\OneDrive\Documents\texas-special-ed-site\districts\angleton-isd\index.html,unchanged,,
C:\Users\elisa\OneDrive\Documents\texas-special-ed-site\districts\angleton-isd\what-is-an-fie-angleton-isd.html,unchanged,,
C:\Users\elisa\OneDrive\Documents\texas-special-ed-site\districts\anna-isd\ard-process-guide-anna-isd.html,unchanged,,
C:\Users\elisa\OneDrive\Documents\texas-special-ed-site\districts\anna-isd\es\como-solicitar-una-evaluacion-fie-anna.html,unchanged,,
C:\Users\elisa\OneDrive\Documents\texas-special-ed-site\districts\anna-isd\es\evaluacion-educacion-especial-child-find.html,unchanged,,
C:\Users\elisa\OneDrive\Documents\texas-special-ed-site\districts\anna-isd\es\index.html,unchanged,,
C:\Users\elisa\OneDrive\Documents\texas-special-ed-site\districts\anna-isd\es\proceso-ard-guia-para-padres.html,unchanged,,
C:\Users\elisa\OneDrive\Documents\texas-special-ed-site\districts\anna-isd\es\quejas-y-disputas-educacion-especial.html,unchanged,,
C:\Users\elisa\OneDrive\Documents\texas-special-ed-site\districts\anna-isd\evaluation-child-find-anna-isd.html,unchanged,,
C:\Users\elisa\OneDrive\Documents\texas-special-ed-site\districts\anna-isd\grievance-dispute-resolution-anna-isd.html,unchanged,,
C:\Users\elisa\OneDrive\Documents\texas-special-ed-site\districts\anna-isd\how-to-request-evaluation.html,unchanged,,
C:\Users\elisa\OneDrive\Documents\texas-special-ed-site\districts\anna-isd\index.html,unchanged,,
C:\Users\elisa\OneDrive\Documents\texas-special-ed-site\districts\anna-isd\what-is-an-fie-anna-isd.html,unchanged,,
C:\Users\elisa\OneDrive\Documents\texas-special-ed-site\districts\argyle-isd\ard-process-guide-argyle-isd.html,unchanged,,
C:\Users\elisa\OneDrive\Documents\texas-special-ed-site\districts\argyle-isd\es\como-solicitar-una-evaluacion-fie-argyle.html,unchanged,,
C:\Users\elisa\OneDrive\Documents\texas-special-ed-site\districts\argyle-isd\es\evaluacion-educacion-especial-child-find.html,unchanged,,
C:\Users\elisa\OneDrive\Documents\texas-special-ed-site\districts\argyle-isd\es\index.html,unchanged,,
C:\Users\elisa\OneDrive\Documents\texas-special-ed-site\districts\argyle-isd\es\proceso-ard-guia-para-padres.html,unchanged,,
C:\Users\elisa\OneDrive\Documents\texas-special-ed-site\districts\argyle-isd\es\quejas-y-disputas-educacion-especial.html,unchanged,,
C:\Users\elisa\OneDrive\Documents\texas-special-ed-site\districts\argyle-isd\evaluation-child-find-argyle-isd.html,unchanged,,
C:\Users\elisa\OneDrive\Documents\texas-special-ed-site\districts\argyle-isd\grievance-dispute-resolution-argyle-isd.html,unchanged,,
C:\Users\elisa\OneDrive\Documents\texas-special-ed-site\districts\argyle-isd\how-to-request-evaluation.html,unchanged,,
C:\Users\elisa\OneDrive\Documents\texas-special-ed-site\districts\argyle-isd\index.html,unchanged,,
C:\Users\elisa\OneDrive\Documents\texas-special-ed-site\districts\argyle-isd\what-is-an-fie-argyle-isd.html,unchanged,,
C:\Users\elisa\OneDrive\Documents\texas-special-ed-site\districts\arlington-isd\ard-process-guide.html,fixed,Moved offer [Free ARD Rights Scan] to after paragraph 2,
C:\Users\elisa\OneDrive\Documents\texas-special-ed-site\districts\arlington-isd\dyslexia-services.html,unchanged,,
C:\Users\elisa\OneDrive\Documents\texas-special-ed-site\districts\arlington-isd\es\como-solicitar-una-evaluacion-fie-arlington-isd.html,unchanged,,
C:\Users\elisa\OneDrive\Documents\texas-special-ed-site\districts\arlington-isd\es\como-solicitar-una-evaluacion-fie-harlingen-cisd.html,unchanged,,
C:\Users\elisa\OneDrive\Documents\texas-special-ed-site\districts\arlington-isd\es\guia-proceso-ard.html,unchanged,,
C:\Users\elisa\OneDrive\Documents\texas-special-ed-site\districts\arlington-isd\es\index.html,unchanged,,
C:\Users\elisa\OneDrive\Documents\texas-special-ed-site\districts\arlington-isd\es\resolucion-disputas.html,unchanged,,
C:\Users\elisa\OneDrive\Documents\texas-special-ed-site\districts\arlington-isd\es\servicios-dislexia.html,unchanged,,
C:\Users\elisa\OneDrive\Documents\texas-special-ed-site\districts\arlington-isd\es\solicitar-evaluacion.html,unchanged,,
C:\Users\elisa\OneDrive\Documents\texas-special-ed-site\districts\arlington-isd\evaluation-child-find.html,fixed,Moved offer [Show the ISD You Mean Business] to after paragraph 2,
C:\Users\elisa\OneDrive\Documents\texas-special-ed-site\districts\arlington-isd\grievance-dispute-resolution.html,unchanged,,
C:\Users\elisa\OneDrive\Documents\texas-special-ed-site\districts\arlington-isd\index.html,unchanged,,
C:\Users\elisa\OneDrive\Documents\texas-special-ed-site\districts\arlington-isd\leadership-directory.html,unchanged,,
C:\Users\elisa\OneDrive\Documents\texas-special-ed-site\districts\arlington-isd\partners.html,unchanged,,
C:\Users\elisa\OneDrive\Documents\texas-special-ed-site\districts\arlington-isd\what-is-an-fie-arlington-isd.html,fixed,Moved offer [Show the ISD You Mean Business] to after paragraph 2,
C:\Users\elisa\OneDrive\Documents\texas-special-ed-site\districts\athens-isd\ard-process-guide-athens-isd.html,unchanged,,
C:\Users\elisa\OneDrive\Documents\texas-special-ed-site\districts\athens-isd\evaluation-child-find-athens-isd.html,unchanged,,
C:\Users\elisa\OneDrive\Documents\texas-special-ed-site\districts\athens-isd\grievance-dispute-resolution-athens-isd.html,unchanged,,
C:\Users\elisa\OneDrive\Documents\texas-special-ed-site\districts\athens-isd\index.html,unchanged,,
C:\Users\elisa\OneDrive\Documents\texas-special-ed-site\districts\athens-isd\what-is-an-fie-athens-isd.html,unchanged,,
C:\Users\elisa\OneDrive\Documents\texas-special-ed-site\districts\aubrey-isd\ard-process-guide-aubrey-isd.html,unchanged,,
C:\Users\elisa\OneDrive\Documents\texas-special-ed-site\districts\aubrey-isd\es\como-solicitar-una-evaluacion-fie-aubrey.html,unchanged,,
C:\Users\elisa\OneDrive\Documents\texas-special-ed-site\districts\aubrey-isd\es\evaluacion-educacion-especial-child-find.html,unchanged,,
C:\Users\elisa\OneDrive\Documents\texas-special-ed-site\districts\aubrey-isd\es\index.html,unchanged,,
C:\Users\elisa\OneDrive\Documents\texas-special-ed-site\districts\aubrey-isd\es\proceso-ard-guia-para-padres.html,unchanged,,
C:\Users\elisa\OneDrive\Documents\texas-special-ed-site\districts\aubrey-isd\es\quejas-y-disputas-educacion-especial.html,unchanged,,
C:\Users\elisa\OneDrive\Documents\texas-special-ed-site\districts\aubrey-isd\evaluation-child-find-aubrey-isd.html,unchanged,,
C:\Users\elisa\OneDrive\Documents\texas-special-ed-site\districts\aubrey-isd\grievance-dispute-resolution-aubrey-isd.html,unchanged,,
C:\Users\elisa\OneDrive\Documents\texas-special-ed-site\districts\aubrey-isd\how-to-request-evaluation.html,unchanged,,
C:\Users\elisa\OneDrive\Documents\texas-special-ed-site\districts\aubrey-isd\index.html,unchanged,,
C:\Users\elisa\OneDrive\Documents\texas-special-ed-site\districts\aubrey-isd\what-is-an-fie-aubrey-isd.html,unchanged,,
C:\Users\elisa\OneDrive\Documents\texas-special-ed-site\districts\austin-isd\ard-process-guide.html,fixed,Moved offer [Free ARD Rights Scan] to after paragraph 2,
C:\Users\elisa\OneDrive\Documents\texas-special-ed-site\districts\austin-isd\dyslexia-services.html,unchanged,,
C:\Users\elisa\OneDrive\Documents\texas-special-ed-site\districts\austin-isd\es\como-solicitar-una-evaluacion-fie-austin-isd.html,unchanged,,
C:\Users\elisa\OneDrive\Documents\texas-special-ed-site\districts\austin-isd\es\guia-proceso-ard.html,unchanged,,
C:\Users\elisa\OneDrive\Documents\texas-special-ed-site\districts\austin-isd\es\index.html,unchanged,,
C:\Users\elisa\OneDrive\Documents\texas-special-ed-site\districts\austin-isd\es\resolucion-disputas.html,unchanged,,
C:\Users\elisa\OneDrive\Documents\texas-special-ed-site\districts\austin-isd\es\servicios-dislexia.html,unchanged,,
C:\Users\elisa\OneDrive\Documents\texas-special-ed-site\districts\austin-isd\es\solicitar-evaluacion.html,unchanged,,
C:\Users\elisa\OneDrive\Documents\texas-special-ed-site\districts\austin-isd\evaluation-child-find.html,fixed,Moved offer [Show the ISD You Mean Business] to after paragraph 2,
C:\Users\elisa\OneDrive\Documents\texas-special-ed-site\districts\austin-isd\grievance-dispute-resolution.html,unchanged,,
C:\Users\elisa\OneDrive\Documents\texas-special-ed-site\districts\austin-isd\index.html,unchanged,,
C:\Users\elisa\OneDrive\Documents\texas-special-ed-site\districts\austin-isd\leadership-directory.html,unchanged,,
C:\Users\elisa\OneDrive\Documents\texas-special-ed-site\districts\austin-isd\partners.html,unchanged,,
C:\Users\elisa\OneDrive\Documents\texas-special-ed-site\districts\austin-isd\what-is-an-fie-austin-isd.html,fixed,Moved offer [Show the ISD You Mean Business] to after paragraph 2,
C:\Users\elisa\OneDrive\Documents\texas-special-ed-site\districts\azle-isd\ard-process-guide-azle-isd.html,unchanged,,
C:\Users\elisa\OneDrive\Documents\texas-special-ed-site\districts\azle-isd\es\como-solicitar-una-evaluacion-fie-azle.html,unchanged,,
C:\Users\elisa\OneDrive\Documents\texas-special-ed-site\districts\azle-isd\es\como-solicitar-una-evaluacion-fie-waller-isd.html,unchanged,,
C:\Users\elisa\OneDrive\Documents\texas-special-ed-site\districts\azle-isd\es\evaluacion-educacion-especial-child-find.html,unchanged,,
C:\Users\elisa\OneDrive\Documents\texas-special-ed-site\districts\azle-isd\es\index.html,unchanged,,
C:\Users\elisa\OneDrive\Documents\texas-special-ed-site\districts\azle-isd\es\proceso-ard-guia-para-padres.html,unchanged,,
C:\Users\elisa\OneDrive\Documents\texas-special-ed-site\districts\azle-isd\es\quejas-y-disputas-educacion-especial.html,unchanged,,
C:\Users\elisa\OneDrive\Documents\texas-special-ed-site\districts\azle-isd\evaluation-child-find-azle-isd.html,unchanged,,
C:\Users\elisa\OneDrive\Documents\texas-special-ed-site\districts\azle-isd\grievance-dispute-resolution-azle-isd.html,unchanged,,
C:\Users\elisa\OneDrive\Documents\texas-special-ed-site\districts\azle-isd\how-to-request-evaluation.html,unchanged,,
C:\Users\elisa\OneDrive\Documents\texas-special-ed-site\districts\azle-isd\index.html,unchanged,,
C:\Users\elisa\OneDrive\Documents\texas-special-ed-site\districts\azle-isd\what-is-an-fie-azle-isd.html,unchanged,,
C:\Users\elisa\OneDrive\Documents\texas-special-ed-site\districts\barbers-hill-isd\ard-process-guide-barbers-hill-isd.html,unchanged,,
C:\Users\elisa\OneDrive\Documents\texas-special-ed-site\districts\barbers-hill-isd\es\como-solicitar-una-evaluacion-fie-barbers-hill.html,unchanged,,
C:\Users\elisa\OneDrive\Documents\texas-special-ed-site\districts\barbers-hill-isd\es\evaluacion-educacion-especial-child-find.html,unchanged,,
C:\Users\elisa\OneDrive\Documents\texas-special-ed-site\districts\barbers-hill-isd\es\index.html,unchanged,,
C:\Users\elisa\OneDrive\Documents\texas-special-ed-site\districts\barbers-hill-isd\es\proceso-ard-guia-para-padres.html,unchanged,,
C:\Users\elisa\OneDrive\Documents\texas-special-ed-site\districts\barbers-hill-isd\es\quejas-y-disputas-educacion-especial.html,unchanged,,
C:\Users\elisa\OneDrive\Documents\texas-special-ed-site\districts\barbers-hill-isd\evaluation-child-find-barbers-hill-isd.html,unchanged,,
C:\Users\elisa\OneDrive\Documents\texas-special-ed-site\districts\barbers-hill-isd\grievance-dispute-resolution-barbers-hill-isd.html,unchanged,,
C:\Users\elisa\OneDrive\Documents\texas-special-ed-site\districts\barbers-hill-isd\how-to-request-evaluation.html,unchanged,,
C:\Users\elisa\OneDrive\Documents\texas-special-ed-site\districts\barbers-hill-isd\index.html,unchanged,,
C:\Users\elisa\OneDrive\Documents\texas-special-ed-site\districts\barbers-hill-isd\what-is-an-fie-barbers-hill-isd.html,unchanged,,
C:\Users\elisa\OneDrive\Documents\texas-special-ed-site\districts\bastrop-isd\ard-process-guide.html,fixed,Moved offer [Free ARD Rights Scan] to after paragraph 2,
C:\Users\elisa\OneDrive\Documents\texas-special-ed-site\districts\bastrop-isd\dyslexia-services.html,unchanged,,
C:\Users\elisa\OneDrive\Documents\texas-special-ed-site\districts\bastrop-isd\evaluation-child-find.html,fixed,Moved offer [Show the ISD You Mean Business] to after paragraph 2,
C:\Users\elisa\OneDrive\Documents\texas-special-ed-site\districts\bastrop-isd\grievance-dispute-resolution.html,unchanged,,
C:\Users\elisa\OneDrive\Documents\texas-special-ed-site\districts\bastrop-isd\index.html,unchanged,,
C:\Users\elisa\OneDrive\Documents\texas-special-ed-site\districts\bastrop-isd\leadership-directory.html,unchanged,,
C:\Users\elisa\OneDrive\Documents\texas-special-ed-site\districts\bastrop-isd\partners.html,unchanged,,
C:\Users\elisa\OneDrive\Documents\texas-special-ed-site\districts\bastrop-isd\what-is-an-fie-bastrop-isd.html,fixed,Moved offer [Show the ISD You Mean Business] to after paragraph 2,
C:\Users\elisa\OneDrive\Documents\texas-special-ed-site\districts\bay-city-isd\ard-process-guide-bay-city-isd.html,unchanged,,
C:\Users\elisa\OneDrive\Documents\texas-special-ed-site\districts\bay-city-isd\es\como-solicitar-una-evaluacion-fie-bay-city.html,unchanged,,
C:\Users\elisa\OneDrive\Documents\texas-special-ed-site\districts\bay-city-isd\es\evaluacion-educacion-especial-child-find.html,unchanged,,
C:\Users\elisa\OneDrive\Documents\texas-special-ed-site\districts\bay-city-isd\es\index.html,unchanged,,
C:\Users\elisa\OneDrive\Documents\texas-special-ed-site\districts\bay-city-isd\es\proceso-ard-guia-para-padres.html,unchanged,,
C:\Users\elisa\OneDrive\Documents\texas-special-ed-site\districts\bay-city-isd\es\quejas-y-disputas-educacion-especial.html,unchanged,,
C:\Users\elisa\OneDrive\Documents\texas-special-ed-site\districts\bay-city-isd\evaluation-child-find-bay-city-isd.html,unchanged,,
C:\Users\elisa\OneDrive\Documents\texas-special-ed-site\districts\bay-city-isd\grievance-dispute-resolution-bay-city-isd.html,unchanged,,
C:\Users\elisa\OneDrive\Documents\texas-special-ed-site\districts\bay-city-isd\how-to-request-evaluation.html,unchanged,,
C:\Users\elisa\OneDrive\Documents\texas-special-ed-site\districts\bay-city-isd\index.html,unchanged,,
C:\Users\elisa\OneDrive\Documents\texas-special-ed-site\districts\bay-city-isd\what-is-an-fie-bay-city-isd.html,unchanged,,
C:\Users\elisa\OneDrive\Documents\texas-special-ed-site\districts\beaumont-isd\ard-process-guide.html,fixed,Moved offer [Free ARD Rights Scan] to after paragraph 2,
C:\Users\elisa\OneDrive\Documents\texas-special-ed-site\districts\beaumont-isd\dyslexia-services.html,unchanged,,
C:\Users\elisa\OneDrive\Documents\texas-special-ed-site\districts\beaumont-isd\evaluation-child-find.html,fixed,Moved offer [Show the ISD You Mean Business] to after paragraph 2,
C:\Users\elisa\OneDrive\Documents\texas-special-ed-site\districts\beaumont-isd\grievance-dispute-resolution.html,unchanged,,
C:\Users\elisa\OneDrive\Documents\texas-special-ed-site\districts\beaumont-isd\index.html,unchanged,,
C:\Users\elisa\OneDrive\Documents\texas-special-ed-site\districts\beaumont-isd\leadership-directory.html,unchanged,,
C:\Users\elisa\OneDrive\Documents\texas-special-ed-site\districts\beaumont-isd\partners.html,unchanged,,
C:\Users\elisa\OneDrive\Documents\texas-special-ed-site\districts\beaumont-isd\what-is-an-fie-beaumont-isd.html,fixed,Moved offer [Show the ISD You Mean Business] to after paragraph 2,
C:\Users\elisa\OneDrive\Documents\texas-special-ed-site\districts\beeville-isd\ard-process-guide-beeville-isd.html,unchanged,,
C:\Users\elisa\OneDrive\Documents\texas-special-ed-site\districts\beeville-isd\es\como-solicitar-una-evaluacion-fie-beeville.html,unchanged,,
C:\Users\elisa\OneDrive\Documents\texas-special-ed-site\districts\beeville-isd\es\como-solicitar-una-evaluacion-fie-birdville-isd.html,unchanged,,
C:\Users\elisa\OneDrive\Documents\texas-special-ed-site\districts\beeville-isd\es\evaluacion-educacion-especial-child-find.html,unchanged,,
C:\Users\elisa\OneDrive\Documents\texas-special-ed-site\districts\beeville-isd\es\index.html,unchanged,,
C:\Users\elisa\OneDrive\Documents\texas-special-ed-site\districts\beeville-isd\es\proceso-ard-guia-para-padres.html,unchanged,,
C:\Users\elisa\OneDrive\Documents\texas-special-ed-site\districts\beeville-isd\es\quejas-y-disputas-educacion-especial.html,unchanged,,
C:\Users\elisa\OneDrive\Documents\texas-special-ed-site\districts\beeville-isd\evaluation-child-find-beeville-isd.html,unchanged,,
C:\Users\elisa\OneDrive\Documents\texas-special-ed-site\districts\beeville-isd\grievance-dispute-resolution-beeville-isd.html,unchanged,,
C:\Users\elisa\OneDrive\Documents\texas-special-ed-site\districts\beeville-isd\how-to-request-evaluation.html,unchanged,,
C:\Users\elisa\OneDrive\Documents\texas-special-ed-site\districts\beeville-isd\index.html,unchanged,,
C:\Users\elisa\OneDrive\Documents\texas-special-ed-site\districts\beeville-isd\what-is-an-fie-beeville-isd.html,unchanged,,
C:\Users\elisa\OneDrive\Documents\texas-special-ed-site\districts\belton-isd\ard-process-guide.html,fixed,Moved offer [Free ARD Rights Scan] to after paragraph 2,
C:\Users\elisa\OneDrive\Documents\texas-special-ed-site\districts\belton-isd\dyslexia-services.html,unchanged,,
C:\Users\elisa\OneDrive\Documents\texas-special-ed-site\districts\belton-isd\evaluation-child-find.html,fixed,Moved offer [Show the ISD You Mean Business] to after paragraph 2,
C:\Users\elisa\OneDrive\Documents\texas-special-ed-site\districts\belton-isd\grievance-dispute-resolution.html,unchanged,,
C:\Users\elisa\OneDrive\Documents\texas-special-ed-site\districts\belton-isd\index.html,unchanged,,
C:\Users\elisa\OneDrive\Documents\texas-special-ed-site\districts\belton-isd\leadership-directory.html,unchanged,,
C:\Users\elisa\OneDrive\Documents\texas-special-ed-site\districts\belton-isd\partners.html,unchanged,,
C:\Users\elisa\OneDrive\Documents\texas-special-ed-site\districts\belton-isd\what-is-an-fie-belton-isd.html,fixed,Moved offer [Show the ISD You Mean Business] to after paragraph 2,
C:\Users\elisa\OneDrive\Documents\texas-special-ed-site\districts\birdville-isd\ard-process-guide.html,fixed,Moved offer [Free ARD Rights Scan] to after paragraph 2,
C:\Users\elisa\OneDrive\Documents\texas-special-ed-site\districts\birdville-isd\dyslexia-services.html,unchanged,,
C:\Users\elisa\OneDrive\Documents\texas-special-ed-site\districts\birdville-isd\evaluation-child-find.html,fixed,Moved offer [Show the ISD You Mean Business] to after paragraph 2,
C:\Users\elisa\OneDrive\Documents\texas-special-ed-site\districts\birdville-isd\grievance-dispute-resolution.html,unchanged,,
C:\Users\elisa\OneDrive\Documents\texas-special-ed-site\districts\birdville-isd\index.html,unchanged,,
C:\Users\elisa\OneDrive\Documents\texas-special-ed-site\districts\birdville-isd\leadership-directory.html,unchanged,,
C:\Users\elisa\OneDrive\Documents\texas-special-ed-site\districts\birdville-isd\partners.html,unchanged,,
C:\Users\elisa\OneDrive\Documents\texas-special-ed-site\districts\birdville-isd\what-is-an-fie-birdville-isd.html,fixed,Moved offer [Show the ISD You Mean Business] to after paragraph 2,
C:\Users\elisa\OneDrive\Documents\texas-special-ed-site\districts\boerne-isd\ard-process-guide-boerne-isd.html,unchanged,,
C:\Users\elisa\OneDrive\Documents\texas-special-ed-site\districts\boerne-isd\es\como-solicitar-una-evaluacion-fie-boerne.html,unchanged,,
C:\Users\elisa\OneDrive\Documents\texas-special-ed-site\districts\boerne-isd\es\como-solicitar-una-evaluacion-fie-forney-isd.html,unchanged,,
C:\Users\elisa\OneDrive\Documents\texas-special-ed-site\districts\boerne-isd\es\evaluacion-educacion-especial-child-find.html,unchanged,,
C:\Users\elisa\OneDrive\Documents\texas-special-ed-site\districts\boerne-isd\es\index.html,unchanged,,
C:\Users\elisa\OneDrive\Documents\texas-special-ed-site\districts\boerne-isd\es\proceso-ard-guia-para-padres.html,unchanged,,
C:\Users\elisa\OneDrive\Documents\texas-special-ed-site\districts\boerne-isd\es\quejas-y-disputas-educacion-especial.html,unchanged,,
C:\Users\elisa\OneDrive\Documents\texas-special-ed-site\districts\boerne-isd\evaluation-child-find-boerne-isd.html,unchanged,,
C:\Users\elisa\OneDrive\Documents\texas-special-ed-site\districts\boerne-isd\grievance-dispute-resolution-boerne-isd.html,unchanged,,
C:\Users\elisa\OneDrive\Documents\texas-special-ed-site\districts\boerne-isd\how-to-request-evaluation.html,unchanged,,
C:\Users\elisa\OneDrive\Documents\texas-special-ed-site\districts\boerne-isd\index.html,unchanged,,
C:\Users\elisa\OneDrive\Documents\texas-special-ed-site\districts\boerne-isd\what-is-an-fie-boerne-isd.html,unchanged,,
C:\Users\elisa\OneDrive\Documents\texas-special-ed-site\districts\brazosport-isd\ard-process-guide-brazosport-isd.html,unchanged,,
C:\Users\elisa\OneDrive\Documents\texas-special-ed-site\districts\brazosport-isd\es\como-solicitar-una-evaluacion-fie-brazosport.html,unchanged,,
C:\Users\elisa\OneDrive\Documents\texas-special-ed-site\districts\brazosport-isd\es\evaluacion-educacion-especial-child-find.html,unchanged,,
C:\Users\elisa\OneDrive\Documents\texas-special-ed-site\districts\brazosport-isd\es\index.html,unchanged,,
C:\Users\elisa\OneDrive\Documents\texas-special-ed-site\districts\brazosport-isd\es\proceso-ard-guia-para-padres.html,unchanged,,
C:\Users\elisa\OneDrive\Documents\texas-special-ed-site\districts\brazosport-isd\es\quejas-y-disputas-educacion-especial.html,unchanged,,
C:\Users\elisa\OneDrive\Documents\texas-special-ed-site\districts\brazosport-isd\evaluation-child-find-brazosport-isd.html,unchanged,,
C:\Users\elisa\OneDrive\Documents\texas-special-ed-site\districts\brazosport-isd\grievance-dispute-resolution-brazosport-isd.html,unchanged,,
C:\Users\elisa\OneDrive\Documents\texas-special-ed-site\districts\brazosport-isd\how-to-request-evaluation.html,unchanged,,
C:\Users\elisa\OneDrive\Documents\texas-special-ed-site\districts\brazosport-isd\index.html,unchanged,,
C:\Users\elisa\OneDrive\Documents\texas-special-ed-site\districts\brazosport-isd\what-is-an-fie-brazosport-isd.html,unchanged,,
C:\Users\elisa\OneDrive\Documents\texas-special-ed-site\districts\brenham-isd\ard-process-guide-brenham-isd.html,unchanged,,
C:\Users\elisa\OneDrive\Documents\texas-special-ed-site\districts\brenham-isd\es\como-solicitar-una-evaluacion-fie-brenham.html,unchanged,,
C:\Users\elisa\OneDrive\Documents\texas-special-ed-site\districts\brenham-isd\es\evaluacion-educacion-especial-child-find.html,unchanged,,
C:\Users\elisa\OneDrive\Documents\texas-special-ed-site\districts\brenham-isd\es\index.html,unchanged,,
C:\Users\elisa\OneDrive\Documents\texas-special-ed-site\districts\brenham-isd\es\proceso-ard-guia-para-padres.html,unchanged,,
C:\Users\elisa\OneDrive\Documents\texas-special-ed-site\districts\brenham-isd\es\quejas-y-disputas-educacion-especial.html,unchanged,,
C:\Users\elisa\OneDrive\Documents\texas-special-ed-site\districts\brenham-isd\evaluation-child-find-brenham-isd.html,unchanged,,
C:\Users\elisa\OneDrive\Documents\texas-special-ed-site\districts\brenham-isd\grievance-dispute-resolution-brenham-isd.html,unchanged,,
C:\Users\elisa\OneDrive\Documents\texas-special-ed-site\districts\brenham-isd\how-to-request-evaluation.html,unchanged,,
C:\Users\elisa\OneDrive\Documents\texas-special-ed-site\districts\brenham-isd\index.html,unchanged,,
C:\Users\elisa\OneDrive\Documents\texas-special-ed-site\districts\brenham-isd\what-is-an-fie-brenham-isd.html,unchanged,,
C:\Users\elisa\OneDrive\Documents\texas-special-ed-site\districts\bridge-city-isd\ard-process-guide-bridge-city-isd.html,unchanged,,
C:\Users\elisa\OneDrive\Documents\texas-special-ed-site\districts\bridge-city-isd\es\como-solicitar-una-evaluacion-fie-bridge-city.html,unchanged,,
C:\Users\elisa\OneDrive\Documents\texas-special-ed-site\districts\bridge-city-isd\es\evaluacion-educacion-especial-child-find.html,unchanged,,
C:\Users\elisa\OneDrive\Documents\texas-special-ed-site\districts\bridge-city-isd\es\index.html,unchanged,,
C:\Users\elisa\OneDrive\Documents\texas-special-ed-site\districts\bridge-city-isd\es\proceso-ard-guia-para-padres.html,unchanged,,
C:\Users\elisa\OneDrive\Documents\texas-special-ed-site\districts\bridge-city-isd\es\quejas-y-disputas-educacion-especial.html,unchanged,,
C:\Users\elisa\OneDrive\Documents\texas-special-ed-site\districts\bridge-city-isd\evaluation-child-find-bridge-city-isd.html,unchanged,,
C:\Users\elisa\OneDrive\Documents\texas-special-ed-site\districts\bridge-city-isd\grievance-dispute-resolution-bridge-city-isd.html,unchanged,,
C:\Users\elisa\OneDrive\Documents\texas-special-ed-site\districts\bridge-city-isd\how-to-request-evaluation.html,unchanged,,
C:\Users\elisa\OneDrive\Documents\texas-special-ed-site\districts\bridge-city-isd\index.html,unchanged,,
C:\Users\elisa\OneDrive\Documents\texas-special-ed-site\districts\bridge-city-isd\what-is-an-fie-bridge-city-isd.html,unchanged,,
C:\Users\elisa\OneDrive\Documents\texas-special-ed-site\districts\brownsboro-isd\ard-process-guide-brownsboro-isd.html,unchanged,,
C:\Users\elisa\OneDrive\Documents\texas-special-ed-site\districts\brownsboro-isd\evaluation-child-find-brownsboro-isd.html,unchanged,,
C:\Users\elisa\OneDrive\Documents\texas-special-ed-site\districts\brownsboro-isd\grievance-dispute-resolution-brownsboro-isd.html,unchanged,,
C:\Users\elisa\OneDrive\Documents\texas-special-ed-site\districts\brownsboro-isd\index.html,unchanged,,
C:\Users\elisa\OneDrive\Documents\texas-special-ed-site\districts\brownsboro-isd\what-is-an-fie-brownsboro-isd.html,unchanged,,
C:\Users\elisa\OneDrive\Documents\texas-special-ed-site\districts\brownsville-isd\ard-process-guide-brownsville-isd.html,unchanged,,
C:\Users\elisa\OneDrive\Documents\texas-special-ed-site\districts\brownsville-isd\es\como-solicitar-una-evaluacion-fie-brownsville.html,unchanged,,
C:\Users\elisa\OneDrive\Documents\texas-special-ed-site\districts\brownsville-isd\es\evaluacion-educacion-especial-child-find.html,unchanged,,
C:\Users\elisa\OneDrive\Documents\texas-special-ed-site\districts\brownsville-isd\es\index.html,unchanged,,
C:\Users\elisa\OneDrive\Documents\texas-special-ed-site\districts\brownsville-isd\es\proceso-ard-guia-para-padres.html,unchanged,,
C:\Users\elisa\OneDrive\Documents\texas-special-ed-site\districts\brownsville-isd\es\quejas-y-disputas-educacion-especial.html,unchanged,,
C:\Users\elisa\OneDrive\Documents\texas-special-ed-site\districts\brownsville-isd\evaluation-child-find-brownsville-isd.html,unchanged,,
C:\Users\elisa\OneDrive\Documents\texas-special-ed-site\districts\brownsville-isd\grievance-dispute-resolution-brownsville-isd.html,unchanged,,
C:\Users\elisa\OneDrive\Documents\texas-special-ed-site\districts\brownsville-isd\how-to-request-evaluation.html,unchanged,,
C:\Users\elisa\OneDrive\Documents\texas-special-ed-site\districts\brownsville-isd\index.html,unchanged,,
C:\Users\elisa\OneDrive\Documents\texas-special-ed-site\districts\brownsville-isd\what-is-an-fie-brownsville-isd.html,unchanged,,
C:\Users\elisa\OneDrive\Documents\texas-special-ed-site\districts\brownwood-isd\ard-process-guide-brownwood-isd.html,unchanged,,
C:\Users\elisa\OneDrive\Documents\texas-special-ed-site\districts\brownwood-isd\es\como-solicitar-una-evaluacion-fie-brownwood.html,unchanged,,
C:\Users\elisa\OneDrive\Documents\texas-special-ed-site\districts\brownwood-isd\es\evaluacion-educacion-especial-child-find.html,unchanged,,
C:\Users\elisa\OneDrive\Documents\texas-special-ed-site\districts\brownwood-isd\es\index.html,unchanged,,
C:\Users\elisa\OneDrive\Documents\texas-special-ed-site\districts\brownwood-isd\es\proceso-ard-guia-para-padres.html,unchanged,,
C:\Users\elisa\OneDrive\Documents\texas-special-ed-site\districts\brownwood-isd\es\quejas-y-disputas-educacion-especial.html,unchanged,,
C:\Users\elisa\OneDrive\Documents\texas-special-ed-site\districts\brownwood-isd\evaluation-child-find-brownwood-isd.html,unchanged,,
C:\Users\elisa\OneDrive\Documents\texas-special-ed-site\districts\brownwood-isd\grievance-dispute-resolution-brownwood-isd.html,unchanged,,
C:\Users\elisa\OneDrive\Documents\texas-special-ed-site\districts\brownwood-isd\how-to-request-evaluation.html,unchanged,,
C:\Users\elisa\OneDrive\Documents\texas-special-ed-site\districts\brownwood-isd\index.html,unchanged,,
C:\Users\elisa\OneDrive\Documents\texas-special-ed-site\districts\brownwood-isd\what-is-an-fie-brownwood-isd.html,unchanged,,
C:\Users\elisa\OneDrive\Documents\texas-special-ed-site\districts\bryan-isd\ard-process-guide.html,fixed,Moved offer [Free ARD Rights Scan] to after paragraph 2,
C:\Users\elisa\OneDrive\Documents\texas-special-ed-site\districts\bryan-isd\dyslexia-services.html,unchanged,,
C:\Users\elisa\OneDrive\Documents\texas-special-ed-site\districts\bryan-isd\evaluation-child-find.html,fixed,Moved offer [Show the ISD You Mean Business] to after paragraph 2,
C:\Users\elisa\OneDrive\Documents\texas-special-ed-site\districts\bryan-isd\grievance-dispute-resolution.html,unchanged,,
C:\Users\elisa\OneDrive\Documents\texas-special-ed-site\districts\bryan-isd\index.html,unchanged,,
C:\Users\elisa\OneDrive\Documents\texas-special-ed-site\districts\bryan-isd\leadership-directory.html,unchanged,,
C:\Users\elisa\OneDrive\Documents\texas-special-ed-site\districts\bryan-isd\partners.html,unchanged,,
C:\Users\elisa\OneDrive\Documents\texas-special-ed-site\districts\bryan-isd\what-is-an-fie-bryan-isd.html,fixed,Moved offer [Show the ISD You Mean Business] to after paragraph 2,
C:\Users\elisa\OneDrive\Documents\texas-special-ed-site\districts\bullard-isd\ard-process-guide-bullard-isd.html,unchanged,,
C:\Users\elisa\OneDrive\Documents\texas-special-ed-site\districts\bullard-isd\evaluation-child-find-bullard-isd.html,unchanged,,
C:\Users\elisa\OneDrive\Documents\texas-special-ed-site\districts\bullard-isd\grievance-dispute-resolution-bullard-isd.html,unchanged,,
C:\Users\elisa\OneDrive\Documents\texas-special-ed-site\districts\bullard-isd\index.html,unchanged,,
C:\Users\elisa\OneDrive\Documents\texas-special-ed-site\districts\bullard-isd\what-is-an-fie-bullard-isd.html,unchanged,,
C:\Users\elisa\OneDrive\Documents\texas-special-ed-site\districts\burkburnett-isd\ard-process-guide-burkburnett-isd.html,unchanged,,
C:\Users\elisa\OneDrive\Documents\texas-special-ed-site\districts\burkburnett-isd\es\como-solicitar-una-evaluacion-fie-burkburnett.html,unchanged,,
C:\Users\elisa\OneDrive\Documents\texas-special-ed-site\districts\burkburnett-isd\es\evaluacion-educacion-especial-child-find.html,unchanged,,
C:\Users\elisa\OneDrive\Documents\texas-special-ed-site\districts\burkburnett-isd\es\index.html,unchanged,,
C:\Users\elisa\OneDrive\Documents\texas-special-ed-site\districts\burkburnett-isd\es\proceso-ard-guia-para-padres.html,unchanged,,
C:\Users\elisa\OneDrive\Documents\texas-special-ed-site\districts\burkburnett-isd\es\quejas-y-disputas-educacion-especial.html,unchanged,,
C:\Users\elisa\OneDrive\Documents\texas-special-ed-site\districts\burkburnett-isd\evaluation-child-find-burkburnett-isd.html,unchanged,,
C:\Users\elisa\OneDrive\Documents\texas-special-ed-site\districts\burkburnett-isd\grievance-dispute-resolution-burkburnett-isd.html,unchanged,,
C:\Users\elisa\OneDrive\Documents\texas-special-ed-site\districts\burkburnett-isd\how-to-request-evaluation.html,unchanged,,
C:\Users\elisa\OneDrive\Documents\texas-special-ed-site\districts\burkburnett-isd\index.html,unchanged,,
C:\Users\elisa\OneDrive\Documents\texas-special-ed-site\districts\burkburnett-isd\what-is-an-fie-burkburnett-isd.html,unchanged,,
C:\Users\elisa\OneDrive\Documents\texas-special-ed-site\districts\burleson-isd\ard-process-guide.html,fixed,Moved offer [Free ARD Rights Scan] to after paragraph 2,
C:\Users\elisa\OneDrive\Documents\texas-special-ed-site\districts\burleson-isd\dyslexia-services.html,unchanged,,
C:\Users\elisa\OneDrive\Documents\texas-special-ed-site\districts\burleson-isd\evaluation-child-find.html,fixed,Moved offer [Show the ISD You Mean Business] to after paragraph 2,
C:\Users\elisa\OneDrive\Documents\texas-special-ed-site\districts\burleson-isd\grievance-dispute-resolution.html,unchanged,,
C:\Users\elisa\OneDrive\Documents\texas-special-ed-site\districts\burleson-isd\index.html,unchanged,,
C:\Users\elisa\OneDrive\Documents\texas-special-ed-site\districts\burleson-isd\leadership-directory.html,unchanged,,
C:\Users\elisa\OneDrive\Documents\texas-special-ed-site\districts\burleson-isd\partners.html,unchanged,,
C:\Users\elisa\OneDrive\Documents\texas-special-ed-site\districts\burleson-isd\what-is-an-fie-burleson-isd.html,fixed,Moved offer [Show the ISD You Mean Business] to after paragraph 2,
C:\Users\elisa\OneDrive\Documents\texas-special-ed-site\districts\burnet-cisd\ard-process-guide-burnet-cisd.html,unchanged,,
C:\Users\elisa\OneDrive\Documents\texas-special-ed-site\districts\burnet-cisd\es\como-solicitar-una-evaluacion-fie-burnet.html,unchanged,,
C:\Users\elisa\OneDrive\Documents\texas-special-ed-site\districts\burnet-cisd\es\evaluacion-educacion-especial-child-find.html,unchanged,,
C:\Users\elisa\OneDrive\Documents\texas-special-ed-site\districts\burnet-cisd\es\index.html,unchanged,,
C:\Users\elisa\OneDrive\Documents\texas-special-ed-site\districts\burnet-cisd\es\proceso-ard-guia-para-padres.html,unchanged,,
C:\Users\elisa\OneDrive\Documents\texas-special-ed-site\districts\burnet-cisd\es\quejas-y-disputas-educacion-especial.html,unchanged,,
C:\Users\elisa\OneDrive\Documents\texas-special-ed-site\districts\burnet-cisd\evaluation-child-find-burnet-cisd.html,unchanged,,
C:\Users\elisa\OneDrive\Documents\texas-special-ed-site\districts\burnet-cisd\grievance-dispute-resolution-burnet-cisd.html,unchanged,,
C:\Users\elisa\OneDrive\Documents\texas-special-ed-site\districts\burnet-cisd\how-to-request-evaluation.html,unchanged,,
C:\Users\elisa\OneDrive\Documents\texas-special-ed-site\districts\burnet-cisd\index.html,unchanged,,
C:\Users\elisa\OneDrive\Documents\texas-special-ed-site\districts\burnet-cisd\what-is-an-fie-burnet-cisd.html,unchanged,,
C:\Users\elisa\OneDrive\Documents\texas-special-ed-site\districts\caddo-mills-isd\ard-process-guide-caddo-mills-isd.html,unchanged,,
C:\Users\elisa\OneDrive\Documents\texas-special-ed-site\districts\caddo-mills-isd\es\como-solicitar-una-evaluacion-fie-caddo-mills.html,unchanged,,
C:\Users\elisa\OneDrive\Documents\texas-special-ed-site\districts\caddo-mills-isd\es\evaluacion-educacion-especial-child-find.html,unchanged,,
C:\Users\elisa\OneDrive\Documents\texas-special-ed-site\districts\caddo-mills-isd\es\index.html,unchanged,,
C:\Users\elisa\OneDrive\Documents\texas-special-ed-site\districts\caddo-mills-isd\es\proceso-ard-guia-para-padres.html,unchanged,,
C:\Users\elisa\OneDrive\Documents\texas-special-ed-site\districts\caddo-mills-isd\es\quejas-y-disputas-educacion-especial.html,unchanged,,
C:\Users\elisa\OneDrive\Documents\texas-special-ed-site\districts\caddo-mills-isd\evaluation-child-find-caddo-mills-isd.html,unchanged,,
C:\Users\elisa\OneDrive\Documents\texas-special-ed-site\districts\caddo-mills-isd\grievance-dispute-resolution-caddo-mills-isd.html,unchanged,,
C:\Users\elisa\OneDrive\Documents\texas-special-ed-site\districts\caddo-mills-isd\how-to-request-evaluation.html,unchanged,,
C:\Users\elisa\OneDrive\Documents\texas-special-ed-site\districts\caddo-mills-isd\index.html,unchanged,,
C:\Users\elisa\OneDrive\Documents\texas-special-ed-site\districts\caddo-mills-isd\what-is-an-fie-caddo-mills-isd.html,unchanged,,
C:\Users\elisa\OneDrive\Documents\texas-special-ed-site\districts\calallen-isd\ard-process-guide-calallen-isd.html,unchanged,,
C:\Users\elisa\OneDrive\Documents\texas-special-ed-site\districts\calallen-isd\es\como-solicitar-una-evaluacion-fie-calallen.html,unchanged,,
C:\Users\elisa\OneDrive\Documents\texas-special-ed-site\districts\calallen-isd\es\evaluacion-educacion-especial-child-find.html,unchanged,,
C:\Users\elisa\OneDrive\Documents\texas-special-ed-site\districts\calallen-isd\es\index.html,unchanged,,
C:\Users\elisa\OneDrive\Documents\texas-special-ed-site\districts\calallen-isd\es\proceso-ard-guia-para-padres.html,unchanged,,
C:\Users\elisa\OneDrive\Documents\texas-special-ed-site\districts\calallen-isd\es\quejas-y-disputas-educacion-especial.html,unchanged,,
C:\Users\elisa\OneDrive\Documents\texas-special-ed-site\districts\calallen-isd\evaluation-child-find-calallen-isd.html,unchanged,,
C:\Users\elisa\OneDrive\Documents\texas-special-ed-site\districts\calallen-isd\grievance-dispute-resolution-calallen-isd.html,unchanged,,
C:\Users\elisa\OneDrive\Documents\texas-special-ed-site\districts\calallen-isd\how-to-request-evaluation.html,unchanged,,
C:\Users\elisa\OneDrive\Documents\texas-special-ed-site\districts\calallen-isd\index.html,unchanged,,
C:\Users\elisa\OneDrive\Documents\texas-special-ed-site\districts\calallen-isd\what-is-an-fie-calallen-isd.html,unchanged,,
C:\Users\elisa\OneDrive\Documents\texas-special-ed-site\districts\calhoun-county-isd\ard-process-guide-calhoun-county-isd.html,unchanged,,
C:\Users\elisa\OneDrive\Documents\texas-special-ed-site\districts\calhoun-county-isd\es\como-solicitar-una-evaluacion-fie-calhoun-county.html,unchanged,,
C:\Users\elisa\OneDrive\Documents\texas-special-ed-site\districts\calhoun-county-isd\es\evaluacion-educacion-especial-child-find.html,unchanged,,
C:\Users\elisa\OneDrive\Documents\texas-special-ed-site\districts\calhoun-county-isd\es\index.html,unchanged,,
C:\Users\elisa\OneDrive\Documents\texas-special-ed-site\districts\calhoun-county-isd\es\proceso-ard-guia-para-padres.html,unchanged,,
C:\Users\elisa\OneDrive\Documents\texas-special-ed-site\districts\calhoun-county-isd\es\quejas-y-disputas-educacion-especial.html,unchanged,,
C:\Users\elisa\OneDrive\Documents\texas-special-ed-site\districts\calhoun-county-isd\evaluation-child-find-calhoun-county-isd.html,unchanged,,
C:\Users\elisa\OneDrive\Documents\texas-special-ed-site\districts\calhoun-county-isd\grievance-dispute-resolution-calhoun-county-isd.html,unchanged,,
C:\Users\elisa\OneDrive\Documents\texas-special-ed-site\districts\calhoun-county-isd\how-to-request-evaluation.html,unchanged,,
C:\Users\elisa\OneDrive\Documents\texas-special-ed-site\districts\calhoun-county-isd\index.html,unchanged,,
C:\Users\elisa\OneDrive\Documents\texas-special-ed-site\districts\calhoun-county-isd\what-is-an-fie-calhoun-county-isd.html,unchanged,,
C:\Users\elisa\OneDrive\Documents\texas-special-ed-site\districts\canutillo-isd\ard-process-guide-canutillo-isd.html,unchanged,,
C:\Users\elisa\OneDrive\Documents\texas-special-ed-site\districts\canutillo-isd\es\como-solicitar-una-evaluacion-fie-canutillo.html,unchanged,,
C:\Users\elisa\OneDrive\Documents\texas-special-ed-site\districts\canutillo-isd\es\evaluacion-educacion-especial-child-find.html,unchanged,,
C:\Users\elisa\OneDrive\Documents\texas-special-ed-site\districts\canutillo-isd\es\index.html,unchanged,,
C:\Users\elisa\OneDrive\Documents\texas-special-ed-site\districts\canutillo-isd\es\proceso-ard-guia-para-padres.html,unchanged,,
C:\Users\elisa\OneDrive\Documents\texas-special-ed-site\districts\canutillo-isd\es\quejas-y-disputas-educacion-especial.html,unchanged,,
C:\Users\elisa\OneDrive\Documents\texas-special-ed-site\districts\canutillo-isd\evaluation-child-find-canutillo-isd.html,unchanged,,
C:\Users\elisa\OneDrive\Documents\texas-special-ed-site\districts\canutillo-isd\grievance-dispute-resolution-canutillo-isd.html,unchanged,,
C:\Users\elisa\OneDrive\Documents\texas-special-ed-site\districts\canutillo-isd\how-to-request-evaluation.html,unchanged,,
C:\Users\elisa\OneDrive\Documents\texas-special-ed-site\districts\canutillo-isd\index.html,unchanged,,
C:\Users\elisa\OneDrive\Documents\texas-special-ed-site\districts\canutillo-isd\what-is-an-fie-canutillo-isd.html,unchanged,,
C:\Users\elisa\OneDrive\Documents\texas-special-ed-site\districts\canyon-isd\ard-process-guide-canyon-isd.html,unchanged,,
C:\Users\elisa\OneDrive\Documents\texas-special-ed-site\districts\canyon-isd\es\como-solicitar-una-evaluacion-fie-canyon.html,unchanged,,
C:\Users\elisa\OneDrive\Documents\texas-special-ed-site\districts\canyon-isd\es\evaluacion-educacion-especial-child-find.html,unchanged,,
C:\Users\elisa\OneDrive\Documents\texas-special-ed-site\districts\canyon-isd\es\index.html,unchanged,,
C:\Users\elisa\OneDrive\Documents\texas-special-ed-site\districts\canyon-isd\es\proceso-ard-guia-para-padres.html,unchanged,,
C:\Users\elisa\OneDrive\Documents\texas-special-ed-site\districts\canyon-isd\es\quejas-y-disputas-educacion-especial.html,unchanged,,
C:\Users\elisa\OneDrive\Documents\texas-special-ed-site\districts\canyon-isd\evaluation-child-find-canyon-isd.html,unchanged,,
C:\Users\elisa\OneDrive\Documents\texas-special-ed-site\districts\canyon-isd\grievance-dispute-resolution-canyon-isd.html,unchanged,,
C:\Users\elisa\OneDrive\Documents\texas-special-ed-site\districts\canyon-isd\how-to-request-evaluation.html,unchanged,,
C:\Users\elisa\OneDrive\Documents\texas-special-ed-site\districts\canyon-isd\index.html,unchanged,,
C:\Users\elisa\OneDrive\Documents\texas-special-ed-site\districts\canyon-isd\what-is-an-fie-canyon-isd.html,unchanged,,
C:\Users\elisa\OneDrive\Documents\texas-special-ed-site\districts\carroll-isd\ard-process-guide-carroll-isd.html,unchanged,,
C:\Users\elisa\OneDrive\Documents\texas-special-ed-site\districts\carroll-isd\es\como-solicitar-una-evaluacion-fie-carroll.html,unchanged,,
C:\Users\elisa\OneDrive\Documents\texas-special-ed-site\districts\carroll-isd\es\evaluacion-educacion-especial-child-find.html,unchanged,,
C:\Users\elisa\OneDrive\Documents\texas-special-ed-site\districts\carroll-isd\es\index.html,unchanged,,
C:\Users\elisa\OneDrive\Documents\texas-special-ed-site\districts\carroll-isd\es\proceso-ard-guia-para-padres.html,unchanged,,
C:\Users\elisa\OneDrive\Documents\texas-special-ed-site\districts\carroll-isd\es\quejas-y-disputas-educacion-especial.html,unchanged,,
C:\Users\elisa\OneDrive\Documents\texas-special-ed-site\districts\carroll-isd\evaluation-child-find-carroll-isd.html,unchanged,,
C:\Users\elisa\OneDrive\Documents\texas-special-ed-site\districts\carroll-isd\grievance-dispute-resolution-carroll-isd.html,unchanged,,
C:\Users\elisa\OneDrive\Documents\texas-special-ed-site\districts\carroll-isd\how-to-request-evaluation.html,unchanged,,
C:\Users\elisa\OneDrive\Documents\texas-special-ed-site\districts\carroll-isd\index.html,unchanged,,
C:\Users\elisa\OneDrive\Documents\texas-special-ed-site\districts\carroll-isd\what-is-an-fie-carroll-isd.html,unchanged,,
C:\Users\elisa\OneDrive\Documents\texas-special-ed-site\districts\carrollton-farmers-branch-isd\ard-process-guide.html,fixed,Moved offer [Free ARD Rights Scan] to after paragraph 2,
C:\Users\elisa\OneDrive\Documents\texas-special-ed-site\districts\carrollton-farmers-branch-isd\dyslexia-services.html,unchanged,,
C:\Users\elisa\OneDrive\Documents\texas-special-ed-site\districts\carrollton-farmers-branch-isd\es\como-solicitar-una-evaluacion-fie-carrollton-farmers-branch-isd.html,unchanged,,
C:\Users\elisa\OneDrive\Documents\texas-special-ed-site\districts\carrollton-farmers-branch-isd\es\guia-proceso-ard.html,unchanged,,
C:\Users\elisa\OneDrive\Documents\texas-special-ed-site\districts\carrollton-farmers-branch-isd\es\index.html,unchanged,,
C:\Users\elisa\OneDrive\Documents\texas-special-ed-site\districts\carrollton-farmers-branch-isd\es\resolucion-disputas.html,unchanged,,
C:\Users\elisa\OneDrive\Documents\texas-special-ed-site\districts\carrollton-farmers-branch-isd\es\servicios-dislexia.html,unchanged,,
C:\Users\elisa\OneDrive\Documents\texas-special-ed-site\districts\carrollton-farmers-branch-isd\es\solicitar-evaluacion.html,unchanged,,
C:\Users\elisa\OneDrive\Documents\texas-special-ed-site\districts\carrollton-farmers-branch-isd\evaluation-child-find.html,fixed,Moved offer [Show the ISD You Mean Business] to after paragraph 2,
C:\Users\elisa\OneDrive\Documents\texas-special-ed-site\districts\carrollton-farmers-branch-isd\grievance-dispute-resolution.html,unchanged,,
C:\Users\elisa\OneDrive\Documents\texas-special-ed-site\districts\carrollton-farmers-branch-isd\index.html,unchanged,,
C:\Users\elisa\OneDrive\Documents\texas-special-ed-site\districts\carrollton-farmers-branch-isd\leadership-directory.html,unchanged,,
C:\Users\elisa\OneDrive\Documents\texas-special-ed-site\districts\carrollton-farmers-branch-isd\partners.html,unchanged,,
C:\Users\elisa\OneDrive\Documents\texas-special-ed-site\districts\carrollton-farmers-branch-isd\what-is-an-fie-carrollton-farmers-branch-isd.html,fixed,Moved offer [Show the ISD You Mean Business] to after paragraph 2,
C:\Users\elisa\OneDrive\Documents\texas-special-ed-site\districts\carthage-isd\ard-process-guide-carthage-isd.html,unchanged,,
C:\Users\elisa\OneDrive\Documents\texas-special-ed-site\districts\carthage-isd\evaluation-child-find-carthage-isd.html,unchanged,,
C:\Users\elisa\OneDrive\Documents\texas-special-ed-site\districts\carthage-isd\grievance-dispute-resolution-carthage-isd.html,unchanged,,
C:\Users\elisa\OneDrive\Documents\texas-special-ed-site\districts\carthage-isd\index.html,unchanged,,
C:\Users\elisa\OneDrive\Documents\texas-special-ed-site\districts\carthage-isd\what-is-an-fie-carthage-isd.html,unchanged,,
C:\Users\elisa\OneDrive\Documents\texas-special-ed-site\districts\castleberry-isd\ard-process-guide-castleberry-isd.html,unchanged,,
C:\Users\elisa\OneDrive\Documents\texas-special-ed-site\districts\castleberry-isd\es\como-solicitar-una-evaluacion-fie-castleberry.html,unchanged,,
C:\Users\elisa\OneDrive\Documents\texas-special-ed-site\districts\castleberry-isd\es\evaluacion-educacion-especial-child-find.html,unchanged,,
C:\Users\elisa\OneDrive\Documents\texas-special-ed-site\districts\castleberry-isd\es\index.html,unchanged,,
C:\Users\elisa\OneDrive\Documents\texas-special-ed-site\districts\castleberry-isd\es\proceso-ard-guia-para-padres.html,unchanged,,
C:\Users\elisa\OneDrive\Documents\texas-special-ed-site\districts\castleberry-isd\es\quejas-y-disputas-educacion-especial.html,unchanged,,
C:\Users\elisa\OneDrive\Documents\texas-special-ed-site\districts\castleberry-isd\evaluation-child-find-castleberry-isd.html,unchanged,,
C:\Users\elisa\OneDrive\Documents\texas-special-ed-site\districts\castleberry-isd\grievance-dispute-resolution-castleberry-isd.html,unchanged,,
C:\Users\elisa\OneDrive\Documents\texas-special-ed-site\districts\castleberry-isd\how-to-request-evaluation.html,unchanged,,
C:\Users\elisa\OneDrive\Documents\texas-special-ed-site\districts\castleberry-isd\index.html,unchanged,,
C:\Users\elisa\OneDrive\Documents\texas-special-ed-site\districts\castleberry-isd\what-is-an-fie-castleberry-isd.html,unchanged,,
C:\Users\elisa\OneDrive\Documents\texas-special-ed-site\districts\cedar-hill-isd\ard-process-guide-cedar-hill-isd.html,unchanged,,
C:\Users\elisa\OneDrive\Documents\texas-special-ed-site\districts\cedar-hill-isd\es\como-solicitar-una-evaluacion-fie-cedar-hill.html,unchanged,,
C:\Users\elisa\OneDrive\Documents\texas-special-ed-site\districts\cedar-hill-isd\es\evaluacion-educacion-especial-child-find.html,unchanged,,
C:\Users\elisa\OneDrive\Documents\texas-special-ed-site\districts\cedar-hill-isd\es\index.html,unchanged,,
C:\Users\elisa\OneDrive\Documents\texas-special-ed-site\districts\cedar-hill-isd\es\proceso-ard-guia-para-padres.html,unchanged,,
C:\Users\elisa\OneDrive\Documents\texas-special-ed-site\districts\cedar-hill-isd\es\quejas-y-disputas-educacion-especial.html,unchanged,,
C:\Users\elisa\OneDrive\Documents\texas-special-ed-site\districts\cedar-hill-isd\evaluation-child-find-cedar-hill-isd.html,unchanged,,
C:\Users\elisa\OneDrive\Documents\texas-special-ed-site\districts\cedar-hill-isd\grievance-dispute-resolution-cedar-hill-isd.html,unchanged,,
C:\Users\elisa\OneDrive\Documents\texas-special-ed-site\districts\cedar-hill-isd\how-to-request-evaluation.html,unchanged,,
C:\Users\elisa\OneDrive\Documents\texas-special-ed-site\districts\cedar-hill-isd\index.html,unchanged,,
C:\Users\elisa\OneDrive\Documents\texas-special-ed-site\districts\cedar-hill-isd\what-is-an-fie-cedar-hill-isd.html,unchanged,,
C:\Users\elisa\OneDrive\Documents\texas-special-ed-site\districts\celina-isd\ard-process-guide-celina-isd.html,unchanged,,
C:\Users\elisa\OneDrive\Documents\texas-special-ed-site\districts\celina-isd\es\como-solicitar-una-evaluacion-fie-celina.html,unchanged,,
C:\Users\elisa\OneDrive\Documents\texas-special-ed-site\districts\celina-isd\es\como-solicitar-una-evaluacion-fie-clint-isd.html,unchanged,,
C:\Users\elisa\OneDrive\Documents\texas-special-ed-site\districts\celina-isd\es\evaluacion-educacion-especial-child-find.html,unchanged,,
C:\Users\elisa\OneDrive\Documents\texas-special-ed-site\districts\celina-isd\es\index.html,unchanged,,
C:\Users\elisa\OneDrive\Documents\texas-special-ed-site\districts\celina-isd\es\proceso-ard-guia-para-padres.html,unchanged,,
C:\Users\elisa\OneDrive\Documents\texas-special-ed-site\districts\celina-isd\es\quejas-y-disputas-educacion-especial.html,unchanged,,
C:\Users\elisa\OneDrive\Documents\texas-special-ed-site\districts\celina-isd\evaluation-child-find-celina-isd.html,unchanged,,
C:\Users\elisa\OneDrive\Documents\texas-special-ed-site\districts\celina-isd\grievance-dispute-resolution-celina-isd.html,unchanged,,
C:\Users\elisa\OneDrive\Documents\texas-special-ed-site\districts\celina-isd\how-to-request-evaluation.html,unchanged,,
C:\Users\elisa\OneDrive\Documents\texas-special-ed-site\districts\celina-isd\index.html,unchanged,,
C:\Users\elisa\OneDrive\Documents\texas-special-ed-site\districts\celina-isd\what-is-an-fie-celina-isd.html,unchanged,,
C:\Users\elisa\OneDrive\Documents\texas-special-ed-site\districts\channelview-isd\ard-process-guide.html,fixed,Moved offer [Free ARD Rights Scan] to after paragraph 2,
C:\Users\elisa\OneDrive\Documents\texas-special-ed-site\districts\channelview-isd\dyslexia-services.html,unchanged,,
C:\Users\elisa\OneDrive\Documents\texas-special-ed-site\districts\channelview-isd\evaluation-child-find.html,fixed,Moved offer [Show the ISD You Mean Business] to after paragraph 2,
C:\Users\elisa\OneDrive\Documents\texas-special-ed-site\districts\channelview-isd\grievance-dispute-resolution.html,unchanged,,
C:\Users\elisa\OneDrive\Documents\texas-special-ed-site\districts\channelview-isd\index.html,unchanged,,
C:\Users\elisa\OneDrive\Documents\texas-special-ed-site\districts\channelview-isd\leadership-directory.html,unchanged,,
C:\Users\elisa\OneDrive\Documents\texas-special-ed-site\districts\channelview-isd\partners.html,unchanged,,
C:\Users\elisa\OneDrive\Documents\texas-special-ed-site\districts\channelview-isd\what-is-an-fie-channelview-isd.html,fixed,Moved offer [Show the ISD You Mean Business] to after paragraph 2,
C:\Users\elisa\OneDrive\Documents\texas-special-ed-site\districts\chapel-hill-isd\ard-process-guide-chapel-hill-isd.html,unchanged,,
C:\Users\elisa\OneDrive\Documents\texas-special-ed-site\districts\chapel-hill-isd\es\como-solicitar-una-evaluacion-fie-chapel-hill.html,unchanged,,
C:\Users\elisa\OneDrive\Documents\texas-special-ed-site\districts\chapel-hill-isd\es\evaluacion-educacion-especial-child-find.html,unchanged,,
C:\Users\elisa\OneDrive\Documents\texas-special-ed-site\districts\chapel-hill-isd\es\index.html,unchanged,,
C:\Users\elisa\OneDrive\Documents\texas-special-ed-site\districts\chapel-hill-isd\es\proceso-ard-guia-para-padres.html,unchanged,,
C:\Users\elisa\OneDrive\Documents\texas-special-ed-site\districts\chapel-hill-isd\es\quejas-y-disputas-educacion-especial.html,unchanged,,
C:\Users\elisa\OneDrive\Documents\texas-special-ed-site\districts\chapel-hill-isd\evaluation-child-find-chapel-hill-isd.html,unchanged,,
C:\Users\elisa\OneDrive\Documents\texas-special-ed-site\districts\chapel-hill-isd\grievance-dispute-resolution-chapel-hill-isd.html,unchanged,,
C:\Users\elisa\OneDrive\Documents\texas-special-ed-site\districts\chapel-hill-isd\how-to-request-evaluation.html,unchanged,,
C:\Users\elisa\OneDrive\Documents\texas-special-ed-site\districts\chapel-hill-isd\index.html,unchanged,,
C:\Users\elisa\OneDrive\Documents\texas-special-ed-site\districts\chapel-hill-isd\what-is-an-fie-chapel-hill-isd.html,unchanged,,
C:\Users\elisa\OneDrive\Documents\texas-special-ed-site\districts\china-spring-isd\ard-process-guide-china-spring-isd.html,unchanged,,
C:\Users\elisa\OneDrive\Documents\texas-special-ed-site\districts\china-spring-isd\es\como-solicitar-una-evaluacion-fie-china-spring.html,unchanged,,
C:\Users\elisa\OneDrive\Documents\texas-special-ed-site\districts\china-spring-isd\es\evaluacion-educacion-especial-child-find.html,unchanged,,
C:\Users\elisa\OneDrive\Documents\texas-special-ed-site\districts\china-spring-isd\es\index.html,unchanged,,
C:\Users\elisa\OneDrive\Documents\texas-special-ed-site\districts\china-spring-isd\es\proceso-ard-guia-para-padres.html,unchanged,,
C:\Users\elisa\OneDrive\Documents\texas-special-ed-site\districts\china-spring-isd\es\quejas-y-disputas-educacion-especial.html,unchanged,,
C:\Users\elisa\OneDrive\Documents\texas-special-ed-site\districts\china-spring-isd\evaluation-child-find-china-spring-isd.html,unchanged,,
C:\Users\elisa\OneDrive\Documents\texas-special-ed-site\districts\china-spring-isd\grievance-dispute-resolution-china-spring-isd.html,unchanged,,
C:\Users\elisa\OneDrive\Documents\texas-special-ed-site\districts\china-spring-isd\how-to-request-evaluation.html,unchanged,,
C:\Users\elisa\OneDrive\Documents\texas-special-ed-site\districts\china-spring-isd\index.html,unchanged,,
C:\Users\elisa\OneDrive\Documents\texas-special-ed-site\districts\china-spring-isd\what-is-an-fie-china-spring-isd.html,unchanged,,
C:\Users\elisa\OneDrive\Documents\texas-special-ed-site\districts\clear-creek-isd\ard-process-guide.html,fixed,Moved offer [Free ARD Rights Scan] to after paragraph 2,
C:\Users\elisa\OneDrive\Documents\texas-special-ed-site\districts\clear-creek-isd\dyslexia-services.html,unchanged,,
C:\Users\elisa\OneDrive\Documents\texas-special-ed-site\districts\clear-creek-isd\evaluation-child-find.html,fixed,Moved offer [Show the ISD You Mean Business] to after paragraph 2,
C:\Users\elisa\OneDrive\Documents\texas-special-ed-site\districts\clear-creek-isd\grievance-dispute-resolution.html,unchanged,,
C:\Users\elisa\OneDrive\Documents\texas-special-ed-site\districts\clear-creek-isd\index.html,unchanged,,
C:\Users\elisa\OneDrive\Documents\texas-special-ed-site\districts\clear-creek-isd\leadership-directory.html,unchanged,,
C:\Users\elisa\OneDrive\Documents\texas-special-ed-site\districts\clear-creek-isd\partners.html,unchanged,,
C:\Users\elisa\OneDrive\Documents\texas-special-ed-site\districts\clear-creek-isd\what-is-an-fie-clear-creek-isd.html,fixed,Moved offer [Show the ISD You Mean Business] to after paragraph 2,
C:\Users\elisa\OneDrive\Documents\texas-special-ed-site\districts\cleburne-isd\ard-process-guide-cleburne-isd.html,unchanged,,
C:\Users\elisa\OneDrive\Documents\texas-special-ed-site\districts\cleburne-isd\es\como-solicitar-una-evaluacion-fie-cleburne.html,unchanged,,
C:\Users\elisa\OneDrive\Documents\texas-special-ed-site\districts\cleburne-isd\es\evaluacion-educacion-especial-child-find.html,unchanged,,
C:\Users\elisa\OneDrive\Documents\texas-special-ed-site\districts\cleburne-isd\es\index.html,unchanged,,
C:\Users\elisa\OneDrive\Documents\texas-special-ed-site\districts\cleburne-isd\es\proceso-ard-guia-para-padres.html,unchanged,,
C:\Users\elisa\OneDrive\Documents\texas-special-ed-site\districts\cleburne-isd\es\quejas-y-disputas-educacion-especial.html,unchanged,,
C:\Users\elisa\OneDrive\Documents\texas-special-ed-site\districts\cleburne-isd\evaluation-child-find-cleburne-isd.html,unchanged,,
C:\Users\elisa\OneDrive\Documents\texas-special-ed-site\districts\cleburne-isd\grievance-dispute-resolution-cleburne-isd.html,unchanged,,
C:\Users\elisa\OneDrive\Documents\texas-special-ed-site\districts\cleburne-isd\how-to-request-evaluation.html,unchanged,,
C:\Users\elisa\OneDrive\Documents\texas-special-ed-site\districts\cleburne-isd\index.html,unchanged,,
C:\Users\elisa\OneDrive\Documents\texas-special-ed-site\districts\cleburne-isd\what-is-an-fie-cleburne-isd.html,unchanged,,
C:\Users\elisa\OneDrive\Documents\texas-special-ed-site\districts\cleveland-isd\ard-process-guide-cleveland-isd.html,unchanged,,
C:\Users\elisa\OneDrive\Documents\texas-special-ed-site\districts\cleveland-isd\es\como-solicitar-una-evaluacion-fie-cleveland.html,unchanged,,
C:\Users\elisa\OneDrive\Documents\texas-special-ed-site\districts\cleveland-isd\es\evaluacion-educacion-especial-child-find.html,unchanged,,
C:\Users\elisa\OneDrive\Documents\texas-special-ed-site\districts\cleveland-isd\es\index.html,unchanged,,
C:\Users\elisa\OneDrive\Documents\texas-special-ed-site\districts\cleveland-isd\es\proceso-ard-guia-para-padres.html,unchanged,,
C:\Users\elisa\OneDrive\Documents\texas-special-ed-site\districts\cleveland-isd\es\quejas-y-disputas-educacion-especial.html,unchanged,,
C:\Users\elisa\OneDrive\Documents\texas-special-ed-site\districts\cleveland-isd\evaluation-child-find-cleveland-isd.html,unchanged,,
C:\Users\elisa\OneDrive\Documents\texas-special-ed-site\districts\cleveland-isd\grievance-dispute-resolution-cleveland-isd.html,unchanged,,
C:\Users\elisa\OneDrive\Documents\texas-special-ed-site\districts\cleveland-isd\how-to-request-evaluation.html,unchanged,,
C:\Users\elisa\OneDrive\Documents\texas-special-ed-site\districts\cleveland-isd\index.html,unchanged,,
C:\Users\elisa\OneDrive\Documents\texas-special-ed-site\districts\cleveland-isd\what-is-an-fie-cleveland-isd.html,unchanged,,
C:\Users\elisa\OneDrive\Documents\texas-special-ed-site\districts\clint-isd\ard-process-guide.html,fixed,Moved offer [Free ARD Rights Scan] to after paragraph 2,
C:\Users\elisa\OneDrive\Documents\texas-special-ed-site\districts\clint-isd\dyslexia-services.html,unchanged,,
C:\Users\elisa\OneDrive\Documents\texas-special-ed-site\districts\clint-isd\evaluation-child-find.html,fixed,Moved offer [Show the ISD You Mean Business] to after paragraph 2,
C:\Users\elisa\OneDrive\Documents\texas-special-ed-site\districts\clint-isd\grievance-dispute-resolution.html,unchanged,,
C:\Users\elisa\OneDrive\Documents\texas-special-ed-site\districts\clint-isd\index.html,unchanged,,
C:\Users\elisa\OneDrive\Documents\texas-special-ed-site\districts\clint-isd\leadership-directory.html,unchanged,,
C:\Users\elisa\OneDrive\Documents\texas-special-ed-site\districts\clint-isd\partners.html,unchanged,,
C:\Users\elisa\OneDrive\Documents\texas-special-ed-site\districts\clint-isd\what-is-an-fie-clint-isd.html,fixed,Moved offer [Show the ISD You Mean Business] to after paragraph 2,
C:\Users\elisa\OneDrive\Documents\texas-special-ed-site\districts\college-station-isd\ard-process-guide.html,fixed,Moved offer [Free ARD Rights Scan] to after paragraph 2,
C:\Users\elisa\OneDrive\Documents\texas-special-ed-site\districts\college-station-isd\dyslexia-services.html,unchanged,,
C:\Users\elisa\OneDrive\Documents\texas-special-ed-site\districts\college-station-isd\evaluation-child-find.html,fixed,Moved offer [Show the ISD You Mean Business] to after paragraph 2,
C:\Users\elisa\OneDrive\Documents\texas-special-ed-site\districts\college-station-isd\grievance-dispute-resolution.html,unchanged,,
C:\Users\elisa\OneDrive\Documents\texas-special-ed-site\districts\college-station-isd\index.html,unchanged,,
C:\Users\elisa\OneDrive\Documents\texas-special-ed-site\districts\college-station-isd\leadership-directory.html,unchanged,,
C:\Users\elisa\OneDrive\Documents\texas-special-ed-site\districts\college-station-isd\partners.html,unchanged,,
C:\Users\elisa\OneDrive\Documents\texas-special-ed-site\districts\college-station-isd\what-is-an-fie-college-station-isd.html,fixed,Moved offer [Show the ISD You Mean Business] to after paragraph 2,
C:\Users\elisa\OneDrive\Documents\texas-special-ed-site\districts\columbia-brazoria-isd\ard-process-guide-columbia-brazoria-isd.html,unchanged,,
C:\Users\elisa\OneDrive\Documents\texas-special-ed-site\districts\columbia-brazoria-isd\evaluation-child-find-columbia-brazoria-isd.html,unchanged,,
C:\Users\elisa\OneDrive\Documents\texas-special-ed-site\districts\columbia-brazoria-isd\grievance-dispute-resolution-columbia-brazoria-isd.html,unchanged,,
C:\Users\elisa\OneDrive\Documents\texas-special-ed-site\districts\columbia-brazoria-isd\index.html,unchanged,,
C:\Users\elisa\OneDrive\Documents\texas-special-ed-site\districts\columbia-brazoria-isd\what-is-an-fie-columbia-brazoria-isd.html,unchanged,,
C:\Users\elisa\OneDrive\Documents\texas-special-ed-site\districts\comal-isd\ard-process-guide.html,fixed,Moved offer [Free ARD Rights Scan] to after paragraph 2,
C:\Users\elisa\OneDrive\Documents\texas-special-ed-site\districts\comal-isd\dyslexia-services.html,unchanged,,
C:\Users\elisa\OneDrive\Documents\texas-special-ed-site\districts\comal-isd\evaluation-child-find.html,fixed,Moved offer [Show the ISD You Mean Business] to after paragraph 2,
C:\Users\elisa\OneDrive\Documents\texas-special-ed-site\districts\comal-isd\grievance-dispute-resolution.html,unchanged,,
C:\Users\elisa\OneDrive\Documents\texas-special-ed-site\districts\comal-isd\index.html,unchanged,,
C:\Users\elisa\OneDrive\Documents\texas-special-ed-site\districts\comal-isd\leadership-directory.html,unchanged,,
C:\Users\elisa\OneDrive\Documents\texas-special-ed-site\districts\comal-isd\partners.html,unchanged,,
C:\Users\elisa\OneDrive\Documents\texas-special-ed-site\districts\comal-isd\what-is-an-fie-comal-isd.html,fixed,Moved offer [Show the ISD You Mean Business] to after paragraph 2,
C:\Users\elisa\OneDrive\Documents\texas-special-ed-site\districts\community-isd\ard-process-guide-community-isd.html,unchanged,,
C:\Users\elisa\OneDrive\Documents\texas-special-ed-site\districts\community-isd\es\como-solicitar-una-evaluacion-fie-community.html,unchanged,,
C:\Users\elisa\OneDrive\Documents\texas-special-ed-site\districts\community-isd\es\evaluacion-educacion-especial-child-find.html,unchanged,,
C:\Users\elisa\OneDrive\Documents\texas-special-ed-site\districts\community-isd\es\index.html,unchanged,,
C:\Users\elisa\OneDrive\Documents\texas-special-ed-site\districts\community-isd\es\proceso-ard-guia-para-padres.html,unchanged,,
C:\Users\elisa\OneDrive\Documents\texas-special-ed-site\districts\community-isd\es\quejas-y-disputas-educacion-especial.html,unchanged,,
C:\Users\elisa\OneDrive\Documents\texas-special-ed-site\districts\community-isd\evaluation-child-find-community-isd.html,unchanged,,
C:\Users\elisa\OneDrive\Documents\texas-special-ed-site\districts\community-isd\grievance-dispute-resolution-community-isd.html,unchanged,,
C:\Users\elisa\OneDrive\Documents\texas-special-ed-site\districts\community-isd\how-to-request-evaluation.html,unchanged,,
C:\Users\elisa\OneDrive\Documents\texas-special-ed-site\districts\community-isd\index.html,unchanged,,
C:\Users\elisa\OneDrive\Documents\texas-special-ed-site\districts\community-isd\what-is-an-fie-community-isd.html,unchanged,,
C:\Users\elisa\OneDrive\Documents\texas-special-ed-site\districts\conroe-isd\ard-process-guide.html,fixed,Moved offer [Free ARD Rights Scan] to after paragraph 2,
C:\Users\elisa\OneDrive\Documents\texas-special-ed-site\districts\conroe-isd\dyslexia-services.html,unchanged,,
C:\Users\elisa\OneDrive\Documents\texas-special-ed-site\districts\conroe-isd\evaluation-child-find.html,fixed,Moved offer [Show the ISD You Mean Business] to after paragraph 2,
C:\Users\elisa\OneDrive\Documents\texas-special-ed-site\districts\conroe-isd\grievance-dispute-resolution.html,unchanged,,
C:\Users\elisa\OneDrive\Documents\texas-special-ed-site\districts\conroe-isd\index.html,unchanged,,
C:\Users\elisa\OneDrive\Documents\texas-special-ed-site\districts\conroe-isd\leadership-directory.html,unchanged,,
C:\Users\elisa\OneDrive\Documents\texas-special-ed-site\districts\conroe-isd\partners.html,unchanged,,
C:\Users\elisa\OneDrive\Documents\texas-special-ed-site\districts\conroe-isd\what-is-an-fie-conroe-isd.html,fixed,Moved offer [Show the ISD You Mean Business] to after paragraph 2,
C:\Users\elisa\OneDrive\Documents\texas-special-ed-site\districts\coppell-isd\ard-process-guide.html,fixed,Moved offer [Free ARD Rights Scan] to after paragraph 2,
C:\Users\elisa\OneDrive\Documents\texas-special-ed-site\districts\coppell-isd\dyslexia-services.html,unchanged,,
C:\Users\elisa\OneDrive\Documents\texas-special-ed-site\districts\coppell-isd\evaluation-child-find.html,fixed,Moved offer [Show the ISD You Mean Business] to after paragraph 2,
C:\Users\elisa\OneDrive\Documents\texas-special-ed-site\districts\coppell-isd\grievance-dispute-resolution.html,unchanged,,
C:\Users\elisa\OneDrive\Documents\texas-special-ed-site\districts\coppell-isd\index.html,unchanged,,
C:\Users\elisa\OneDrive\Documents\texas-special-ed-site\districts\coppell-isd\leadership-directory.html,unchanged,,
C:\Users\elisa\OneDrive\Documents\texas-special-ed-site\districts\coppell-isd\partners.html,unchanged,,
C:\Users\elisa\OneDrive\Documents\texas-special-ed-site\districts\coppell-isd\what-is-an-fie-coppell-isd.html,fixed,Moved offer [Show the ISD You Mean Business] to after paragraph 2,
C:\Users\elisa\OneDrive\Documents\texas-special-ed-site\districts\copperas-cove-isd\ard-process-guide.html,fixed,Moved offer [Free ARD Rights Scan] to after paragraph 2,
C:\Users\elisa\OneDrive\Documents\texas-special-ed-site\districts\copperas-cove-isd\dyslexia-services.html,unchanged,,
C:\Users\elisa\OneDrive\Documents\texas-special-ed-site\districts\copperas-cove-isd\evaluation-child-find.html,fixed,Moved offer [Show the ISD You Mean Business] to after paragraph 2,
C:\Users\elisa\OneDrive\Documents\texas-special-ed-site\districts\copperas-cove-isd\grievance-dispute-resolution.html,unchanged,,
C:\Users\elisa\OneDrive\Documents\texas-special-ed-site\districts\copperas-cove-isd\index.html,unchanged,,
C:\Users\elisa\OneDrive\Documents\texas-special-ed-site\districts\copperas-cove-isd\leadership-directory.html,unchanged,,
C:\Users\elisa\OneDrive\Documents\texas-special-ed-site\districts\copperas-cove-isd\partners.html,unchanged,,
C:\Users\elisa\OneDrive\Documents\texas-special-ed-site\districts\copperas-cove-isd\what-is-an-fie-copperas-cove-isd.html,fixed,Moved offer [Show the ISD You Mean Business] to after paragraph 2,
C:\Users\elisa\OneDrive\Documents\texas-special-ed-site\districts\corpus-christi-isd\ard-process-guide.html,fixed,Moved offer [Free ARD Rights Scan] to after paragraph 2,
C:\Users\elisa\OneDrive\Documents\texas-special-ed-site\districts\corpus-christi-isd\dyslexia-services.html,unchanged,,
C:\Users\elisa\OneDrive\Documents\texas-special-ed-site\districts\corpus-christi-isd\evaluation-child-find.html,fixed,Moved offer [Show the ISD You Mean Business] to after paragraph 2,
C:\Users\elisa\OneDrive\Documents\texas-special-ed-site\districts\corpus-christi-isd\grievance-dispute-resolution.html,unchanged,,
C:\Users\elisa\OneDrive\Documents\texas-special-ed-site\districts\corpus-christi-isd\index.html,unchanged,,
C:\Users\elisa\OneDrive\Documents\texas-special-ed-site\districts\corpus-christi-isd\leadership-directory.html,unchanged,,
C:\Users\elisa\OneDrive\Documents\texas-special-ed-site\districts\corpus-christi-isd\partners.html,unchanged,,
C:\Users\elisa\OneDrive\Documents\texas-special-ed-site\districts\corpus-christi-isd\what-is-an-fie-corpus-christi-isd.html,fixed,Moved offer [Show the ISD You Mean Business] to after paragraph 2,
C:\Users\elisa\OneDrive\Documents\texas-special-ed-site\districts\corsicana-isd\ard-process-guide-corsicana-isd.html,unchanged,,
C:\Users\elisa\OneDrive\Documents\texas-special-ed-site\districts\corsicana-isd\es\como-solicitar-una-evaluacion-fie-corsicana.html,unchanged,,
C:\Users\elisa\OneDrive\Documents\texas-special-ed-site\districts\corsicana-isd\es\evaluacion-educacion-especial-child-find.html,unchanged,,
C:\Users\elisa\OneDrive\Documents\texas-special-ed-site\districts\corsicana-isd\es\index.html,unchanged,,
C:\Users\elisa\OneDrive\Documents\texas-special-ed-site\districts\corsicana-isd\es\proceso-ard-guia-para-padres.html,unchanged,,
C:\Users\elisa\OneDrive\Documents\texas-special-ed-site\districts\corsicana-isd\es\quejas-y-disputas-educacion-especial.html,unchanged,,
C:\Users\elisa\OneDrive\Documents\texas-special-ed-site\districts\corsicana-isd\evaluation-child-find-corsicana-isd.html,unchanged,,
C:\Users\elisa\OneDrive\Documents\texas-special-ed-site\districts\corsicana-isd\grievance-dispute-resolution-corsicana-isd.html,unchanged,,
C:\Users\elisa\OneDrive\Documents\texas-special-ed-site\districts\corsicana-isd\how-to-request-evaluation.html,unchanged,,
C:\Users\elisa\OneDrive\Documents\texas-special-ed-site\districts\corsicana-isd\index.html,unchanged,,
C:\Users\elisa\OneDrive\Documents\texas-special-ed-site\districts\corsicana-isd\what-is-an-fie-corsicana-isd.html,unchanged,,
C:\Users\elisa\OneDrive\Documents\texas-special-ed-site\districts\crandall-isd\ard-process-guide-crandall-isd.html,unchanged,,
C:\Users\elisa\OneDrive\Documents\texas-special-ed-site\districts\crandall-isd\es\como-solicitar-una-evaluacion-fie-crandall.html,unchanged,,
C:\Users\elisa\OneDrive\Documents\texas-special-ed-site\districts\crandall-isd\es\evaluacion-educacion-especial-child-find.html,unchanged,,
C:\Users\elisa\OneDrive\Documents\texas-special-ed-site\districts\crandall-isd\es\index.html,unchanged,,
C:\Users\elisa\OneDrive\Documents\texas-special-ed-site\districts\crandall-isd\es\proceso-ard-guia-para-padres.html,unchanged,,
C:\Users\elisa\OneDrive\Documents\texas-special-ed-site\districts\crandall-isd\es\quejas-y-disputas-educacion-especial.html,unchanged,,
C:\Users\elisa\OneDrive\Documents\texas-special-ed-site\districts\crandall-isd\evaluation-child-find-crandall-isd.html,unchanged,,
C:\Users\elisa\OneDrive\Documents\texas-special-ed-site\districts\crandall-isd\grievance-dispute-resolution-crandall-isd.html,unchanged,,
C:\Users\elisa\OneDrive\Documents\texas-special-ed-site\districts\crandall-isd\how-to-request-evaluation.html,unchanged,,
C:\Users\elisa\OneDrive\Documents\texas-special-ed-site\districts\crandall-isd\index.html,unchanged,,
C:\Users\elisa\OneDrive\Documents\texas-special-ed-site\districts\crandall-isd\what-is-an-fie-crandall-isd.html,unchanged,,
C:\Users\elisa\OneDrive\Documents\texas-special-ed-site\districts\crosby-isd\ard-process-guide.html,fixed,Moved offer [Free ARD Rights Scan] to after paragraph 2,
C:\Users\elisa\OneDrive\Documents\texas-special-ed-site\districts\crosby-isd\dyslexia-services.html,unchanged,,
C:\Users\elisa\OneDrive\Documents\texas-special-ed-site\districts\crosby-isd\evaluation-child-find.html,fixed,Moved offer [Show the ISD You Mean Business] to after paragraph 2,
C:\Users\elisa\OneDrive\Documents\texas-special-ed-site\districts\crosby-isd\grievance-dispute-resolution.html,unchanged,,
C:\Users\elisa\OneDrive\Documents\texas-special-ed-site\districts\crosby-isd\index.html,unchanged,,
C:\Users\elisa\OneDrive\Documents\texas-special-ed-site\districts\crosby-isd\leadership-directory.html,unchanged,,
C:\Users\elisa\OneDrive\Documents\texas-special-ed-site\districts\crosby-isd\partners.html,unchanged,,
C:\Users\elisa\OneDrive\Documents\texas-special-ed-site\districts\crosby-isd\what-is-an-fie-crosby-isd.html,fixed,Moved offer [Show the ISD You Mean Business] to after paragraph 2,
C:\Users\elisa\OneDrive\Documents\texas-special-ed-site\districts\crowley-isd\ard-process-guide.html,fixed,Moved offer [Free ARD Rights Scan] to after paragraph 2,
C:\Users\elisa\OneDrive\Documents\texas-special-ed-site\districts\crowley-isd\dyslexia-services.html,unchanged,,
C:\Users\elisa\OneDrive\Documents\texas-special-ed-site\districts\crowley-isd\es\como-solicitar-una-evaluacion-fie-crowley-isd.html,unchanged,,
C:\Users\elisa\OneDrive\Documents\texas-special-ed-site\districts\crowley-isd\es\guia-proceso-ard.html,unchanged,,
C:\Users\elisa\OneDrive\Documents\texas-special-ed-site\districts\crowley-isd\es\index.html,unchanged,,
C:\Users\elisa\OneDrive\Documents\texas-special-ed-site\districts\crowley-isd\es\resolucion-disputas.html,unchanged,,
C:\Users\elisa\OneDrive\Documents\texas-special-ed-site\districts\crowley-isd\es\servicios-dislexia.html,unchanged,,
C:\Users\elisa\OneDrive\Documents\texas-special-ed-site\districts\crowley-isd\es\solicitar-evaluacion.html,unchanged,,
C:\Users\elisa\OneDrive\Documents\texas-special-ed-site\districts\crowley-isd\evaluation-child-find.html,fixed,Moved offer [Show the ISD You Mean Business] to after paragraph 2,
C:\Users\elisa\OneDrive\Documents\texas-special-ed-site\districts\crowley-isd\grievance-dispute-resolution.html,unchanged,,
C:\Users\elisa\OneDrive\Documents\texas-special-ed-site\districts\crowley-isd\index.html,unchanged,,
C:\Users\elisa\OneDrive\Documents\texas-special-ed-site\districts\crowley-isd\leadership-directory.html,unchanged,,
C:\Users\elisa\OneDrive\Documents\texas-special-ed-site\districts\crowley-isd\partners.html,unchanged,,
C:\Users\elisa\OneDrive\Documents\texas-special-ed-site\districts\crowley-isd\what-is-an-fie-crowley-isd.html,fixed,Moved offer [Show the ISD You Mean Business] to after paragraph 2,
C:\Users\elisa\OneDrive\Documents\texas-special-ed-site\districts\cypress-fairbanks-isd\ard-process-guide.html,fixed,Moved offer [Free ARD Rights Scan] to after paragraph 2,
C:\Users\elisa\OneDrive\Documents\texas-special-ed-site\districts\cypress-fairbanks-isd\dyslexia-services.html,unchanged,,
C:\Users\elisa\OneDrive\Documents\texas-special-ed-site\districts\cypress-fairbanks-isd\evaluation-child-find.html,fixed,Moved offer [Show the ISD You Mean Business] to after paragraph 2,
C:\Users\elisa\OneDrive\Documents\texas-special-ed-site\districts\cypress-fairbanks-isd\grievance-dispute-resolution.html,unchanged,,
C:\Users\elisa\OneDrive\Documents\texas-special-ed-site\districts\cypress-fairbanks-isd\index.html,unchanged,,
C:\Users\elisa\OneDrive\Documents\texas-special-ed-site\districts\cypress-fairbanks-isd\leadership-directory.html,unchanged,,
C:\Users\elisa\OneDrive\Documents\texas-special-ed-site\districts\cypress-fairbanks-isd\partners.html,unchanged,,
C:\Users\elisa\OneDrive\Documents\texas-special-ed-site\districts\cypress-fairbanks-isd\what-is-an-fie-cypress-fairbanks-isd.html,unchanged,,
C:\Users\elisa\OneDrive\Documents\texas-special-ed-site\districts\dallas-isd\ard-process-guide.html,fixed,Moved offer [Free ARD Rights Scan] to after paragraph 2,
C:\Users\elisa\OneDrive\Documents\texas-special-ed-site\districts\dallas-isd\dyslexia-services.html,unchanged,,
C:\Users\elisa\OneDrive\Documents\texas-special-ed-site\districts\dallas-isd\es\como-solicitar-una-evaluacion-fie-dallas-isd.html,unchanged,,
C:\Users\elisa\OneDrive\Documents\texas-special-ed-site\districts\dallas-isd\es\guia-proceso-ard.html,unchanged,,
C:\Users\elisa\OneDrive\Documents\texas-special-ed-site\districts\dallas-isd\es\index.html,unchanged,,
C:\Users\elisa\OneDrive\Documents\texas-special-ed-site\districts\dallas-isd\es\resolucion-disputas.html,unchanged,,
C:\Users\elisa\OneDrive\Documents\texas-special-ed-site\districts\dallas-isd\es\servicios-dislexia.html,unchanged,,
C:\Users\elisa\OneDrive\Documents\texas-special-ed-site\districts\dallas-isd\es\solicitar-evaluacion.html,unchanged,,
C:\Users\elisa\OneDrive\Documents\texas-special-ed-site\districts\dallas-isd\evaluation-child-find.html,fixed,Moved offer [Show the ISD You Mean Business] to after paragraph 2,
C:\Users\elisa\OneDrive\Documents\texas-special-ed-site\districts\dallas-isd\grievance-dispute-resolution.html,unchanged,,
C:\Users\elisa\OneDrive\Documents\texas-special-ed-site\districts\dallas-isd\index.html,unchanged,,
C:\Users\elisa\OneDrive\Documents\texas-special-ed-site\districts\dallas-isd\leadership-directory.html,unchanged,,
C:\Users\elisa\OneDrive\Documents\texas-special-ed-site\districts\dallas-isd\partners.html,unchanged,,
C:\Users\elisa\OneDrive\Documents\texas-special-ed-site\districts\dallas-isd\what-is-an-fie-dallas-isd.html,fixed,Moved offer [Show the ISD You Mean Business] to after paragraph 2,
C:\Users\elisa\OneDrive\Documents\texas-special-ed-site\districts\dayton-isd\ard-process-guide-dayton-isd.html,unchanged,,
C:\Users\elisa\OneDrive\Documents\texas-special-ed-site\districts\dayton-isd\es\como-solicitar-una-evaluacion-fie-dayton.html,unchanged,,
C:\Users\elisa\OneDrive\Documents\texas-special-ed-site\districts\dayton-isd\es\evaluacion-educacion-especial-child-find.html,unchanged,,
C:\Users\elisa\OneDrive\Documents\texas-special-ed-site\districts\dayton-isd\es\index.html,unchanged,,
C:\Users\elisa\OneDrive\Documents\texas-special-ed-site\districts\dayton-isd\es\proceso-ard-guia-para-padres.html,unchanged,,
C:\Users\elisa\OneDrive\Documents\texas-special-ed-site\districts\dayton-isd\es\quejas-y-disputas-educacion-especial.html,unchanged,,
C:\Users\elisa\OneDrive\Documents\texas-special-ed-site\districts\dayton-isd\evaluation-child-find-dayton-isd.html,unchanged,,
C:\Users\elisa\OneDrive\Documents\texas-special-ed-site\districts\dayton-isd\grievance-dispute-resolution-dayton-isd.html,unchanged,,
C:\Users\elisa\OneDrive\Documents\texas-special-ed-site\districts\dayton-isd\how-to-request-evaluation.html,unchanged,,
C:\Users\elisa\OneDrive\Documents\texas-special-ed-site\districts\dayton-isd\index.html,unchanged,,
C:\Users\elisa\OneDrive\Documents\texas-special-ed-site\districts\dayton-isd\what-is-an-fie-dayton-isd.html,unchanged,,
C:\Users\elisa\OneDrive\Documents\texas-special-ed-site\districts\decatur-isd\ard-process-guide-decatur-isd.html,unchanged,,
C:\Users\elisa\OneDrive\Documents\texas-special-ed-site\districts\decatur-isd\es\como-solicitar-una-evaluacion-fie-decatur.html,unchanged,,
C:\Users\elisa\OneDrive\Documents\texas-special-ed-site\districts\decatur-isd\es\evaluacion-educacion-especial-child-find.html,unchanged,,
C:\Users\elisa\OneDrive\Documents\texas-special-ed-site\districts\decatur-isd\es\index.html,unchanged,,
C:\Users\elisa\OneDrive\Documents\texas-special-ed-site\districts\decatur-isd\es\proceso-ard-guia-para-padres.html,unchanged,,
C:\Users\elisa\OneDrive\Documents\texas-special-ed-site\districts\decatur-isd\es\quejas-y-disputas-educacion-especial.html,unchanged,,
C:\Users\elisa\OneDrive\Documents\texas-special-ed-site\districts\decatur-isd\evaluation-child-find-decatur-isd.html,unchanged,,
C:\Users\elisa\OneDrive\Documents\texas-special-ed-site\districts\decatur-isd\grievance-dispute-resolution-decatur-isd.html,unchanged,,
C:\Users\elisa\OneDrive\Documents\texas-special-ed-site\districts\decatur-isd\how-to-request-evaluation.html,unchanged,,
C:\Users\elisa\OneDrive\Documents\texas-special-ed-site\districts\decatur-isd\index.html,unchanged,,
C:\Users\elisa\OneDrive\Documents\texas-special-ed-site\districts\decatur-isd\what-is-an-fie-decatur-isd.html,unchanged,,
C:\Users\elisa\OneDrive\Documents\texas-special-ed-site\districts\deer-park-isd\ard-process-guide-deer-park-isd.html,unchanged,,
C:\Users\elisa\OneDrive\Documents\texas-special-ed-site\districts\deer-park-isd\es\como-solicitar-una-evaluacion-fie-deer-park.html,unchanged,,
C:\Users\elisa\OneDrive\Documents\texas-special-ed-site\districts\deer-park-isd\es\evaluacion-educacion-especial-child-find.html,unchanged,,
C:\Users\elisa\OneDrive\Documents\texas-special-ed-site\districts\deer-park-isd\es\index.html,unchanged,,
C:\Users\elisa\OneDrive\Documents\texas-special-ed-site\districts\deer-park-isd\es\proceso-ard-guia-para-padres.html,unchanged,,
C:\Users\elisa\OneDrive\Documents\texas-special-ed-site\districts\deer-park-isd\es\quejas-y-disputas-educacion-especial.html,unchanged,,
C:\Users\elisa\OneDrive\Documents\texas-special-ed-site\districts\deer-park-isd\evaluation-child-find-deer-park-isd.html,unchanged,,
C:\Users\elisa\OneDrive\Documents\texas-special-ed-site\districts\deer-park-isd\grievance-dispute-resolution-deer-park-isd.html,unchanged,,
C:\Users\elisa\OneDrive\Documents\texas-special-ed-site\districts\deer-park-isd\how-to-request-evaluation.html,unchanged,,
C:\Users\elisa\OneDrive\Documents\texas-special-ed-site\districts\deer-park-isd\index.html,unchanged,,
C:\Users\elisa\OneDrive\Documents\texas-special-ed-site\districts\deer-park-isd\what-is-an-fie-deer-park-isd.html,unchanged,,
C:\Users\elisa\OneDrive\Documents\texas-special-ed-site\districts\del-valle-isd\ard-process-guide.html,fixed,Moved offer [Free ARD Rights Scan] to after paragraph 2,
C:\Users\elisa\OneDrive\Documents\texas-special-ed-site\districts\del-valle-isd\dyslexia-services.html,unchanged,,
C:\Users\elisa\OneDrive\Documents\texas-special-ed-site\districts\del-valle-isd\evaluation-child-find.html,fixed,Moved offer [Show the ISD You Mean Business] to after paragraph 2,
C:\Users\elisa\OneDrive\Documents\texas-special-ed-site\districts\del-valle-isd\grievance-dispute-resolution.html,unchanged,,
C:\Users\elisa\OneDrive\Documents\texas-special-ed-site\districts\del-valle-isd\index.html,unchanged,,
C:\Users\elisa\OneDrive\Documents\texas-special-ed-site\districts\del-valle-isd\leadership-directory.html,unchanged,,
C:\Users\elisa\OneDrive\Documents\texas-special-ed-site\districts\del-valle-isd\partners.html,unchanged,,
C:\Users\elisa\OneDrive\Documents\texas-special-ed-site\districts\del-valle-isd\what-is-an-fie-del-valle-isd.html,fixed,Moved offer [Show the ISD You Mean Business] to after paragraph 2,
C:\Users\elisa\OneDrive\Documents\texas-special-ed-site\districts\denison-isd\ard-process-guide-denison-isd.html,unchanged,,
C:\Users\elisa\OneDrive\Documents\texas-special-ed-site\districts\denison-isd\es\como-solicitar-una-evaluacion-fie-denison.html,unchanged,,
C:\Users\elisa\OneDrive\Documents\texas-special-ed-site\districts\denison-isd\es\como-solicitar-una-evaluacion-fie-denton-isd.html,unchanged,,
C:\Users\elisa\OneDrive\Documents\texas-special-ed-site\districts\denison-isd\es\evaluacion-educacion-especial-child-find.html,unchanged,,
C:\Users\elisa\OneDrive\Documents\texas-special-ed-site\districts\denison-isd\es\index.html,unchanged,,
C:\Users\elisa\OneDrive\Documents\texas-special-ed-site\districts\denison-isd\es\proceso-ard-guia-para-padres.html,unchanged,,
C:\Users\elisa\OneDrive\Documents\texas-special-ed-site\districts\denison-isd\es\quejas-y-disputas-educacion-especial.html,unchanged,,
C:\Users\elisa\OneDrive\Documents\texas-special-ed-site\districts\denison-isd\evaluation-child-find-denison-isd.html,unchanged,,
C:\Users\elisa\OneDrive\Documents\texas-special-ed-site\districts\denison-isd\grievance-dispute-resolution-denison-isd.html,unchanged,,
C:\Users\elisa\OneDrive\Documents\texas-special-ed-site\districts\denison-isd\how-to-request-evaluation.html,unchanged,,
C:\Users\elisa\OneDrive\Documents\texas-special-ed-site\districts\denison-isd\index.html,unchanged,,
C:\Users\elisa\OneDrive\Documents\texas-special-ed-site\districts\denison-isd\what-is-an-fie-denison-isd.html,unchanged,,
C:\Users\elisa\OneDrive\Documents\texas-special-ed-site\districts\denton-isd\ard-process-guide.html,fixed,Moved offer [Free ARD Rights Scan] to after paragraph 2,
C:\Users\elisa\OneDrive\Documents\texas-special-ed-site\districts\denton-isd\dyslexia-services.html,unchanged,,
C:\Users\elisa\OneDrive\Documents\texas-special-ed-site\districts\denton-isd\evaluation-child-find.html,fixed,Moved offer [Show the ISD You Mean Business] to after paragraph 2,
C:\Users\elisa\OneDrive\Documents\texas-special-ed-site\districts\denton-isd\grievance-dispute-resolution.html,unchanged,,
C:\Users\elisa\OneDrive\Documents\texas-special-ed-site\districts\denton-isd\index.html,unchanged,,
C:\Users\elisa\OneDrive\Documents\texas-special-ed-site\districts\denton-isd\leadership-directory.html,unchanged,,
C:\Users\elisa\OneDrive\Documents\texas-special-ed-site\districts\denton-isd\partners.html,unchanged,,
C:\Users\elisa\OneDrive\Documents\texas-special-ed-site\districts\denton-isd\what-is-an-fie-denton-isd.html,fixed,Moved offer [Show the ISD You Mean Business] to after paragraph 2,
C:\Users\elisa\OneDrive\Documents\texas-special-ed-site\districts\desoto-isd\ard-process-guide-desoto-isd.html,unchanged,,
C:\Users\elisa\OneDrive\Documents\texas-special-ed-site\districts\desoto-isd\es\como-solicitar-una-evaluacion-fie-desoto.html,unchanged,,
C:\Users\elisa\OneDrive\Documents\texas-special-ed-site\districts\desoto-isd\es\evaluacion-educacion-especial-child-find.html,unchanged,,
C:\Users\elisa\OneDrive\Documents\texas-special-ed-site\districts\desoto-isd\es\index.html,unchanged,,
C:\Users\elisa\OneDrive\Documents\texas-special-ed-site\districts\desoto-isd\es\proceso-ard-guia-para-padres.html,unchanged,,
C:\Users\elisa\OneDrive\Documents\texas-special-ed-site\districts\desoto-isd\es\quejas-y-disputas-educacion-especial.html,unchanged,,
C:\Users\elisa\OneDrive\Documents\texas-special-ed-site\districts\desoto-isd\evaluation-child-find-desoto-isd.html,unchanged,,
C:\Users\elisa\OneDrive\Documents\texas-special-ed-site\districts\desoto-isd\grievance-dispute-resolution-desoto-isd.html,unchanged,,
C:\Users\elisa\OneDrive\Documents\texas-special-ed-site\districts\desoto-isd\how-to-request-evaluation.html,unchanged,,
C:\Users\elisa\OneDrive\Documents\texas-special-ed-site\districts\desoto-isd\index.html,unchanged,,
C:\Users\elisa\OneDrive\Documents\texas-special-ed-site\districts\desoto-isd\what-is-an-fie-desoto-isd.html,unchanged,,
C:\Users\elisa\OneDrive\Documents\texas-special-ed-site\districts\dickinson-isd\ard-process-guide.html,fixed,Moved offer [Free ARD Rights Scan] to after paragraph 2,
C:\Users\elisa\OneDrive\Documents\texas-special-ed-site\districts\dickinson-isd\dyslexia-services.html,unchanged,,
C:\Users\elisa\OneDrive\Documents\texas-special-ed-site\districts\dickinson-isd\evaluation-child-find.html,fixed,Moved offer [Show the ISD You Mean Business] to after paragraph 2,
C:\Users\elisa\OneDrive\Documents\texas-special-ed-site\districts\dickinson-isd\grievance-dispute-resolution.html,unchanged,,
C:\Users\elisa\OneDrive\Documents\texas-special-ed-site\districts\dickinson-isd\index.html,unchanged,,
C:\Users\elisa\OneDrive\Documents\texas-special-ed-site\districts\dickinson-isd\leadership-directory.html,unchanged,,
C:\Users\elisa\OneDrive\Documents\texas-special-ed-site\districts\dickinson-isd\partners.html,unchanged,,
C:\Users\elisa\OneDrive\Documents\texas-special-ed-site\districts\dickinson-isd\what-is-an-fie-dickinson-isd.html,fixed,Moved offer [Show the ISD You Mean Business] to after paragraph 2,
C:\Users\elisa\OneDrive\Documents\texas-special-ed-site\districts\donna-isd\ard-process-guide.html,fixed,Moved offer [Free ARD Rights Scan] to after paragraph 2,
C:\Users\elisa\OneDrive\Documents\texas-special-ed-site\districts\donna-isd\dyslexia-services.html,unchanged,,
C:\Users\elisa\OneDrive\Documents\texas-special-ed-site\districts\donna-isd\es\como-solicitar-una-evaluacion-fie-donna-isd.html,unchanged,,
C:\Users\elisa\OneDrive\Documents\texas-special-ed-site\districts\donna-isd\es\guia-proceso-ard.html,unchanged,,
C:\Users\elisa\OneDrive\Documents\texas-special-ed-site\districts\donna-isd\es\index.html,unchanged,,
C:\Users\elisa\OneDrive\Documents\texas-special-ed-site\districts\donna-isd\es\resolucion-disputas.html,unchanged,,
C:\Users\elisa\OneDrive\Documents\texas-special-ed-site\districts\donna-isd\es\servicios-dislexia.html,unchanged,,
C:\Users\elisa\OneDrive\Documents\texas-special-ed-site\districts\donna-isd\es\solicitar-evaluacion.html,unchanged,,
C:\Users\elisa\OneDrive\Documents\texas-special-ed-site\districts\donna-isd\evaluation-child-find.html,fixed,Moved offer [Show the ISD You Mean Business] to after paragraph 2,
C:\Users\elisa\OneDrive\Documents\texas-special-ed-site\districts\donna-isd\grievance-dispute-resolution.html,unchanged,,
C:\Users\elisa\OneDrive\Documents\texas-special-ed-site\districts\donna-isd\index.html,unchanged,,
C:\Users\elisa\OneDrive\Documents\texas-special-ed-site\districts\donna-isd\leadership-directory.html,unchanged,,
C:\Users\elisa\OneDrive\Documents\texas-special-ed-site\districts\donna-isd\partners.html,unchanged,,
C:\Users\elisa\OneDrive\Documents\texas-special-ed-site\districts\donna-isd\what-is-an-fie-donna-isd.html,fixed,Moved offer [Show the ISD You Mean Business] to after paragraph 2,
C:\Users\elisa\OneDrive\Documents\texas-special-ed-site\districts\dripping-springs-isd\ard-process-guide-dripping-springs-isd.html,unchanged,,
C:\Users\elisa\OneDrive\Documents\texas-special-ed-site\districts\dripping-springs-isd\es\como-solicitar-una-evaluacion-fie-dripping-springs.html,unchanged,,
C:\Users\elisa\OneDrive\Documents\texas-special-ed-site\districts\dripping-springs-isd\es\evaluacion-educacion-especial-child-find.html,unchanged,,
C:\Users\elisa\OneDrive\Documents\texas-special-ed-site\districts\dripping-springs-isd\es\index.html,unchanged,,
C:\Users\elisa\OneDrive\Documents\texas-special-ed-site\districts\dripping-springs-isd\es\proceso-ard-guia-para-padres.html,unchanged,,
C:\Users\elisa\OneDrive\Documents\texas-special-ed-site\districts\dripping-springs-isd\es\quejas-y-disputas-educacion-especial.html,unchanged,,
C:\Users\elisa\OneDrive\Documents\texas-special-ed-site\districts\dripping-springs-isd\evaluation-child-find-dripping-springs-isd.html,unchanged,,
C:\Users\elisa\OneDrive\Documents\texas-special-ed-site\districts\dripping-springs-isd\grievance-dispute-resolution-dripping-springs-isd.html,unchanged,,
C:\Users\elisa\OneDrive\Documents\texas-special-ed-site\districts\dripping-springs-isd\how-to-request-evaluation.html,unchanged,,
C:\Users\elisa\OneDrive\Documents\texas-special-ed-site\districts\dripping-springs-isd\index.html,unchanged,,
C:\Users\elisa\OneDrive\Documents\texas-special-ed-site\districts\dripping-springs-isd\what-is-an-fie-dripping-springs-isd.html,unchanged,,
C:\Users\elisa\OneDrive\Documents\texas-special-ed-site\districts\dumas-isd\ard-process-guide-dumas-isd.html,unchanged,,
C:\Users\elisa\OneDrive\Documents\texas-special-ed-site\districts\dumas-isd\es\como-solicitar-una-evaluacion-fie-dumas.html,unchanged,,
C:\Users\elisa\OneDrive\Documents\texas-special-ed-site\districts\dumas-isd\es\evaluacion-educacion-especial-child-find.html,unchanged,,
C:\Users\elisa\OneDrive\Documents\texas-special-ed-site\districts\dumas-isd\es\index.html,unchanged,,
C:\Users\elisa\OneDrive\Documents\texas-special-ed-site\districts\dumas-isd\es\proceso-ard-guia-para-padres.html,unchanged,,
C:\Users\elisa\OneDrive\Documents\texas-special-ed-site\districts\dumas-isd\es\quejas-y-disputas-educacion-especial.html,unchanged,,
C:\Users\elisa\OneDrive\Documents\texas-special-ed-site\districts\dumas-isd\evaluation-child-find-dumas-isd.html,unchanged,,
C:\Users\elisa\OneDrive\Documents\texas-special-ed-site\districts\dumas-isd\grievance-dispute-resolution-dumas-isd.html,unchanged,,
C:\Users\elisa\OneDrive\Documents\texas-special-ed-site\districts\dumas-isd\how-to-request-evaluation.html,unchanged,,
C:\Users\elisa\OneDrive\Documents\texas-special-ed-site\districts\dumas-isd\index.html,unchanged,,
C:\Users\elisa\OneDrive\Documents\texas-special-ed-site\districts\dumas-isd\what-is-an-fie-dumas-isd.html,unchanged,,
C:\Users\elisa\OneDrive\Documents\texas-special-ed-site\districts\duncanville-isd\ard-process-guide-duncanville-isd.html,unchanged,,
C:\Users\elisa\OneDrive\Documents\texas-special-ed-site\districts\duncanville-isd\es\guia-proceso-ard.html,unchanged,,
C:\Users\elisa\OneDrive\Documents\texas-special-ed-site\districts\duncanville-isd\es\index.html,unchanged,,
C:\Users\elisa\OneDrive\Documents\texas-special-ed-site\districts\duncanville-isd\es\resolucion-disputas.html,unchanged,,
C:\Users\elisa\OneDrive\Documents\texas-special-ed-site\districts\duncanville-isd\es\servicios-dislexia.html,unchanged,,
C:\Users\elisa\OneDrive\Documents\texas-special-ed-site\districts\duncanville-isd\es\solicitar-evaluacion.html,unchanged,,
C:\Users\elisa\OneDrive\Documents\texas-special-ed-site\districts\duncanville-isd\evaluation-child-find-duncanville-isd.html,unchanged,,
C:\Users\elisa\OneDrive\Documents\texas-special-ed-site\districts\duncanville-isd\grievance-dispute-resolution-duncanville-isd.html,unchanged,,
C:\Users\elisa\OneDrive\Documents\texas-special-ed-site\districts\duncanville-isd\how-to-request-evaluation.html,unchanged,,
C:\Users\elisa\OneDrive\Documents\texas-special-ed-site\districts\duncanville-isd\index.html,unchanged,,
C:\Users\elisa\OneDrive\Documents\texas-special-ed-site\districts\duncanville-isd\what-is-an-fie-duncanville-isd.html,unchanged,,
C:\Users\elisa\OneDrive\Documents\texas-special-ed-site\districts\eagle-mountain-saginaw-isd\ard-process-guide.html,fixed,Moved offer [Free ARD Rights Scan] to after paragraph 2,
C:\Users\elisa\OneDrive\Documents\texas-special-ed-site\districts\eagle-mountain-saginaw-isd\dyslexia-services.html,unchanged,,
C:\Users\elisa\OneDrive\Documents\texas-special-ed-site\districts\eagle-mountain-saginaw-isd\evaluation-child-find.html,fixed,Moved offer [Show the ISD You Mean Business] to after paragraph 2,
C:\Users\elisa\OneDrive\Documents\texas-special-ed-site\districts\eagle-mountain-saginaw-isd\grievance-dispute-resolution.html,unchanged,,
C:\Users\elisa\OneDrive\Documents\texas-special-ed-site\districts\eagle-mountain-saginaw-isd\index.html,unchanged,,
C:\Users\elisa\OneDrive\Documents\texas-special-ed-site\districts\eagle-mountain-saginaw-isd\leadership-directory.html,unchanged,,
C:\Users\elisa\OneDrive\Documents\texas-special-ed-site\districts\eagle-mountain-saginaw-isd\partners.html,unchanged,,
C:\Users\elisa\OneDrive\Documents\texas-special-ed-site\districts\eagle-mountain-saginaw-isd\what-is-an-fie-eagle-mountain-saginaw-isd.html,fixed,Moved offer [Show the ISD You Mean Business] to after paragraph 2,
C:\Users\elisa\OneDrive\Documents\texas-special-ed-site\districts\eagle-pass-isd\ard-process-guide-eagle-pass-isd.html,unchanged,,
C:\Users\elisa\OneDrive\Documents\texas-special-ed-site\districts\eagle-pass-isd\es\como-solicitar-una-evaluacion-fie-eagle-pass.html,unchanged,,
C:\Users\elisa\OneDrive\Documents\texas-special-ed-site\districts\eagle-pass-isd\es\como-solicitar-una-evaluacion-fie-el-paso-isd.html,unchanged,,
C:\Users\elisa\OneDrive\Documents\texas-special-ed-site\districts\eagle-pass-isd\es\evaluacion-educacion-especial-child-find.html,unchanged,,
C:\Users\elisa\OneDrive\Documents\texas-special-ed-site\districts\eagle-pass-isd\es\index.html,unchanged,,
C:\Users\elisa\OneDrive\Documents\texas-special-ed-site\districts\eagle-pass-isd\es\proceso-ard-guia-para-padres.html,unchanged,,
C:\Users\elisa\OneDrive\Documents\texas-special-ed-site\districts\eagle-pass-isd\es\quejas-y-disputas-educacion-especial.html,unchanged,,
C:\Users\elisa\OneDrive\Documents\texas-special-ed-site\districts\eagle-pass-isd\evaluation-child-find-eagle-pass-isd.html,unchanged,,
C:\Users\elisa\OneDrive\Documents\texas-special-ed-site\districts\eagle-pass-isd\grievance-dispute-resolution-eagle-pass-isd.html,unchanged,,
C:\Users\elisa\OneDrive\Documents\texas-special-ed-site\districts\eagle-pass-isd\how-to-request-evaluation.html,unchanged,,
C:\Users\elisa\OneDrive\Documents\texas-special-ed-site\districts\eagle-pass-isd\index.html,unchanged,,
C:\Users\elisa\OneDrive\Documents\texas-special-ed-site\districts\eagle-pass-isd\what-is-an-fie-eagle-pass-isd.html,unchanged,,
C:\Users\elisa\OneDrive\Documents\texas-special-ed-site\districts\eanes-isd\ard-process-guide.html,fixed,Moved offer [Free ARD Rights Scan] to after paragraph 2,
C:\Users\elisa\OneDrive\Documents\texas-special-ed-site\districts\eanes-isd\dyslexia-services.html,unchanged,,
C:\Users\elisa\OneDrive\Documents\texas-special-ed-site\districts\eanes-isd\evaluation-child-find.html,fixed,Moved offer [Show the ISD You Mean Business] to after paragraph 2,
C:\Users\elisa\OneDrive\Documents\texas-special-ed-site\districts\eanes-isd\grievance-dispute-resolution.html,unchanged,,
C:\Users\elisa\OneDrive\Documents\texas-special-ed-site\districts\eanes-isd\index.html,unchanged,,
C:\Users\elisa\OneDrive\Documents\texas-special-ed-site\districts\eanes-isd\leadership-directory.html,unchanged,,
C:\Users\elisa\OneDrive\Documents\texas-special-ed-site\districts\eanes-isd\partners.html,unchanged,,
C:\Users\elisa\OneDrive\Documents\texas-special-ed-site\districts\eanes-isd\what-is-an-fie-eanes-isd.html,fixed,Moved offer [Show the ISD You Mean Business] to after paragraph 2,
C:\Users\elisa\OneDrive\Documents\texas-special-ed-site\districts\east-central-isd\ard-process-guide.html,fixed,Moved offer [Free ARD Rights Scan] to after paragraph 2,
C:\Users\elisa\OneDrive\Documents\texas-special-ed-site\districts\east-central-isd\dyslexia-services.html,unchanged,,
C:\Users\elisa\OneDrive\Documents\texas-special-ed-site\districts\east-central-isd\evaluation-child-find.html,fixed,Moved offer [Show the ISD You Mean Business] to after paragraph 2,
C:\Users\elisa\OneDrive\Documents\texas-special-ed-site\districts\east-central-isd\grievance-dispute-resolution.html,unchanged,,
C:\Users\elisa\OneDrive\Documents\texas-special-ed-site\districts\east-central-isd\index.html,unchanged,,
C:\Users\elisa\OneDrive\Documents\texas-special-ed-site\districts\east-central-isd\leadership-directory.html,unchanged,,
C:\Users\elisa\OneDrive\Documents\texas-special-ed-site\districts\east-central-isd\partners.html,unchanged,,
C:\Users\elisa\OneDrive\Documents\texas-special-ed-site\districts\east-central-isd\what-is-an-fie-east-central-isd.html,fixed,Moved offer [Show the ISD You Mean Business] to after paragraph 2,
C:\Users\elisa\OneDrive\Documents\texas-special-ed-site\districts\ector-county-isd\ard-process-guide.html,fixed,Moved offer [Free ARD Rights Scan] to after paragraph 2,
C:\Users\elisa\OneDrive\Documents\texas-special-ed-site\districts\ector-county-isd\dyslexia-services.html,unchanged,,
C:\Users\elisa\OneDrive\Documents\texas-special-ed-site\districts\ector-county-isd\evaluation-child-find.html,fixed,Moved offer [Show the ISD You Mean Business] to after paragraph 2,
C:\Users\elisa\OneDrive\Documents\texas-special-ed-site\districts\ector-county-isd\grievance-dispute-resolution.html,unchanged,,
C:\Users\elisa\OneDrive\Documents\texas-special-ed-site\districts\ector-county-isd\index.html,unchanged,,
C:\Users\elisa\OneDrive\Documents\texas-special-ed-site\districts\ector-county-isd\leadership-directory.html,unchanged,,
C:\Users\elisa\OneDrive\Documents\texas-special-ed-site\districts\ector-county-isd\partners.html,unchanged,,
C:\Users\elisa\OneDrive\Documents\texas-special-ed-site\districts\ector-county-isd\what-is-an-fie-ector-county-isd.html,fixed,Moved offer [Show the ISD You Mean Business] to after paragraph 2,
C:\Users\elisa\OneDrive\Documents\texas-special-ed-site\districts\edcouch-elsa-isd\ard-process-guide-edcouch-elsa-isd.html,unchanged,,
C:\Users\elisa\OneDrive\Documents\texas-special-ed-site\districts\edcouch-elsa-isd\es\como-solicitar-una-evaluacion-fie-edcouch-elsa.html,unchanged,,
C:\Users\elisa\OneDrive\Documents\texas-special-ed-site\districts\edcouch-elsa-isd\es\evaluacion-educacion-especial-child-find.html,unchanged,,
C:\Users\elisa\OneDrive\Documents\texas-special-ed-site\districts\edcouch-elsa-isd\es\index.html,unchanged,,
C:\Users\elisa\OneDrive\Documents\texas-special-ed-site\districts\edcouch-elsa-isd\es\proceso-ard-guia-para-padres.html,unchanged,,
C:\Users\elisa\OneDrive\Documents\texas-special-ed-site\districts\edcouch-elsa-isd\es\quejas-y-disputas-educacion-especial.html,unchanged,,
C:\Users\elisa\OneDrive\Documents\texas-special-ed-site\districts\edcouch-elsa-isd\evaluation-child-find-edcouch-elsa-isd.html,unchanged,,
C:\Users\elisa\OneDrive\Documents\texas-special-ed-site\districts\edcouch-elsa-isd\grievance-dispute-resolution-edcouch-elsa-isd.html,unchanged,,
C:\Users\elisa\OneDrive\Documents\texas-special-ed-site\districts\edcouch-elsa-isd\how-to-request-evaluation.html,unchanged,,
C:\Users\elisa\OneDrive\Documents\texas-special-ed-site\districts\edcouch-elsa-isd\index.html,unchanged,,
C:\Users\elisa\OneDrive\Documents\texas-special-ed-site\districts\edcouch-elsa-isd\what-is-an-fie-edcouch-elsa-isd.html,unchanged,,
C:\Users\elisa\OneDrive\Documents\texas-special-ed-site\districts\edgewood-isd\ard-process-guide-edgewood-isd.html,unchanged,,
C:\Users\elisa\OneDrive\Documents\texas-special-ed-site\districts\edgewood-isd\es\como-solicitar-una-evaluacion-fie-edgewood.html,unchanged,,
C:\Users\elisa\OneDrive\Documents\texas-special-ed-site\districts\edgewood-isd\es\evaluacion-educacion-especial-child-find.html,unchanged,,
C:\Users\elisa\OneDrive\Documents\texas-special-ed-site\districts\edgewood-isd\es\index.html,unchanged,,
C:\Users\elisa\OneDrive\Documents\texas-special-ed-site\districts\edgewood-isd\es\proceso-ard-guia-para-padres.html,unchanged,,
C:\Users\elisa\OneDrive\Documents\texas-special-ed-site\districts\edgewood-isd\es\quejas-y-disputas-educacion-especial.html,unchanged,,
C:\Users\elisa\OneDrive\Documents\texas-special-ed-site\districts\edgewood-isd\evaluation-child-find-edgewood-isd.html,unchanged,,
C:\Users\elisa\OneDrive\Documents\texas-special-ed-site\districts\edgewood-isd\grievance-dispute-resolution-edgewood-isd.html,unchanged,,
C:\Users\elisa\OneDrive\Documents\texas-special-ed-site\districts\edgewood-isd\how-to-request-evaluation.html,unchanged,,
C:\Users\elisa\OneDrive\Documents\texas-special-ed-site\districts\edgewood-isd\index.html,unchanged,,
C:\Users\elisa\OneDrive\Documents\texas-special-ed-site\districts\edgewood-isd\what-is-an-fie-edgewood-isd.html,unchanged,,
C:\Users\elisa\OneDrive\Documents\texas-special-ed-site\districts\edinburg-cisd\ard-process-guide.html,fixed,Moved offer [Free ARD Rights Scan] to after paragraph 2,
C:\Users\elisa\OneDrive\Documents\texas-special-ed-site\districts\edinburg-cisd\dyslexia-services.html,unchanged,,
C:\Users\elisa\OneDrive\Documents\texas-special-ed-site\districts\edinburg-cisd\es\como-solicitar-una-evaluacion-fie-edinburg-cisd.html,unchanged,,
C:\Users\elisa\OneDrive\Documents\texas-special-ed-site\districts\edinburg-cisd\es\guia-proceso-ard.html,unchanged,,
C:\Users\elisa\OneDrive\Documents\texas-special-ed-site\districts\edinburg-cisd\es\index.html,unchanged,,
C:\Users\elisa\OneDrive\Documents\texas-special-ed-site\districts\edinburg-cisd\es\resolucion-disputas.html,unchanged,,
C:\Users\elisa\OneDrive\Documents\texas-special-ed-site\districts\edinburg-cisd\es\servicios-dislexia.html,unchanged,,
C:\Users\elisa\OneDrive\Documents\texas-special-ed-site\districts\edinburg-cisd\es\solicitar-evaluacion.html,unchanged,,
C:\Users\elisa\OneDrive\Documents\texas-special-ed-site\districts\edinburg-cisd\evaluation-child-find.html,fixed,Moved offer [Show the ISD You Mean Business] to after paragraph 2,
C:\Users\elisa\OneDrive\Documents\texas-special-ed-site\districts\edinburg-cisd\grievance-dispute-resolution.html,unchanged,,
C:\Users\elisa\OneDrive\Documents\texas-special-ed-site\districts\edinburg-cisd\index.html,unchanged,,
C:\Users\elisa\OneDrive\Documents\texas-special-ed-site\districts\edinburg-cisd\leadership-directory.html,unchanged,,
C:\Users\elisa\OneDrive\Documents\texas-special-ed-site\districts\edinburg-cisd\partners.html,unchanged,,
C:\Users\elisa\OneDrive\Documents\texas-special-ed-site\districts\edinburg-cisd\what-is-an-fie-edinburg-cisd.html,fixed,Moved offer [Show the ISD You Mean Business] to after paragraph 2,
C:\Users\elisa\OneDrive\Documents\texas-special-ed-site\districts\el-campo-isd\ard-process-guide-el-campo-isd.html,unchanged,,
C:\Users\elisa\OneDrive\Documents\texas-special-ed-site\districts\el-campo-isd\es\como-solicitar-una-evaluacion-fie-el-campo.html,unchanged,,
C:\Users\elisa\OneDrive\Documents\texas-special-ed-site\districts\el-campo-isd\es\evaluacion-educacion-especial-child-find.html,unchanged,,
C:\Users\elisa\OneDrive\Documents\texas-special-ed-site\districts\el-campo-isd\es\index.html,unchanged,,
C:\Users\elisa\OneDrive\Documents\texas-special-ed-site\districts\el-campo-isd\es\proceso-ard-guia-para-padres.html,unchanged,,
C:\Users\elisa\OneDrive\Documents\texas-special-ed-site\districts\el-campo-isd\es\quejas-y-disputas-educacion-especial.html,unchanged,,
C:\Users\elisa\OneDrive\Documents\texas-special-ed-site\districts\el-campo-isd\evaluation-child-find-el-campo-isd.html,unchanged,,
C:\Users\elisa\OneDrive\Documents\texas-special-ed-site\districts\el-campo-isd\grievance-dispute-resolution-el-campo-isd.html,unchanged,,
C:\Users\elisa\OneDrive\Documents\texas-special-ed-site\districts\el-campo-isd\how-to-request-evaluation.html,unchanged,,
C:\Users\elisa\OneDrive\Documents\texas-special-ed-site\districts\el-campo-isd\index.html,unchanged,,
C:\Users\elisa\OneDrive\Documents\texas-special-ed-site\districts\el-campo-isd\what-is-an-fie-el-campo-isd.html,unchanged,,
C:\Users\elisa\OneDrive\Documents\texas-special-ed-site\districts\el-paso-isd\ard-process-guide.html,fixed,Moved offer [Free ARD Rights Scan] to after paragraph 2,
C:\Users\elisa\OneDrive\Documents\texas-special-ed-site\districts\el-paso-isd\dyslexia-services.html,unchanged,,
C:\Users\elisa\OneDrive\Documents\texas-special-ed-site\districts\el-paso-isd\evaluation-child-find.html,fixed,Moved offer [Show the ISD You Mean Business] to after paragraph 2,
C:\Users\elisa\OneDrive\Documents\texas-special-ed-site\districts\el-paso-isd\grievance-dispute-resolution.html,unchanged,,
C:\Users\elisa\OneDrive\Documents\texas-special-ed-site\districts\el-paso-isd\index.html,unchanged,,
C:\Users\elisa\OneDrive\Documents\texas-special-ed-site\districts\el-paso-isd\leadership-directory.html,unchanged,,
C:\Users\elisa\OneDrive\Documents\texas-special-ed-site\districts\el-paso-isd\partners.html,unchanged,,
C:\Users\elisa\OneDrive\Documents\texas-special-ed-site\districts\el-paso-isd\what-is-an-fie-el-paso-isd.html,fixed,Moved offer [Show the ISD You Mean Business] to after paragraph 2,
C:\Users\elisa\OneDrive\Documents\texas-special-ed-site\districts\elgin-isd\ard-process-guide-elgin-isd.html,unchanged,,
C:\Users\elisa\OneDrive\Documents\texas-special-ed-site\districts\elgin-isd\es\como-solicitar-una-evaluacion-fie-elgin.html,unchanged,,
C:\Users\elisa\OneDrive\Documents\texas-special-ed-site\districts\elgin-isd\es\como-solicitar-una-evaluacion-fie-klein-isd-texas.html,unchanged,,
C:\Users\elisa\OneDrive\Documents\texas-special-ed-site\districts\elgin-isd\es\como-solicitar-una-evaluacion-fie-seguin-isd.html,unchanged,,
C:\Users\elisa\OneDrive\Documents\texas-special-ed-site\districts\elgin-isd\es\evaluacion-educacion-especial-child-find.html,unchanged,,
C:\Users\elisa\OneDrive\Documents\texas-special-ed-site\districts\elgin-isd\es\index.html,unchanged,,
C:\Users\elisa\OneDrive\Documents\texas-special-ed-site\districts\elgin-isd\es\proceso-ard-guia-para-padres.html,unchanged,,
C:\Users\elisa\OneDrive\Documents\texas-special-ed-site\districts\elgin-isd\es\quejas-y-disputas-educacion-especial.html,unchanged,,
C:\Users\elisa\OneDrive\Documents\texas-special-ed-site\districts\elgin-isd\evaluation-child-find-elgin-isd.html,unchanged,,
C:\Users\elisa\OneDrive\Documents\texas-special-ed-site\districts\elgin-isd\grievance-dispute-resolution-elgin-isd.html,unchanged,,
C:\Users\elisa\OneDrive\Documents\texas-special-ed-site\districts\elgin-isd\how-to-request-evaluation.html,unchanged,,
C:\Users\elisa\OneDrive\Documents\texas-special-ed-site\districts\elgin-isd\index.html,unchanged,,
C:\Users\elisa\OneDrive\Documents\texas-special-ed-site\districts\elgin-isd\what-is-an-fie-elgin-isd.html,unchanged,,
C:\Users\elisa\OneDrive\Documents\texas-special-ed-site\districts\ennis-isd\ard-process-guide-ennis-isd.html,unchanged,,
C:\Users\elisa\OneDrive\Documents\texas-special-ed-site\districts\ennis-isd\es\como-solicitar-una-evaluacion-fie-ennis.html,unchanged,,
C:\Users\elisa\OneDrive\Documents\texas-special-ed-site\districts\ennis-isd\es\evaluacion-educacion-especial-child-find.html,unchanged,,
C:\Users\elisa\OneDrive\Documents\texas-special-ed-site\districts\ennis-isd\es\index.html,unchanged,,
C:\Users\elisa\OneDrive\Documents\texas-special-ed-site\districts\ennis-isd\es\proceso-ard-guia-para-padres.html,unchanged,,
C:\Users\elisa\OneDrive\Documents\texas-special-ed-site\districts\ennis-isd\es\quejas-y-disputas-educacion-especial.html,unchanged,,
C:\Users\elisa\OneDrive\Documents\texas-special-ed-site\districts\ennis-isd\evaluation-child-find-ennis-isd.html,unchanged,,
C:\Users\elisa\OneDrive\Documents\texas-special-ed-site\districts\ennis-isd\grievance-dispute-resolution-ennis-isd.html,unchanged,,
C:\Users\elisa\OneDrive\Documents\texas-special-ed-site\districts\ennis-isd\how-to-request-evaluation.html,unchanged,,
C:\Users\elisa\OneDrive\Documents\texas-special-ed-site\districts\ennis-isd\index.html,unchanged,,
C:\Users\elisa\OneDrive\Documents\texas-special-ed-site\districts\ennis-isd\what-is-an-fie-ennis-isd.html,unchanged,,
C:\Users\elisa\OneDrive\Documents\texas-special-ed-site\districts\es-index.html,unchanged,,
C:\Users\elisa\OneDrive\Documents\texas-special-ed-site\districts\everman-isd\ard-process-guide-everman-isd.html,unchanged,,
C:\Users\elisa\OneDrive\Documents\texas-special-ed-site\districts\everman-isd\es\como-solicitar-una-evaluacion-fie-everman.html,unchanged,,
C:\Users\elisa\OneDrive\Documents\texas-special-ed-site\districts\everman-isd\es\como-solicitar-una-evaluacion-fie-sherman-isd.html,unchanged,,
C:\Users\elisa\OneDrive\Documents\texas-special-ed-site\districts\everman-isd\es\evaluacion-educacion-especial-child-find.html,unchanged,,
C:\Users\elisa\OneDrive\Documents\texas-special-ed-site\districts\everman-isd\es\index.html,unchanged,,
C:\Users\elisa\OneDrive\Documents\texas-special-ed-site\districts\everman-isd\es\proceso-ard-guia-para-padres.html,unchanged,,
C:\Users\elisa\OneDrive\Documents\texas-special-ed-site\districts\everman-isd\es\quejas-y-disputas-educacion-especial.html,unchanged,,
C:\Users\elisa\OneDrive\Documents\texas-special-ed-site\districts\everman-isd\evaluation-child-find-everman-isd.html,unchanged,,
C:\Users\elisa\OneDrive\Documents\texas-special-ed-site\districts\everman-isd\grievance-dispute-resolution-everman-isd.html,unchanged,,
C:\Users\elisa\OneDrive\Documents\texas-special-ed-site\districts\everman-isd\how-to-request-evaluation.html,unchanged,,
C:\Users\elisa\OneDrive\Documents\texas-special-ed-site\districts\everman-isd\index.html,unchanged,,
C:\Users\elisa\OneDrive\Documents\texas-special-ed-site\districts\everman-isd\what-is-an-fie-everman-isd.html,unchanged,,
C:\Users\elisa\OneDrive\Documents\texas-special-ed-site\districts\farmersville-isd\ard-process-guide-farmersville-isd.html,unchanged,,
C:\Users\elisa\OneDrive\Documents\texas-special-ed-site\districts\farmersville-isd\evaluation-child-find-farmersville-isd.html,unchanged,,
C:\Users\elisa\OneDrive\Documents\texas-special-ed-site\districts\farmersville-isd\grievance-dispute-resolution-farmersville-isd.html,unchanged,,
C:\Users\elisa\OneDrive\Documents\texas-special-ed-site\districts\farmersville-isd\index.html,unchanged,,
C:\Users\elisa\OneDrive\Documents\texas-special-ed-site\districts\farmersville-isd\what-is-an-fie-farmersville-isd.html,unchanged,,
C:\Users\elisa\OneDrive\Documents\texas-special-ed-site\districts\ferris-isd\ard-process-guide-ferris-isd.html,unchanged,,
C:\Users\elisa\OneDrive\Documents\texas-special-ed-site\districts\ferris-isd\es\como-solicitar-una-evaluacion-fie-ferris.html,unchanged,,
C:\Users\elisa\OneDrive\Documents\texas-special-ed-site\districts\ferris-isd\es\como-solicitar-una-evaluacion-fie-frisco-isd-texas.html,unchanged,,
C:\Users\elisa\OneDrive\Documents\texas-special-ed-site\districts\ferris-isd\es\evaluacion-educacion-especial-child-find.html,unchanged,,
C:\Users\elisa\OneDrive\Documents\texas-special-ed-site\districts\ferris-isd\es\index.html,unchanged,,
C:\Users\elisa\OneDrive\Documents\texas-special-ed-site\districts\ferris-isd\es\proceso-ard-guia-para-padres.html,unchanged,,
C:\Users\elisa\OneDrive\Documents\texas-special-ed-site\districts\ferris-isd\es\quejas-y-disputas-educacion-especial.html,unchanged,,
C:\Users\elisa\OneDrive\Documents\texas-special-ed-site\districts\ferris-isd\evaluation-child-find-ferris-isd.html,unchanged,,
C:\Users\elisa\OneDrive\Documents\texas-special-ed-site\districts\ferris-isd\grievance-dispute-resolution-ferris-isd.html,unchanged,,
C:\Users\elisa\OneDrive\Documents\texas-special-ed-site\districts\ferris-isd\how-to-request-evaluation.html,unchanged,,
C:\Users\elisa\OneDrive\Documents\texas-special-ed-site\districts\ferris-isd\index.html,unchanged,,
C:\Users\elisa\OneDrive\Documents\texas-special-ed-site\districts\ferris-isd\what-is-an-fie-ferris-isd.html,unchanged,,
C:\Users\elisa\OneDrive\Documents\texas-special-ed-site\districts\floresville-isd\ard-process-guide-floresville-isd.html,unchanged,,
C:\Users\elisa\OneDrive\Documents\texas-special-ed-site\districts\floresville-isd\es\como-solicitar-una-evaluacion-fie-floresville.html,unchanged,,
C:\Users\elisa\OneDrive\Documents\texas-special-ed-site\districts\floresville-isd\es\como-solicitar-una-evaluacion-fie-lewisville-isd-texas.html,unchanged,,
C:\Users\elisa\OneDrive\Documents\texas-special-ed-site\districts\floresville-isd\es\como-solicitar-una-evaluacion-fie-pflugerville-isd.html,unchanged,,
C:\Users\elisa\OneDrive\Documents\texas-special-ed-site\districts\floresville-isd\es\evaluacion-educacion-especial-child-find.html,unchanged,,
C:\Users\elisa\OneDrive\Documents\texas-special-ed-site\districts\floresville-isd\es\index.html,unchanged,,
C:\Users\elisa\OneDrive\Documents\texas-special-ed-site\districts\floresville-isd\es\proceso-ard-guia-para-padres.html,unchanged,,
C:\Users\elisa\OneDrive\Documents\texas-special-ed-site\districts\floresville-isd\es\quejas-y-disputas-educacion-especial.html,unchanged,,
C:\Users\elisa\OneDrive\Documents\texas-special-ed-site\districts\floresville-isd\evaluation-child-find-floresville-isd.html,unchanged,,
C:\Users\elisa\OneDrive\Documents\texas-special-ed-site\districts\floresville-isd\grievance-dispute-resolution-floresville-isd.html,unchanged,,
C:\Users\elisa\OneDrive\Documents\texas-special-ed-site\districts\floresville-isd\how-to-request-evaluation.html,unchanged,,
C:\Users\elisa\OneDrive\Documents\texas-special-ed-site\districts\floresville-isd\index.html,unchanged,,
C:\Users\elisa\OneDrive\Documents\texas-special-ed-site\districts\floresville-isd\what-is-an-fie-floresville-isd.html,unchanged,,
C:\Users\elisa\OneDrive\Documents\texas-special-ed-site\districts\flour-bluff-isd\ard-process-guide-flour-bluff-isd.html,unchanged,,
C:\Users\elisa\OneDrive\Documents\texas-special-ed-site\districts\flour-bluff-isd\es\como-solicitar-una-evaluacion-fie-flour-bluff.html,unchanged,,
C:\Users\elisa\OneDrive\Documents\texas-special-ed-site\districts\flour-bluff-isd\es\evaluacion-educacion-especial-child-find.html,unchanged,,
C:\Users\elisa\OneDrive\Documents\texas-special-ed-site\districts\flour-bluff-isd\es\index.html,unchanged,,
C:\Users\elisa\OneDrive\Documents\texas-special-ed-site\districts\flour-bluff-isd\es\proceso-ard-guia-para-padres.html,unchanged,,
C:\Users\elisa\OneDrive\Documents\texas-special-ed-site\districts\flour-bluff-isd\es\quejas-y-disputas-educacion-especial.html,unchanged,,
C:\Users\elisa\OneDrive\Documents\texas-special-ed-site\districts\flour-bluff-isd\evaluation-child-find-flour-bluff-isd.html,unchanged,,
C:\Users\elisa\OneDrive\Documents\texas-special-ed-site\districts\flour-bluff-isd\grievance-dispute-resolution-flour-bluff-isd.html,unchanged,,
C:\Users\elisa\OneDrive\Documents\texas-special-ed-site\districts\flour-bluff-isd\how-to-request-evaluation.html,unchanged,,
C:\Users\elisa\OneDrive\Documents\texas-special-ed-site\districts\flour-bluff-isd\index.html,unchanged,,
C:\Users\elisa\OneDrive\Documents\texas-special-ed-site\districts\flour-bluff-isd\what-is-an-fie-flour-bluff-isd.html,unchanged,,
C:\Users\elisa\OneDrive\Documents\texas-special-ed-site\districts\forney-isd\ard-process-guide.html,fixed,Moved offer [Free ARD Rights Scan] to after paragraph 2,
C:\Users\elisa\OneDrive\Documents\texas-special-ed-site\districts\forney-isd\dyslexia-services.html,unchanged,,
C:\Users\elisa\OneDrive\Documents\texas-special-ed-site\districts\forney-isd\evaluation-child-find.html,fixed,Moved offer [Show the ISD You Mean Business] to after paragraph 2,
C:\Users\elisa\OneDrive\Documents\texas-special-ed-site\districts\forney-isd\grievance-dispute-resolution.html,unchanged,,
C:\Users\elisa\OneDrive\Documents\texas-special-ed-site\districts\forney-isd\index.html,unchanged,,
C:\Users\elisa\OneDrive\Documents\texas-special-ed-site\districts\forney-isd\leadership-directory.html,unchanged,,
C:\Users\elisa\OneDrive\Documents\texas-special-ed-site\districts\forney-isd\partners.html,unchanged,,
C:\Users\elisa\OneDrive\Documents\texas-special-ed-site\districts\forney-isd\what-is-an-fie-forney-isd.html,fixed,Moved offer [Show the ISD You Mean Business] to after paragraph 2,
C:\Users\elisa\OneDrive\Documents\texas-special-ed-site\districts\fort-bend-isd\ard-process-guide.html,fixed,Moved offer [Free ARD Rights Scan] to after paragraph 2,
C:\Users\elisa\OneDrive\Documents\texas-special-ed-site\districts\fort-bend-isd\dyslexia-services.html,unchanged,,
C:\Users\elisa\OneDrive\Documents\texas-special-ed-site\districts\fort-bend-isd\evaluation-child-find.html,fixed,Moved offer [Show the ISD You Mean Business] to after paragraph 2,
C:\Users\elisa\OneDrive\Documents\texas-special-ed-site\districts\fort-bend-isd\grievance-dispute-resolution.html,unchanged,,
C:\Users\elisa\OneDrive\Documents\texas-special-ed-site\districts\fort-bend-isd\index.html,unchanged,,
C:\Users\elisa\OneDrive\Documents\texas-special-ed-site\districts\fort-bend-isd\leadership-directory.html,unchanged,,
C:\Users\elisa\OneDrive\Documents\texas-special-ed-site\districts\fort-bend-isd\partners.html,unchanged,,
C:\Users\elisa\OneDrive\Documents\texas-special-ed-site\districts\fort-bend-isd\what-is-an-fie-fort-bend-isd.html,fixed,Moved offer [Show the ISD You Mean Business] to after paragraph 2,
C:\Users\elisa\OneDrive\Documents\texas-special-ed-site\districts\fort-stockton-isd\ard-process-guide-fort-stockton-isd.html,unchanged,,
C:\Users\elisa\OneDrive\Documents\texas-special-ed-site\districts\fort-stockton-isd\es\como-solicitar-una-evaluacion-fie-fort-stockton.html,unchanged,,
C:\Users\elisa\OneDrive\Documents\texas-special-ed-site\districts\fort-stockton-isd\es\evaluacion-educacion-especial-child-find.html,unchanged,,
C:\Users\elisa\OneDrive\Documents\texas-special-ed-site\districts\fort-stockton-isd\es\index.html,unchanged,,
C:\Users\elisa\OneDrive\Documents\texas-special-ed-site\districts\fort-stockton-isd\es\proceso-ard-guia-para-padres.html,unchanged,,
C:\Users\elisa\OneDrive\Documents\texas-special-ed-site\districts\fort-stockton-isd\es\quejas-y-disputas-educacion-especial.html,unchanged,,
C:\Users\elisa\OneDrive\Documents\texas-special-ed-site\districts\fort-stockton-isd\evaluation-child-find-fort-stockton-isd.html,unchanged,,
C:\Users\elisa\OneDrive\Documents\texas-special-ed-site\districts\fort-stockton-isd\grievance-dispute-resolution-fort-stockton-isd.html,unchanged,,
C:\Users\elisa\OneDrive\Documents\texas-special-ed-site\districts\fort-stockton-isd\how-to-request-evaluation.html,unchanged,,
C:\Users\elisa\OneDrive\Documents\texas-special-ed-site\districts\fort-stockton-isd\index.html,unchanged,,
C:\Users\elisa\OneDrive\Documents\texas-special-ed-site\districts\fort-stockton-isd\what-is-an-fie-fort-stockton-isd.html,unchanged,,
C:\Users\elisa\OneDrive\Documents\texas-special-ed-site\districts\fort-worth-isd\ard-process-guide.html,fixed,Moved offer [Free ARD Rights Scan] to after paragraph 2,
C:\Users\elisa\OneDrive\Documents\texas-special-ed-site\districts\fort-worth-isd\dyslexia-services.html,unchanged,,
C:\Users\elisa\OneDrive\Documents\texas-special-ed-site\districts\fort-worth-isd\evaluation-child-find.html,fixed,Moved offer [Show the ISD You Mean Business] to after paragraph 2,
C:\Users\elisa\OneDrive\Documents\texas-special-ed-site\districts\fort-worth-isd\grievance-dispute-resolution.html,unchanged,,
C:\Users\elisa\OneDrive\Documents\texas-special-ed-site\districts\fort-worth-isd\index.html,unchanged,,
C:\Users\elisa\OneDrive\Documents\texas-special-ed-site\districts\fort-worth-isd\leadership-directory.html,unchanged,,
C:\Users\elisa\OneDrive\Documents\texas-special-ed-site\districts\fort-worth-isd\partners.html,unchanged,,
C:\Users\elisa\OneDrive\Documents\texas-special-ed-site\districts\fort-worth-isd\what-is-an-fie-fort-worth-isd.html,fixed,Moved offer [Show the ISD You Mean Business] to after paragraph 2,
C:\Users\elisa\OneDrive\Documents\texas-special-ed-site\districts\fredericksburg-isd\ard-process-guide-fredericksburg-isd.html,unchanged,,
C:\Users\elisa\OneDrive\Documents\texas-special-ed-site\districts\fredericksburg-isd\es\como-solicitar-una-evaluacion-fie-fredericksburg.html,unchanged,,
C:\Users\elisa\OneDrive\Documents\texas-special-ed-site\districts\fredericksburg-isd\es\evaluacion-educacion-especial-child-find.html,unchanged,,
C:\Users\elisa\OneDrive\Documents\texas-special-ed-site\districts\fredericksburg-isd\es\index.html,unchanged,,
C:\Users\elisa\OneDrive\Documents\texas-special-ed-site\districts\fredericksburg-isd\es\proceso-ard-guia-para-padres.html,unchanged,,
C:\Users\elisa\OneDrive\Documents\texas-special-ed-site\districts\fredericksburg-isd\evaluation-child-find-fredericksburg-isd.html,unchanged,,
C:\Users\elisa\OneDrive\Documents\texas-special-ed-site\districts\fredericksburg-isd\grievance-dispute-resolution-fredericksburg-isd.html,unchanged,,
C:\Users\elisa\OneDrive\Documents\texas-special-ed-site\districts\fredericksburg-isd\index.html,unchanged,,
C:\Users\elisa\OneDrive\Documents\texas-special-ed-site\districts\fredericksburg-isd\what-is-an-fie-fredericksburg-isd.html,unchanged,,
C:\Users\elisa\OneDrive\Documents\texas-special-ed-site\districts\frenship-isd\ard-process-guide-frenship-isd.html,unchanged,,
C:\Users\elisa\OneDrive\Documents\texas-special-ed-site\districts\frenship-isd\es\como-solicitar-una-evaluacion-fie-frenship.html,unchanged,,
C:\Users\elisa\OneDrive\Documents\texas-special-ed-site\districts\frenship-isd\es\evaluacion-educacion-especial-child-find.html,unchanged,,
C:\Users\elisa\OneDrive\Documents\texas-special-ed-site\districts\frenship-isd\es\index.html,unchanged,,
C:\Users\elisa\OneDrive\Documents\texas-special-ed-site\districts\frenship-isd\es\proceso-ard-guia-para-padres.html,unchanged,,
C:\Users\elisa\OneDrive\Documents\texas-special-ed-site\districts\frenship-isd\es\quejas-y-disputas-educacion-especial.html,unchanged,,
C:\Users\elisa\OneDrive\Documents\texas-special-ed-site\districts\frenship-isd\evaluation-child-find-frenship-isd.html,unchanged,,
C:\Users\elisa\OneDrive\Documents\texas-special-ed-site\districts\frenship-isd\grievance-dispute-resolution-frenship-isd.html,unchanged,,
C:\Users\elisa\OneDrive\Documents\texas-special-ed-site\districts\frenship-isd\how-to-request-evaluation.html,unchanged,,
C:\Users\elisa\OneDrive\Documents\texas-special-ed-site\districts\frenship-isd\index.html,unchanged,,
C:\Users\elisa\OneDrive\Documents\texas-special-ed-site\districts\frenship-isd\what-is-an-fie-frenship-isd.html,unchanged,,
C:\Users\elisa\OneDrive\Documents\texas-special-ed-site\districts\friendswood-isd\ard-process-guide.html,fixed,Moved offer [Free ARD Rights Scan] to after paragraph 2,
C:\Users\elisa\OneDrive\Documents\texas-special-ed-site\districts\friendswood-isd\dyslexia-services.html,unchanged,,
C:\Users\elisa\OneDrive\Documents\texas-special-ed-site\districts\friendswood-isd\evaluation-child-find.html,fixed,Moved offer [Show the ISD You Mean Business] to after paragraph 2,
C:\Users\elisa\OneDrive\Documents\texas-special-ed-site\districts\friendswood-isd\grievance-dispute-resolution.html,unchanged,,
C:\Users\elisa\OneDrive\Documents\texas-special-ed-site\districts\friendswood-isd\index.html,unchanged,,
C:\Users\elisa\OneDrive\Documents\texas-special-ed-site\districts\friendswood-isd\leadership-directory.html,unchanged,,
C:\Users\elisa\OneDrive\Documents\texas-special-ed-site\districts\friendswood-isd\partners.html,unchanged,,
C:\Users\elisa\OneDrive\Documents\texas-special-ed-site\districts\friendswood-isd\what-is-an-fie-friendswood-isd.html,fixed,Moved offer [Show the ISD You Mean Business] to after paragraph 2,
C:\Users\elisa\OneDrive\Documents\texas-special-ed-site\districts\frisco-isd\ard-process-guide.html,fixed,Moved offer [Free ARD Rights Scan] to after paragraph 2,
C:\Users\elisa\OneDrive\Documents\texas-special-ed-site\districts\frisco-isd\dyslexia-services.html,unchanged,,
C:\Users\elisa\OneDrive\Documents\texas-special-ed-site\districts\frisco-isd\evaluation-child-find.html,fixed,Moved offer [Show the ISD You Mean Business] to after paragraph 2,
C:\Users\elisa\OneDrive\Documents\texas-special-ed-site\districts\frisco-isd\grievance-dispute-resolution.html,unchanged,,
C:\Users\elisa\OneDrive\Documents\texas-special-ed-site\districts\frisco-isd\index.html,unchanged,,
C:\Users\elisa\OneDrive\Documents\texas-special-ed-site\districts\frisco-isd\leadership-directory.html,unchanged,,
C:\Users\elisa\OneDrive\Documents\texas-special-ed-site\districts\frisco-isd\partners.html,unchanged,,
C:\Users\elisa\OneDrive\Documents\texas-special-ed-site\districts\frisco-isd\special-ed-updates.html,unchanged,,
C:\Users\elisa\OneDrive\Documents\texas-special-ed-site\districts\frisco-isd\what-is-an-fie-frisco-isd.html,fixed,Moved offer [Show the ISD You Mean Business] to after paragraph 2,
C:\Users\elisa\OneDrive\Documents\texas-special-ed-site\districts\gainesville-isd\ard-process-guide-gainesville-isd.html,unchanged,,
C:\Users\elisa\OneDrive\Documents\texas-special-ed-site\districts\gainesville-isd\es\como-solicitar-una-evaluacion-fie-gainesville.html,unchanged,,
C:\Users\elisa\OneDrive\Documents\texas-special-ed-site\districts\gainesville-isd\es\evaluacion-educacion-especial-child-find.html,unchanged,,
C:\Users\elisa\OneDrive\Documents\texas-special-ed-site\districts\gainesville-isd\es\index.html,unchanged,,
C:\Users\elisa\OneDrive\Documents\texas-special-ed-site\districts\gainesville-isd\es\proceso-ard-guia-para-padres.html,unchanged,,
C:\Users\elisa\OneDrive\Documents\texas-special-ed-site\districts\gainesville-isd\es\quejas-y-disputas-educacion-especial.html,unchanged,,
C:\Users\elisa\OneDrive\Documents\texas-special-ed-site\districts\gainesville-isd\evaluation-child-find-gainesville-isd.html,unchanged,,
C:\Users\elisa\OneDrive\Documents\texas-special-ed-site\districts\gainesville-isd\grievance-dispute-resolution-gainesville-isd.html,unchanged,,
C:\Users\elisa\OneDrive\Documents\texas-special-ed-site\districts\gainesville-isd\how-to-request-evaluation.html,unchanged,,
C:\Users\elisa\OneDrive\Documents\texas-special-ed-site\districts\gainesville-isd\index.html,unchanged,,
C:\Users\elisa\OneDrive\Documents\texas-special-ed-site\districts\gainesville-isd\what-is-an-fie-gainesville-isd.html,unchanged,,
C:\Users\elisa\OneDrive\Documents\texas-special-ed-site\districts\galena-park-isd\ard-process-guide-galena-park-isd.html,unchanged,,
C:\Users\elisa\OneDrive\Documents\texas-special-ed-site\districts\galena-park-isd\es\como-solicitar-una-evaluacion-fie-galena-park.html,unchanged,,
C:\Users\elisa\OneDrive\Documents\texas-special-ed-site\districts\galena-park-isd\es\evaluacion-educacion-especial-child-find.html,unchanged,,
C:\Users\elisa\OneDrive\Documents\texas-special-ed-site\districts\galena-park-isd\es\index.html,unchanged,,
C:\Users\elisa\OneDrive\Documents\texas-special-ed-site\districts\galena-park-isd\es\proceso-ard-guia-para-padres.html,unchanged,,
C:\Users\elisa\OneDrive\Documents\texas-special-ed-site\districts\galena-park-isd\es\quejas-y-disputas-educacion-especial.html,unchanged,,
C:\Users\elisa\OneDrive\Documents\texas-special-ed-site\districts\galena-park-isd\evaluation-child-find-galena-park-isd.html,unchanged,,
C:\Users\elisa\OneDrive\Documents\texas-special-ed-site\districts\galena-park-isd\grievance-dispute-resolution-galena-park-isd.html,unchanged,,
C:\Users\elisa\OneDrive\Documents\texas-special-ed-site\districts\galena-park-isd\how-to-request-evaluation.html,unchanged,,
C:\Users\elisa\OneDrive\Documents\texas-special-ed-site\districts\galena-park-isd\index.html,unchanged,,
C:\Users\elisa\OneDrive\Documents\texas-special-ed-site\districts\galena-park-isd\what-is-an-fie-galena-park-isd.html,unchanged,,
C:\Users\elisa\OneDrive\Documents\texas-special-ed-site\districts\galveston-isd\ard-process-guide-galveston-isd.html,unchanged,,
C:\Users\elisa\OneDrive\Documents\texas-special-ed-site\districts\galveston-isd\es\como-solicitar-una-evaluacion-fie-galveston.html,unchanged,,
C:\Users\elisa\OneDrive\Documents\texas-special-ed-site\districts\galveston-isd\es\evaluacion-educacion-especial-child-find.html,unchanged,,
C:\Users\elisa\OneDrive\Documents\texas-special-ed-site\districts\galveston-isd\es\index.html,unchanged,,
C:\Users\elisa\OneDrive\Documents\texas-special-ed-site\districts\galveston-isd\es\proceso-ard-guia-para-padres.html,unchanged,,
C:\Users\elisa\OneDrive\Documents\texas-special-ed-site\districts\galveston-isd\es\quejas-y-disputas-educacion-especial.html,unchanged,,
C:\Users\elisa\OneDrive\Documents\texas-special-ed-site\districts\galveston-isd\evaluation-child-find-galveston-isd.html,unchanged,,
C:\Users\elisa\OneDrive\Documents\texas-special-ed-site\districts\galveston-isd\grievance-dispute-resolution-galveston-isd.html,unchanged,,
C:\Users\elisa\OneDrive\Documents\texas-special-ed-site\districts\galveston-isd\how-to-request-evaluation.html,unchanged,,
C:\Users\elisa\OneDrive\Documents\texas-special-ed-site\districts\galveston-isd\index.html,unchanged,,
C:\Users\elisa\OneDrive\Documents\texas-special-ed-site\districts\galveston-isd\what-is-an-fie-galveston-isd.html,unchanged,,
C:\Users\elisa\OneDrive\Documents\texas-special-ed-site\districts\garland-isd\ard-process-guide.html,fixed,Moved offer [Free ARD Rights Scan] to after paragraph 2,
C:\Users\elisa\OneDrive\Documents\texas-special-ed-site\districts\garland-isd\dyslexia-services.html,unchanged,,
C:\Users\elisa\OneDrive\Documents\texas-special-ed-site\districts\garland-isd\evaluation-child-find.html,fixed,Moved offer [Show the ISD You Mean Business] to after paragraph 2,
C:\Users\elisa\OneDrive\Documents\texas-special-ed-site\districts\garland-isd\grievance-dispute-resolution.html,unchanged,,
C:\Users\elisa\OneDrive\Documents\texas-special-ed-site\districts\garland-isd\index.html,unchanged,,
C:\Users\elisa\OneDrive\Documents\texas-special-ed-site\districts\garland-isd\leadership-directory.html,unchanged,,
C:\Users\elisa\OneDrive\Documents\texas-special-ed-site\districts\garland-isd\partners.html,unchanged,,
C:\Users\elisa\OneDrive\Documents\texas-special-ed-site\districts\garland-isd\special-ed-updates.html,unchanged,,
C:\Users\elisa\OneDrive\Documents\texas-special-ed-site\districts\garland-isd\what-is-an-fie-garland-isd.html,fixed,Moved offer [Show the ISD You Mean Business] to after paragraph 2,
C:\Users\elisa\OneDrive\Documents\texas-special-ed-site\districts\gatesville-isd\ard-process-guide-gatesville-isd.html,unchanged,,
C:\Users\elisa\OneDrive\Documents\texas-special-ed-site\districts\gatesville-isd\evaluation-child-find-gatesville-isd.html,unchanged,,
C:\Users\elisa\OneDrive\Documents\texas-special-ed-site\districts\gatesville-isd\grievance-dispute-resolution-gatesville-isd.html,unchanged,,
C:\Users\elisa\OneDrive\Documents\texas-special-ed-site\districts\gatesville-isd\index.html,unchanged,,
C:\Users\elisa\OneDrive\Documents\texas-special-ed-site\districts\gatesville-isd\what-is-an-fie-gatesville-isd.html,unchanged,,
C:\Users\elisa\OneDrive\Documents\texas-special-ed-site\districts\georgetown-isd\ard-process-guide.html,fixed,Moved offer [Free ARD Rights Scan] to after paragraph 2,
C:\Users\elisa\OneDrive\Documents\texas-special-ed-site\districts\georgetown-isd\dyslexia-services.html,unchanged,,
C:\Users\elisa\OneDrive\Documents\texas-special-ed-site\districts\georgetown-isd\evaluation-child-find.html,fixed,Moved offer [Show the ISD You Mean Business] to after paragraph 2,
C:\Users\elisa\OneDrive\Documents\texas-special-ed-site\districts\georgetown-isd\grievance-dispute-resolution.html,unchanged,,
C:\Users\elisa\OneDrive\Documents\texas-special-ed-site\districts\georgetown-isd\index.html,unchanged,,
C:\Users\elisa\OneDrive\Documents\texas-special-ed-site\districts\georgetown-isd\leadership-directory.html,unchanged,,
C:\Users\elisa\OneDrive\Documents\texas-special-ed-site\districts\georgetown-isd\partners.html,unchanged,,
C:\Users\elisa\OneDrive\Documents\texas-special-ed-site\districts\georgetown-isd\what-is-an-fie-georgetown-isd.html,fixed,Moved offer [Show the ISD You Mean Business] to after paragraph 2,
C:\Users\elisa\OneDrive\Documents\texas-special-ed-site\districts\gilmer-isd\ard-process-guide-gilmer-isd.html,unchanged,,
C:\Users\elisa\OneDrive\Documents\texas-special-ed-site\districts\gilmer-isd\es\como-solicitar-una-evaluacion-fie-gilmer.html,unchanged,,
C:\Users\elisa\OneDrive\Documents\texas-special-ed-site\districts\gilmer-isd\es\evaluacion-educacion-especial-child-find.html,unchanged,,
C:\Users\elisa\OneDrive\Documents\texas-special-ed-site\districts\gilmer-isd\es\index.html,unchanged,,
C:\Users\elisa\OneDrive\Documents\texas-special-ed-site\districts\gilmer-isd\es\proceso-ard-guia-para-padres.html,unchanged,,
C:\Users\elisa\OneDrive\Documents\texas-special-ed-site\districts\gilmer-isd\es\quejas-y-disputas-educacion-especial.html,unchanged,,
C:\Users\elisa\OneDrive\Documents\texas-special-ed-site\districts\gilmer-isd\evaluation-child-find-gilmer-isd.html,unchanged,,
C:\Users\elisa\OneDrive\Documents\texas-special-ed-site\districts\gilmer-isd\grievance-dispute-resolution-gilmer-isd.html,unchanged,,
C:\Users\elisa\OneDrive\Documents\texas-special-ed-site\districts\gilmer-isd\how-to-request-evaluation.html,unchanged,,
C:\Users\elisa\OneDrive\Documents\texas-special-ed-site\districts\gilmer-isd\index.html,unchanged,,
C:\Users\elisa\OneDrive\Documents\texas-special-ed-site\districts\gilmer-isd\what-is-an-fie-gilmer-isd.html,unchanged,,
C:\Users\elisa\OneDrive\Documents\texas-special-ed-site\districts\godley-isd\ard-process-guide-godley-isd.html,unchanged,,
C:\Users\elisa\OneDrive\Documents\texas-special-ed-site\districts\godley-isd\es\como-solicitar-una-evaluacion-fie-godley.html,unchanged,,
C:\Users\elisa\OneDrive\Documents\texas-special-ed-site\districts\godley-isd\es\evaluacion-educacion-especial-child-find.html,unchanged,,
C:\Users\elisa\OneDrive\Documents\texas-special-ed-site\districts\godley-isd\es\index.html,unchanged,,
C:\Users\elisa\OneDrive\Documents\texas-special-ed-site\districts\godley-isd\es\proceso-ard-guia-para-padres.html,unchanged,,
C:\Users\elisa\OneDrive\Documents\texas-special-ed-site\districts\godley-isd\es\quejas-y-disputas-educacion-especial.html,unchanged,,
C:\Users\elisa\OneDrive\Documents\texas-special-ed-site\districts\godley-isd\evaluation-child-find-godley-isd.html,unchanged,,
C:\Users\elisa\OneDrive\Documents\texas-special-ed-site\districts\godley-isd\grievance-dispute-resolution-godley-isd.html,unchanged,,
C:\Users\elisa\OneDrive\Documents\texas-special-ed-site\districts\godley-isd\how-to-request-evaluation.html,unchanged,,
C:\Users\elisa\OneDrive\Documents\texas-special-ed-site\districts\godley-isd\index.html,unchanged,,
C:\Users\elisa\OneDrive\Documents\texas-special-ed-site\districts\godley-isd\what-is-an-fie-godley-isd.html,unchanged,,
C:\Users\elisa\OneDrive\Documents\texas-special-ed-site\districts\gonzales-isd\ard-process-guide-gonzales-isd.html,unchanged,,
C:\Users\elisa\OneDrive\Documents\texas-special-ed-site\districts\gonzales-isd\evaluation-child-find-gonzales-isd.html,unchanged,,
C:\Users\elisa\OneDrive\Documents\texas-special-ed-site\districts\gonzales-isd\grievance-dispute-resolution-gonzales-isd.html,unchanged,,
C:\Users\elisa\OneDrive\Documents\texas-special-ed-site\districts\gonzales-isd\index.html,unchanged,,
C:\Users\elisa\OneDrive\Documents\texas-special-ed-site\districts\gonzales-isd\what-is-an-fie-gonzales-isd.html,unchanged,,
C:\Users\elisa\OneDrive\Documents\texas-special-ed-site\districts\goose-creek-cisd\ard-process-guide.html,fixed,Moved offer [Free ARD Rights Scan] to after paragraph 2,
C:\Users\elisa\OneDrive\Documents\texas-special-ed-site\districts\goose-creek-cisd\dyslexia-services.html,unchanged,,
C:\Users\elisa\OneDrive\Documents\texas-special-ed-site\districts\goose-creek-cisd\evaluation-child-find.html,fixed,Moved offer [Show the ISD You Mean Business] to after paragraph 2,
C:\Users\elisa\OneDrive\Documents\texas-special-ed-site\districts\goose-creek-cisd\grievance-dispute-resolution.html,unchanged,,
C:\Users\elisa\OneDrive\Documents\texas-special-ed-site\districts\goose-creek-cisd\index.html,unchanged,,
C:\Users\elisa\OneDrive\Documents\texas-special-ed-site\districts\goose-creek-cisd\leadership-directory.html,unchanged,,
C:\Users\elisa\OneDrive\Documents\texas-special-ed-site\districts\goose-creek-cisd\partners.html,unchanged,,
C:\Users\elisa\OneDrive\Documents\texas-special-ed-site\districts\goose-creek-cisd\what-is-an-fie-goose-creek-cisd.html,fixed,Moved offer [Show the ISD You Mean Business] to after paragraph 2,
C:\Users\elisa\OneDrive\Documents\texas-special-ed-site\districts\granbury-isd\ard-process-guide-granbury-isd.html,unchanged,,
C:\Users\elisa\OneDrive\Documents\texas-special-ed-site\districts\granbury-isd\es\como-solicitar-una-evaluacion-fie-granbury.html,unchanged,,
C:\Users\elisa\OneDrive\Documents\texas-special-ed-site\districts\granbury-isd\es\evaluacion-educacion-especial-child-find.html,unchanged,,
C:\Users\elisa\OneDrive\Documents\texas-special-ed-site\districts\granbury-isd\es\index.html,unchanged,,
C:\Users\elisa\OneDrive\Documents\texas-special-ed-site\districts\granbury-isd\es\proceso-ard-guia-para-padres.html,unchanged,,
C:\Users\elisa\OneDrive\Documents\texas-special-ed-site\districts\granbury-isd\es\quejas-y-disputas-educacion-especial.html,unchanged,,
C:\Users\elisa\OneDrive\Documents\texas-special-ed-site\districts\granbury-isd\evaluation-child-find-granbury-isd.html,unchanged,,
C:\Users\elisa\OneDrive\Documents\texas-special-ed-site\districts\granbury-isd\grievance-dispute-resolution-granbury-isd.html,unchanged,,
C:\Users\elisa\OneDrive\Documents\texas-special-ed-site\districts\granbury-isd\how-to-request-evaluation.html,unchanged,,
C:\Users\elisa\OneDrive\Documents\texas-special-ed-site\districts\granbury-isd\index.html,unchanged,,
C:\Users\elisa\OneDrive\Documents\texas-special-ed-site\districts\granbury-isd\what-is-an-fie-granbury-isd.html,unchanged,,
C:\Users\elisa\OneDrive\Documents\texas-special-ed-site\districts\grand-prairie-isd\ard-process-guide.html,fixed,Moved offer [Free ARD Rights Scan] to after paragraph 2,
C:\Users\elisa\OneDrive\Documents\texas-special-ed-site\districts\grand-prairie-isd\dyslexia-services.html,unchanged,,
C:\Users\elisa\OneDrive\Documents\texas-special-ed-site\districts\grand-prairie-isd\evaluation-child-find.html,fixed,Moved offer [Show the ISD You Mean Business] to after paragraph 2,
C:\Users\elisa\OneDrive\Documents\texas-special-ed-site\districts\grand-prairie-isd\grievance-dispute-resolution.html,unchanged,,
C:\Users\elisa\OneDrive\Documents\texas-special-ed-site\districts\grand-prairie-isd\index.html,unchanged,,
C:\Users\elisa\OneDrive\Documents\texas-special-ed-site\districts\grand-prairie-isd\leadership-directory.html,unchanged,,
C:\Users\elisa\OneDrive\Documents\texas-special-ed-site\districts\grand-prairie-isd\partners.html,unchanged,,
C:\Users\elisa\OneDrive\Documents\texas-special-ed-site\districts\grapevine-colleyville-isd\ard-process-guide.html,fixed,Moved offer [Free ARD Rights Scan] to after paragraph 2,
C:\Users\elisa\OneDrive\Documents\texas-special-ed-site\districts\grapevine-colleyville-isd\dyslexia-services.html,unchanged,,
C:\Users\elisa\OneDrive\Documents\texas-special-ed-site\districts\grapevine-colleyville-isd\evaluation-child-find.html,fixed,Moved offer [Show the ISD You Mean Business] to after paragraph 2,
C:\Users\elisa\OneDrive\Documents\texas-special-ed-site\districts\grapevine-colleyville-isd\grievance-dispute-resolution.html,unchanged,,
C:\Users\elisa\OneDrive\Documents\texas-special-ed-site\districts\grapevine-colleyville-isd\index.html,unchanged,,
C:\Users\elisa\OneDrive\Documents\texas-special-ed-site\districts\grapevine-colleyville-isd\leadership-directory.html,unchanged,,
C:\Users\elisa\OneDrive\Documents\texas-special-ed-site\districts\grapevine-colleyville-isd\partners.html,unchanged,,
C:\Users\elisa\OneDrive\Documents\texas-special-ed-site\districts\grapevine-colleyville-isd\what-is-an-fie-grapevine-colleyville-isd.html,fixed,Moved offer [Show the ISD You Mean Business] to after paragraph 2,
C:\Users\elisa\OneDrive\Documents\texas-special-ed-site\districts\greenville-isd\ard-process-guide-greenville-isd.html,unchanged,,
C:\Users\elisa\OneDrive\Documents\texas-special-ed-site\districts\greenville-isd\es\como-solicitar-una-evaluacion-fie-greenville.html,unchanged,,
C:\Users\elisa\OneDrive\Documents\texas-special-ed-site\districts\greenville-isd\es\evaluacion-educacion-especial-child-find.html,unchanged,,
C:\Users\elisa\OneDrive\Documents\texas-special-ed-site\districts\greenville-isd\es\index.html,unchanged,,
C:\Users\elisa\OneDrive\Documents\texas-special-ed-site\districts\greenville-isd\es\proceso-ard-guia-para-padres.html,unchanged,,
C:\Users\elisa\OneDrive\Documents\texas-special-ed-site\districts\greenville-isd\es\quejas-y-disputas-educacion-especial.html,unchanged,,
C:\Users\elisa\OneDrive\Documents\texas-special-ed-site\districts\greenville-isd\evaluation-child-find-greenville-isd.html,unchanged,,
C:\Users\elisa\OneDrive\Documents\texas-special-ed-site\districts\greenville-isd\grievance-dispute-resolution-greenville-isd.html,unchanged,,
C:\Users\elisa\OneDrive\Documents\texas-special-ed-site\districts\greenville-isd\how-to-request-evaluation.html,unchanged,,
C:\Users\elisa\OneDrive\Documents\texas-special-ed-site\districts\greenville-isd\index.html,unchanged,,
C:\Users\elisa\OneDrive\Documents\texas-special-ed-site\districts\greenville-isd\what-is-an-fie-greenville-isd.html,unchanged,,
C:\Users\elisa\OneDrive\Documents\texas-special-ed-site\districts\greenwood-isd\ard-process-guide-greenwood-isd.html,unchanged,,
C:\Users\elisa\OneDrive\Documents\texas-special-ed-site\districts\greenwood-isd\es\como-solicitar-una-evaluacion-fie-friendswood-isd.html,unchanged,,
C:\Users\elisa\OneDrive\Documents\texas-special-ed-site\districts\greenwood-isd\es\como-solicitar-una-evaluacion-fie-greenwood.html,unchanged,,
C:\Users\elisa\OneDrive\Documents\texas-special-ed-site\districts\greenwood-isd\es\evaluacion-educacion-especial-child-find.html,unchanged,,
C:\Users\elisa\OneDrive\Documents\texas-special-ed-site\districts\greenwood-isd\es\index.html,unchanged,,
C:\Users\elisa\OneDrive\Documents\texas-special-ed-site\districts\greenwood-isd\es\proceso-ard-guia-para-padres.html,unchanged,,
C:\Users\elisa\OneDrive\Documents\texas-special-ed-site\districts\greenwood-isd\es\quejas-y-disputas-educacion-especial.html,unchanged,,
C:\Users\elisa\OneDrive\Documents\texas-special-ed-site\districts\greenwood-isd\evaluation-child-find-greenwood-isd.html,unchanged,,
C:\Users\elisa\OneDrive\Documents\texas-special-ed-site\districts\greenwood-isd\grievance-dispute-resolution-greenwood-isd.html,unchanged,,
C:\Users\elisa\OneDrive\Documents\texas-special-ed-site\districts\greenwood-isd\how-to-request-evaluation.html,unchanged,,
C:\Users\elisa\OneDrive\Documents\texas-special-ed-site\districts\greenwood-isd\index.html,unchanged,,
C:\Users\elisa\OneDrive\Documents\texas-special-ed-site\districts\greenwood-isd\what-is-an-fie-greenwood-isd.html,unchanged,,
C:\Users\elisa\OneDrive\Documents\texas-special-ed-site\districts\gregory-portland-isd\ard-process-guide-gregory-portland-isd.html,unchanged,,
C:\Users\elisa\OneDrive\Documents\texas-special-ed-site\districts\gregory-portland-isd\es\como-solicitar-una-evaluacion-fie-gregory-portland.html,unchanged,,
C:\Users\elisa\OneDrive\Documents\texas-special-ed-site\districts\gregory-portland-isd\es\evaluacion-educacion-especial-child-find.html,unchanged,,
C:\Users\elisa\OneDrive\Documents\texas-special-ed-site\districts\gregory-portland-isd\es\index.html,unchanged,,
C:\Users\elisa\OneDrive\Documents\texas-special-ed-site\districts\gregory-portland-isd\es\proceso-ard-guia-para-padres.html,unchanged,,
C:\Users\elisa\OneDrive\Documents\texas-special-ed-site\districts\gregory-portland-isd\es\quejas-y-disputas-educacion-especial.html,unchanged,,
C:\Users\elisa\OneDrive\Documents\texas-special-ed-site\districts\gregory-portland-isd\evaluation-child-find-gregory-portland-isd.html,unchanged,,
C:\Users\elisa\OneDrive\Documents\texas-special-ed-site\districts\gregory-portland-isd\grievance-dispute-resolution-gregory-portland-isd.html,unchanged,,
C:\Users\elisa\OneDrive\Documents\texas-special-ed-site\districts\gregory-portland-isd\how-to-request-evaluation.html,unchanged,,
C:\Users\elisa\OneDrive\Documents\texas-special-ed-site\districts\gregory-portland-isd\index.html,unchanged,,
C:\Users\elisa\OneDrive\Documents\texas-special-ed-site\districts\gregory-portland-isd\what-is-an-fie-gregory-portland-isd.html,unchanged,,
C:\Users\elisa\OneDrive\Documents\texas-special-ed-site\districts\hallsville-isd\ard-process-guide-hallsville-isd.html,unchanged,,
C:\Users\elisa\OneDrive\Documents\texas-special-ed-site\districts\hallsville-isd\es\como-solicitar-una-evaluacion-fie-hallsville.html,unchanged,,
C:\Users\elisa\OneDrive\Documents\texas-special-ed-site\districts\hallsville-isd\es\evaluacion-educacion-especial-child-find.html,unchanged,,
C:\Users\elisa\OneDrive\Documents\texas-special-ed-site\districts\hallsville-isd\es\index.html,unchanged,,
C:\Users\elisa\OneDrive\Documents\texas-special-ed-site\districts\hallsville-isd\es\proceso-ard-guia-para-padres.html,unchanged,,
C:\Users\elisa\OneDrive\Documents\texas-special-ed-site\districts\hallsville-isd\es\quejas-y-disputas-educacion-especial.html,unchanged,,
C:\Users\elisa\OneDrive\Documents\texas-special-ed-site\districts\hallsville-isd\evaluation-child-find-hallsville-isd.html,unchanged,,
C:\Users\elisa\OneDrive\Documents\texas-special-ed-site\districts\hallsville-isd\grievance-dispute-resolution-hallsville-isd.html,unchanged,,
C:\Users\elisa\OneDrive\Documents\texas-special-ed-site\districts\hallsville-isd\how-to-request-evaluation.html,unchanged,,
C:\Users\elisa\OneDrive\Documents\texas-special-ed-site\districts\hallsville-isd\index.html,unchanged,,
C:\Users\elisa\OneDrive\Documents\texas-special-ed-site\districts\hallsville-isd\what-is-an-fie-hallsville-isd.html,unchanged,,
C:\Users\elisa\OneDrive\Documents\texas-special-ed-site\districts\hardin-jefferson-isd\ard-process-guide-hardin-jefferson-isd.html,unchanged,,
C:\Users\elisa\OneDrive\Documents\texas-special-ed-site\districts\hardin-jefferson-isd\evaluation-child-find-hardin-jefferson-isd.html,unchanged,,
C:\Users\elisa\OneDrive\Documents\texas-special-ed-site\districts\hardin-jefferson-isd\grievance-dispute-resolution-hardin-jefferson-isd.html,unchanged,,
C:\Users\elisa\OneDrive\Documents\texas-special-ed-site\districts\hardin-jefferson-isd\index.html,unchanged,,
C:\Users\elisa\OneDrive\Documents\texas-special-ed-site\districts\hardin-jefferson-isd\what-is-an-fie-hardin-jefferson-isd.html,unchanged,,
C:\Users\elisa\OneDrive\Documents\texas-special-ed-site\districts\harlandale-isd\ard-process-guide-harlandale-isd.html,unchanged,,
C:\Users\elisa\OneDrive\Documents\texas-special-ed-site\districts\harlandale-isd\es\guia-proceso-ard.html,unchanged,,
C:\Users\elisa\OneDrive\Documents\texas-special-ed-site\districts\harlandale-isd\es\index.html,unchanged,,
C:\Users\elisa\OneDrive\Documents\texas-special-ed-site\districts\harlandale-isd\es\resolucion-disputas.html,unchanged,,
C:\Users\elisa\OneDrive\Documents\texas-special-ed-site\districts\harlandale-isd\es\servicios-dislexia.html,unchanged,,
C:\Users\elisa\OneDrive\Documents\texas-special-ed-site\districts\harlandale-isd\es\solicitar-evaluacion.html,unchanged,,
C:\Users\elisa\OneDrive\Documents\texas-special-ed-site\districts\harlandale-isd\evaluation-child-find-harlandale-isd.html,unchanged,,
C:\Users\elisa\OneDrive\Documents\texas-special-ed-site\districts\harlandale-isd\grievance-dispute-resolution-harlandale-isd.html,unchanged,,
C:\Users\elisa\OneDrive\Documents\texas-special-ed-site\districts\harlandale-isd\how-to-request-evaluation.html,unchanged,,
C:\Users\elisa\OneDrive\Documents\texas-special-ed-site\districts\harlandale-isd\index.html,unchanged,,
C:\Users\elisa\OneDrive\Documents\texas-special-ed-site\districts\harlandale-isd\what-is-an-fie-harlandale-isd.html,unchanged,,
C:\Users\elisa\OneDrive\Documents\texas-special-ed-site\districts\harlingen-cisd\ard-process-guide.html,fixed,Moved offer [Free ARD Rights Scan] to after paragraph 2,
C:\Users\elisa\OneDrive\Documents\texas-special-ed-site\districts\harlingen-cisd\dyslexia-services.html,unchanged,,
C:\Users\elisa\OneDrive\Documents\texas-special-ed-site\districts\harlingen-cisd\evaluation-child-find.html,fixed,Moved offer [Show the ISD You Mean Business] to after paragraph 2,
C:\Users\elisa\OneDrive\Documents\texas-special-ed-site\districts\harlingen-cisd\grievance-dispute-resolution.html,unchanged,,
C:\Users\elisa\OneDrive\Documents\texas-special-ed-site\districts\harlingen-cisd\index.html,unchanged,,
C:\Users\elisa\OneDrive\Documents\texas-special-ed-site\districts\harlingen-cisd\leadership-directory.html,unchanged,,
C:\Users\elisa\OneDrive\Documents\texas-special-ed-site\districts\harlingen-cisd\partners.html,unchanged,,
C:\Users\elisa\OneDrive\Documents\texas-special-ed-site\districts\harlingen-cisd\what-is-an-fie-harlingen-cisd.html,fixed,Moved offer [Show the ISD You Mean Business] to after paragraph 2,
C:\Users\elisa\OneDrive\Documents\texas-special-ed-site\districts\harmony-public-schools\what-is-an-fie-harmony-public-schools.html,fixed,Moved offer [Show the ISD You Mean Business] to after paragraph 2,
C:\Users\elisa\OneDrive\Documents\texas-special-ed-site\districts\harmony-public-schools-combined\ard-process-guide.html,fixed,Moved offer [Free ARD Rights Scan] to after paragraph 2,
C:\Users\elisa\OneDrive\Documents\texas-special-ed-site\districts\harmony-public-schools-combined\dyslexia-services.html,unchanged,,
C:\Users\elisa\OneDrive\Documents\texas-special-ed-site\districts\harmony-public-schools-combined\evaluation-child-find.html,fixed,Moved offer [Show the ISD You Mean Business] to after paragraph 2,
C:\Users\elisa\OneDrive\Documents\texas-special-ed-site\districts\harmony-public-schools-combined\grievance-dispute-resolution.html,unchanged,,
C:\Users\elisa\OneDrive\Documents\texas-special-ed-site\districts\harmony-public-schools-combined\index.html,unchanged,,
C:\Users\elisa\OneDrive\Documents\texas-special-ed-site\districts\harmony-public-schools-combined\leadership-directory.html,unchanged,,
C:\Users\elisa\OneDrive\Documents\texas-special-ed-site\districts\harmony-public-schools-combined\partners.html,unchanged,,
C:\Users\elisa\OneDrive\Documents\texas-special-ed-site\districts\hays-cisd\ard-process-guide.html,fixed,Moved offer [Free ARD Rights Scan] to after paragraph 2,
C:\Users\elisa\OneDrive\Documents\texas-special-ed-site\districts\hays-cisd\dyslexia-services.html,unchanged,,
C:\Users\elisa\OneDrive\Documents\texas-special-ed-site\districts\hays-cisd\evaluation-child-find.html,fixed,Moved offer [Show the ISD You Mean Business] to after paragraph 2,
C:\Users\elisa\OneDrive\Documents\texas-special-ed-site\districts\hays-cisd\grievance-dispute-resolution.html,unchanged,,
C:\Users\elisa\OneDrive\Documents\texas-special-ed-site\districts\hays-cisd\index.html,unchanged,,
C:\Users\elisa\OneDrive\Documents\texas-special-ed-site\districts\hays-cisd\leadership-directory.html,unchanged,,
C:\Users\elisa\OneDrive\Documents\texas-special-ed-site\districts\hays-cisd\partners.html,unchanged,,
C:\Users\elisa\OneDrive\Documents\texas-special-ed-site\districts\hays-cisd\what-is-an-fie-hays-cisd.html,fixed,Moved offer [Show the ISD You Mean Business] to after paragraph 2,
C:\Users\elisa\OneDrive\Documents\texas-special-ed-site\districts\henderson-isd\ard-process-guide-henderson-isd.html,unchanged,,
C:\Users\elisa\OneDrive\Documents\texas-special-ed-site\districts\henderson-isd\es\como-solicitar-una-evaluacion-fie-henderson.html,unchanged,,
C:\Users\elisa\OneDrive\Documents\texas-special-ed-site\districts\henderson-isd\es\evaluacion-educacion-especial-child-find.html,unchanged,,
C:\Users\elisa\OneDrive\Documents\texas-special-ed-site\districts\henderson-isd\es\index.html,unchanged,,
C:\Users\elisa\OneDrive\Documents\texas-special-ed-site\districts\henderson-isd\es\proceso-ard-guia-para-padres.html,unchanged,,
C:\Users\elisa\OneDrive\Documents\texas-special-ed-site\districts\henderson-isd\es\quejas-y-disputas-educacion-especial.html,unchanged,,
C:\Users\elisa\OneDrive\Documents\texas-special-ed-site\districts\henderson-isd\evaluation-child-find-henderson-isd.html,unchanged,,
C:\Users\elisa\OneDrive\Documents\texas-special-ed-site\districts\henderson-isd\grievance-dispute-resolution-henderson-isd.html,unchanged,,
C:\Users\elisa\OneDrive\Documents\texas-special-ed-site\districts\henderson-isd\how-to-request-evaluation.html,unchanged,,
C:\Users\elisa\OneDrive\Documents\texas-special-ed-site\districts\henderson-isd\index.html,unchanged,,
C:\Users\elisa\OneDrive\Documents\texas-special-ed-site\districts\henderson-isd\what-is-an-fie-henderson-isd.html,unchanged,,
C:\Users\elisa\OneDrive\Documents\texas-special-ed-site\districts\hereford-isd\ard-process-guide-hereford-isd.html,unchanged,,
C:\Users\elisa\OneDrive\Documents\texas-special-ed-site\districts\hereford-isd\es\como-solicitar-una-evaluacion-fie-hereford.html,unchanged,,
C:\Users\elisa\OneDrive\Documents\texas-special-ed-site\districts\hereford-isd\es\evaluacion-educacion-especial-child-find.html,unchanged,,
C:\Users\elisa\OneDrive\Documents\texas-special-ed-site\districts\hereford-isd\es\index.html,unchanged,,
C:\Users\elisa\OneDrive\Documents\texas-special-ed-site\districts\hereford-isd\es\proceso-ard-guia-para-padres.html,unchanged,,
C:\Users\elisa\OneDrive\Documents\texas-special-ed-site\districts\hereford-isd\es\quejas-y-disputas-educacion-especial.html,unchanged,,
C:\Users\elisa\OneDrive\Documents\texas-special-ed-site\districts\hereford-isd\evaluation-child-find-hereford-isd.html,unchanged,,
C:\Users\elisa\OneDrive\Documents\texas-special-ed-site\districts\hereford-isd\grievance-dispute-resolution-hereford-isd.html,unchanged,,
C:\Users\elisa\OneDrive\Documents\texas-special-ed-site\districts\hereford-isd\how-to-request-evaluation.html,unchanged,,
C:\Users\elisa\OneDrive\Documents\texas-special-ed-site\districts\hereford-isd\index.html,unchanged,,
C:\Users\elisa\OneDrive\Documents\texas-special-ed-site\districts\hereford-isd\what-is-an-fie-hereford-isd.html,unchanged,,
C:\Users\elisa\OneDrive\Documents\texas-special-ed-site\districts\hidalgo-isd\ard-process-guide-hidalgo-isd.html,unchanged,,
C:\Users\elisa\OneDrive\Documents\texas-special-ed-site\districts\hidalgo-isd\evaluation-child-find-hidalgo-isd.html,unchanged,,
C:\Users\elisa\OneDrive\Documents\texas-special-ed-site\districts\hidalgo-isd\grievance-dispute-resolution-hidalgo-isd.html,unchanged,,
C:\Users\elisa\OneDrive\Documents\texas-special-ed-site\districts\hidalgo-isd\index.html,unchanged,,
C:\Users\elisa\OneDrive\Documents\texas-special-ed-site\districts\hidalgo-isd\what-is-an-fie-hidalgo-isd.html,unchanged,,
C:\Users\elisa\OneDrive\Documents\texas-special-ed-site\districts\highland-park-isd\ard-process-guide-highland-park-isd.html,unchanged,,
C:\Users\elisa\OneDrive\Documents\texas-special-ed-site\districts\highland-park-isd\es\como-solicitar-una-evaluacion-fie-highland-park.html,unchanged,,
C:\Users\elisa\OneDrive\Documents\texas-special-ed-site\districts\highland-park-isd\es\evaluacion-educacion-especial-child-find.html,unchanged,,
C:\Users\elisa\OneDrive\Documents\texas-special-ed-site\districts\highland-park-isd\es\index.html,unchanged,,
C:\Users\elisa\OneDrive\Documents\texas-special-ed-site\districts\highland-park-isd\es\proceso-ard-guia-para-padres.html,unchanged,,
C:\Users\elisa\OneDrive\Documents\texas-special-ed-site\districts\highland-park-isd\es\quejas-y-disputas-educacion-especial.html,unchanged,,
C:\Users\elisa\OneDrive\Documents\texas-special-ed-site\districts\highland-park-isd\evaluation-child-find-highland-park-isd.html,unchanged,,
C:\Users\elisa\OneDrive\Documents\texas-special-ed-site\districts\highland-park-isd\grievance-dispute-resolution-highland-park-isd.html,unchanged,,
C:\Users\elisa\OneDrive\Documents\texas-special-ed-site\districts\highland-park-isd\how-to-request-evaluation.html,unchanged,,
C:\Users\elisa\OneDrive\Documents\texas-special-ed-site\districts\highland-park-isd\index.html,unchanged,,
C:\Users\elisa\OneDrive\Documents\texas-special-ed-site\districts\highland-park-isd\what-is-an-fie-highland-park-isd.html,unchanged,,
C:\Users\elisa\OneDrive\Documents\texas-special-ed-site\districts\houston-isd\ard-process-guide.html,fixed,Moved offer [Free ARD Rights Scan] to after paragraph 2,
C:\Users\elisa\OneDrive\Documents\texas-special-ed-site\districts\houston-isd\dyslexia-services.html,unchanged,,
C:\Users\elisa\OneDrive\Documents\texas-special-ed-site\districts\houston-isd\es\como-solicitar-una-evaluacion-fie-houston-isd.html,unchanged,,
C:\Users\elisa\OneDrive\Documents\texas-special-ed-site\districts\houston-isd\es\guia-proceso-ard.html,unchanged,,
C:\Users\elisa\OneDrive\Documents\texas-special-ed-site\districts\houston-isd\es\index.html,unchanged,,
C:\Users\elisa\OneDrive\Documents\texas-special-ed-site\districts\houston-isd\es\resolucion-disputas.html,unchanged,,
C:\Users\elisa\OneDrive\Documents\texas-special-ed-site\districts\houston-isd\es\servicios-dislexia.html,unchanged,,
C:\Users\elisa\OneDrive\Documents\texas-special-ed-site\districts\houston-isd\es\solicitar-evaluacion.html,unchanged,,
C:\Users\elisa\OneDrive\Documents\texas-special-ed-site\districts\houston-isd\evaluation-child-find.html,fixed,Moved offer [Show the ISD You Mean Business] to after paragraph 2,
C:\Users\elisa\OneDrive\Documents\texas-special-ed-site\districts\houston-isd\grievance-dispute-resolution.html,unchanged,,
C:\Users\elisa\OneDrive\Documents\texas-special-ed-site\districts\houston-isd\index.html,unchanged,,
C:\Users\elisa\OneDrive\Documents\texas-special-ed-site\districts\houston-isd\leadership-directory.html,unchanged,,
C:\Users\elisa\OneDrive\Documents\texas-special-ed-site\districts\houston-isd\partners.html,unchanged,,
C:\Users\elisa\OneDrive\Documents\texas-special-ed-site\districts\houston-isd\what-is-an-fie-houston-isd.html,fixed,Moved offer [Show the ISD You Mean Business] to after paragraph 2,
C:\Users\elisa\OneDrive\Documents\texas-special-ed-site\districts\hudson-isd\ard-process-guide-hudson-isd.html,unchanged,,
C:\Users\elisa\OneDrive\Documents\texas-special-ed-site\districts\hudson-isd\evaluation-child-find-hudson-isd.html,unchanged,,
C:\Users\elisa\OneDrive\Documents\texas-special-ed-site\districts\hudson-isd\grievance-dispute-resolution-hudson-isd.html,unchanged,,
C:\Users\elisa\OneDrive\Documents\texas-special-ed-site\districts\hudson-isd\index.html,unchanged,,
C:\Users\elisa\OneDrive\Documents\texas-special-ed-site\districts\hudson-isd\what-is-an-fie-hudson-isd.html,unchanged,,
C:\Users\elisa\OneDrive\Documents\texas-special-ed-site\districts\huffman-isd\ard-process-guide-huffman-isd.html,unchanged,,
C:\Users\elisa\OneDrive\Documents\texas-special-ed-site\districts\huffman-isd\es\como-solicitar-una-evaluacion-fie-huffman.html,unchanged,,
C:\Users\elisa\OneDrive\Documents\texas-special-ed-site\districts\huffman-isd\es\evaluacion-educacion-especial-child-find.html,unchanged,,
C:\Users\elisa\OneDrive\Documents\texas-special-ed-site\districts\huffman-isd\es\index.html,unchanged,,
C:\Users\elisa\OneDrive\Documents\texas-special-ed-site\districts\huffman-isd\es\proceso-ard-guia-para-padres.html,unchanged,,
C:\Users\elisa\OneDrive\Documents\texas-special-ed-site\districts\huffman-isd\es\quejas-y-disputas-educacion-especial.html,unchanged,,
C:\Users\elisa\OneDrive\Documents\texas-special-ed-site\districts\huffman-isd\evaluation-child-find-huffman-isd.html,unchanged,,
C:\Users\elisa\OneDrive\Documents\texas-special-ed-site\districts\huffman-isd\grievance-dispute-resolution-huffman-isd.html,unchanged,,
C:\Users\elisa\OneDrive\Documents\texas-special-ed-site\districts\huffman-isd\how-to-request-evaluation.html,unchanged,,
C:\Users\elisa\OneDrive\Documents\texas-special-ed-site\districts\huffman-isd\index.html,unchanged,,
C:\Users\elisa\OneDrive\Documents\texas-special-ed-site\districts\huffman-isd\what-is-an-fie-huffman-isd.html,unchanged,,
C:\Users\elisa\OneDrive\Documents\texas-special-ed-site\districts\humble-isd\ard-process-guide.html,fixed,Moved offer [Free ARD Rights Scan] to after paragraph 2,
C:\Users\elisa\OneDrive\Documents\texas-special-ed-site\districts\humble-isd\dyslexia-services.html,unchanged,,
C:\Users\elisa\OneDrive\Documents\texas-special-ed-site\districts\humble-isd\evaluation-child-find.html,fixed,Moved offer [Show the ISD You Mean Business] to after paragraph 2,
C:\Users\elisa\OneDrive\Documents\texas-special-ed-site\districts\humble-isd\grievance-dispute-resolution.html,unchanged,,
C:\Users\elisa\OneDrive\Documents\texas-special-ed-site\districts\humble-isd\index.html,unchanged,,
C:\Users\elisa\OneDrive\Documents\texas-special-ed-site\districts\humble-isd\leadership-directory.html,unchanged,,
C:\Users\elisa\OneDrive\Documents\texas-special-ed-site\districts\humble-isd\partners.html,unchanged,,
C:\Users\elisa\OneDrive\Documents\texas-special-ed-site\districts\humble-isd\what-is-an-fie-humble-isd.html,fixed,Moved offer [Show the ISD You Mean Business] to after paragraph 2,
C:\Users\elisa\OneDrive\Documents\texas-special-ed-site\districts\huntsville-isd\ard-process-guide-huntsville-isd.html,unchanged,,
C:\Users\elisa\OneDrive\Documents\texas-special-ed-site\districts\huntsville-isd\es\como-solicitar-una-evaluacion-fie-huntsville.html,unchanged,,
C:\Users\elisa\OneDrive\Documents\texas-special-ed-site\districts\huntsville-isd\es\evaluacion-educacion-especial-child-find.html,unchanged,,
C:\Users\elisa\OneDrive\Documents\texas-special-ed-site\districts\huntsville-isd\es\index.html,unchanged,,
C:\Users\elisa\OneDrive\Documents\texas-special-ed-site\districts\huntsville-isd\es\proceso-ard-guia-para-padres.html,unchanged,,
C:\Users\elisa\OneDrive\Documents\texas-special-ed-site\districts\huntsville-isd\es\quejas-y-disputas-educacion-especial.html,unchanged,,
C:\Users\elisa\OneDrive\Documents\texas-special-ed-site\districts\huntsville-isd\evaluation-child-find-huntsville-isd.html,unchanged,,
C:\Users\elisa\OneDrive\Documents\texas-special-ed-site\districts\huntsville-isd\grievance-dispute-resolution-huntsville-isd.html,unchanged,,
C:\Users\elisa\OneDrive\Documents\texas-special-ed-site\districts\huntsville-isd\how-to-request-evaluation.html,unchanged,,
C:\Users\elisa\OneDrive\Documents\texas-special-ed-site\districts\huntsville-isd\index.html,unchanged,,
C:\Users\elisa\OneDrive\Documents\texas-special-ed-site\districts\huntsville-isd\what-is-an-fie-huntsville-isd.html,unchanged,,
C:\Users\elisa\OneDrive\Documents\texas-special-ed-site\districts\hurst-euless-bedford-isd\ard-process-guide.html,fixed,Moved offer [Free ARD Rights Scan] to after paragraph 2,
C:\Users\elisa\OneDrive\Documents\texas-special-ed-site\districts\hurst-euless-bedford-isd\dyslexia-services.html,unchanged,,
C:\Users\elisa\OneDrive\Documents\texas-special-ed-site\districts\hurst-euless-bedford-isd\evaluation-child-find.html,fixed,Moved offer [Show the ISD You Mean Business] to after paragraph 2,
C:\Users\elisa\OneDrive\Documents\texas-special-ed-site\districts\hurst-euless-bedford-isd\grievance-dispute-resolution.html,unchanged,,
C:\Users\elisa\OneDrive\Documents\texas-special-ed-site\districts\hurst-euless-bedford-isd\index.html,unchanged,,
C:\Users\elisa\OneDrive\Documents\texas-special-ed-site\districts\hurst-euless-bedford-isd\leadership-directory.html,unchanged,,
C:\Users\elisa\OneDrive\Documents\texas-special-ed-site\districts\hurst-euless-bedford-isd\partners.html,unchanged,,
C:\Users\elisa\OneDrive\Documents\texas-special-ed-site\districts\hurst-euless-bedford-isd\what-is-an-fie-hurst-euless-bedford-isd.html,fixed,Moved offer [Show the ISD You Mean Business] to after paragraph 2,
C:\Users\elisa\OneDrive\Documents\texas-special-ed-site\districts\hutto-isd\ard-process-guide-hutto-isd.html,unchanged,,
C:\Users\elisa\OneDrive\Documents\texas-special-ed-site\districts\hutto-isd\es\como-solicitar-una-evaluacion-fie-hutto.html,unchanged,,
C:\Users\elisa\OneDrive\Documents\texas-special-ed-site\districts\hutto-isd\es\evaluacion-educacion-especial-child-find.html,unchanged,,
C:\Users\elisa\OneDrive\Documents\texas-special-ed-site\districts\hutto-isd\es\index.html,unchanged,,
C:\Users\elisa\OneDrive\Documents\texas-special-ed-site\districts\hutto-isd\es\proceso-ard-guia-para-padres.html,unchanged,,
C:\Users\elisa\OneDrive\Documents\texas-special-ed-site\districts\hutto-isd\es\quejas-y-disputas-educacion-especial.html,unchanged,,
C:\Users\elisa\OneDrive\Documents\texas-special-ed-site\districts\hutto-isd\evaluation-child-find-hutto-isd.html,unchanged,,
C:\Users\elisa\OneDrive\Documents\texas-special-ed-site\districts\hutto-isd\grievance-dispute-resolution-hutto-isd.html,unchanged,,
C:\Users\elisa\OneDrive\Documents\texas-special-ed-site\districts\hutto-isd\how-to-request-evaluation.html,unchanged,,
C:\Users\elisa\OneDrive\Documents\texas-special-ed-site\districts\hutto-isd\index.html,unchanged,,
C:\Users\elisa\OneDrive\Documents\texas-special-ed-site\districts\hutto-isd\what-is-an-fie-hutto-isd.html,unchanged,,
C:\Users\elisa\OneDrive\Documents\texas-special-ed-site\districts\idea-public-schools\ard-process-guide.html,fixed,Moved offer [Free ARD Rights Scan] to after paragraph 2,
C:\Users\elisa\OneDrive\Documents\texas-special-ed-site\districts\idea-public-schools\dyslexia-services.html,unchanged,,
C:\Users\elisa\OneDrive\Documents\texas-special-ed-site\districts\idea-public-schools\evaluation-child-find.html,fixed,Moved offer [Show the ISD You Mean Business] to after paragraph 2,
C:\Users\elisa\OneDrive\Documents\texas-special-ed-site\districts\idea-public-schools\grievance-dispute-resolution.html,unchanged,,
C:\Users\elisa\OneDrive\Documents\texas-special-ed-site\districts\idea-public-schools\index.html,unchanged,,
C:\Users\elisa\OneDrive\Documents\texas-special-ed-site\districts\idea-public-schools\leadership-directory.html,unchanged,,
C:\Users\elisa\OneDrive\Documents\texas-special-ed-site\districts\idea-public-schools\partners.html,unchanged,,
C:\Users\elisa\OneDrive\Documents\texas-special-ed-site\districts\idea-public-schools\what-is-an-fie-idea-public-schools.html,fixed,Moved offer [Show the ISD You Mean Business] to after paragraph 2,
C:\Users\elisa\OneDrive\Documents\texas-special-ed-site\districts\index.html,unchanged,,
C:\Users\elisa\OneDrive\Documents\texas-special-ed-site\districts\irving-isd\ard-process-guide.html,fixed,Moved offer [Free ARD Rights Scan] to after paragraph 2,
C:\Users\elisa\OneDrive\Documents\texas-special-ed-site\districts\irving-isd\dyslexia-services.html,unchanged,,
C:\Users\elisa\OneDrive\Documents\texas-special-ed-site\districts\irving-isd\evaluation-child-find.html,fixed,Moved offer [Show the ISD You Mean Business] to after paragraph 2,
C:\Users\elisa\OneDrive\Documents\texas-special-ed-site\districts\irving-isd\grievance-dispute-resolution.html,unchanged,,
C:\Users\elisa\OneDrive\Documents\texas-special-ed-site\districts\irving-isd\index.html,unchanged,,
C:\Users\elisa\OneDrive\Documents\texas-special-ed-site\districts\irving-isd\leadership-directory.html,unchanged,,
C:\Users\elisa\OneDrive\Documents\texas-special-ed-site\districts\irving-isd\partners.html,unchanged,,
C:\Users\elisa\OneDrive\Documents\texas-special-ed-site\districts\irving-isd\what-is-an-fie-irving-isd.html,fixed,Moved offer [Show the ISD You Mean Business] to after paragraph 2,
C:\Users\elisa\OneDrive\Documents\texas-special-ed-site\districts\jacksonville-isd\ard-process-guide-jacksonville-isd.html,unchanged,,
C:\Users\elisa\OneDrive\Documents\texas-special-ed-site\districts\jacksonville-isd\es\como-solicitar-una-evaluacion-fie-jacksonville.html,unchanged,,
C:\Users\elisa\OneDrive\Documents\texas-special-ed-site\districts\jacksonville-isd\es\evaluacion-educacion-especial-child-find.html,unchanged,,
C:\Users\elisa\OneDrive\Documents\texas-special-ed-site\districts\jacksonville-isd\es\index.html,unchanged,,
C:\Users\elisa\OneDrive\Documents\texas-special-ed-site\districts\jacksonville-isd\es\proceso-ard-guia-para-padres.html,unchanged,,
C:\Users\elisa\OneDrive\Documents\texas-special-ed-site\districts\jacksonville-isd\es\quejas-y-disputas-educacion-especial.html,unchanged,,
C:\Users\elisa\OneDrive\Documents\texas-special-ed-site\districts\jacksonville-isd\evaluation-child-find-jacksonville-isd.html,unchanged,,
C:\Users\elisa\OneDrive\Documents\texas-special-ed-site\districts\jacksonville-isd\grievance-dispute-resolution-jacksonville-isd.html,unchanged,,
C:\Users\elisa\OneDrive\Documents\texas-special-ed-site\districts\jacksonville-isd\how-to-request-evaluation.html,unchanged,,
C:\Users\elisa\OneDrive\Documents\texas-special-ed-site\districts\jacksonville-isd\index.html,unchanged,,
C:\Users\elisa\OneDrive\Documents\texas-special-ed-site\districts\jacksonville-isd\what-is-an-fie-jacksonville-isd.html,unchanged,,
C:\Users\elisa\OneDrive\Documents\texas-special-ed-site\districts\jarrell-isd\ard-process-guide-jarrell-isd.html,unchanged,,
C:\Users\elisa\OneDrive\Documents\texas-special-ed-site\districts\jarrell-isd\es\como-solicitar-una-evaluacion-fie-jarrell.html,unchanged,,
C:\Users\elisa\OneDrive\Documents\texas-special-ed-site\districts\jarrell-isd\es\evaluacion-educacion-especial-child-find.html,unchanged,,
C:\Users\elisa\OneDrive\Documents\texas-special-ed-site\districts\jarrell-isd\es\index.html,unchanged,,
C:\Users\elisa\OneDrive\Documents\texas-special-ed-site\districts\jarrell-isd\es\proceso-ard-guia-para-padres.html,unchanged,,
C:\Users\elisa\OneDrive\Documents\texas-special-ed-site\districts\jarrell-isd\es\quejas-y-disputas-educacion-especial.html,unchanged,,
C:\Users\elisa\OneDrive\Documents\texas-special-ed-site\districts\jarrell-isd\evaluation-child-find-jarrell-isd.html,unchanged,,
C:\Users\elisa\OneDrive\Documents\texas-special-ed-site\districts\jarrell-isd\grievance-dispute-resolution-jarrell-isd.html,unchanged,,
C:\Users\elisa\OneDrive\Documents\texas-special-ed-site\districts\jarrell-isd\how-to-request-evaluation.html,unchanged,,
C:\Users\elisa\OneDrive\Documents\texas-special-ed-site\districts\jarrell-isd\index.html,unchanged,,
C:\Users\elisa\OneDrive\Documents\texas-special-ed-site\districts\jarrell-isd\what-is-an-fie-jarrell-isd.html,unchanged,,
C:\Users\elisa\OneDrive\Documents\texas-special-ed-site\districts\joshua-isd\ard-process-guide-joshua-isd.html,unchanged,,
C:\Users\elisa\OneDrive\Documents\texas-special-ed-site\districts\joshua-isd\es\como-solicitar-una-evaluacion-fie-joshua.html,unchanged,,
C:\Users\elisa\OneDrive\Documents\texas-special-ed-site\districts\joshua-isd\es\evaluacion-educacion-especial-child-find.html,unchanged,,
C:\Users\elisa\OneDrive\Documents\texas-special-ed-site\districts\joshua-isd\es\index.html,unchanged,,
C:\Users\elisa\OneDrive\Documents\texas-special-ed-site\districts\joshua-isd\es\proceso-ard-guia-para-padres.html,unchanged,,
C:\Users\elisa\OneDrive\Documents\texas-special-ed-site\districts\joshua-isd\es\quejas-y-disputas-educacion-especial.html,unchanged,,
C:\Users\elisa\OneDrive\Documents\texas-special-ed-site\districts\joshua-isd\evaluation-child-find-joshua-isd.html,unchanged,,
C:\Users\elisa\OneDrive\Documents\texas-special-ed-site\districts\joshua-isd\grievance-dispute-resolution-joshua-isd.html,unchanged,,
C:\Users\elisa\OneDrive\Documents\texas-special-ed-site\districts\joshua-isd\how-to-request-evaluation.html,unchanged,,
C:\Users\elisa\OneDrive\Documents\texas-special-ed-site\districts\joshua-isd\index.html,unchanged,,
C:\Users\elisa\OneDrive\Documents\texas-special-ed-site\districts\joshua-isd\what-is-an-fie-joshua-isd.html,unchanged,,
C:\Users\elisa\OneDrive\Documents\texas-special-ed-site\districts\judson-isd\ard-process-guide.html,fixed,Moved offer [Free ARD Rights Scan] to after paragraph 2,
C:\Users\elisa\OneDrive\Documents\texas-special-ed-site\districts\judson-isd\dyslexia-services.html,unchanged,,
C:\Users\elisa\OneDrive\Documents\texas-special-ed-site\districts\judson-isd\evaluation-child-find.html,fixed,Moved offer [Show the ISD You Mean Business] to after paragraph 2,
C:\Users\elisa\OneDrive\Documents\texas-special-ed-site\districts\judson-isd\grievance-dispute-resolution.html,unchanged,,
C:\Users\elisa\OneDrive\Documents\texas-special-ed-site\districts\judson-isd\index.html,unchanged,,
C:\Users\elisa\OneDrive\Documents\texas-special-ed-site\districts\judson-isd\leadership-directory.html,unchanged,,
C:\Users\elisa\OneDrive\Documents\texas-special-ed-site\districts\judson-isd\partners.html,unchanged,,
C:\Users\elisa\OneDrive\Documents\texas-special-ed-site\districts\judson-isd\what-is-an-fie-judson-isd.html,fixed,Moved offer [Show the ISD You Mean Business] to after paragraph 2,
C:\Users\elisa\OneDrive\Documents\texas-special-ed-site\districts\katy-isd\ard-process-guide.html,fixed,Moved offer [Free ARD Rights Scan] to after paragraph 2,
C:\Users\elisa\OneDrive\Documents\texas-special-ed-site\districts\katy-isd\dyslexia-services.html,unchanged,,
C:\Users\elisa\OneDrive\Documents\texas-special-ed-site\districts\katy-isd\evaluation-child-find.html,fixed,Moved offer [Show the ISD You Mean Business] to after paragraph 2,
C:\Users\elisa\OneDrive\Documents\texas-special-ed-site\districts\katy-isd\grievance-dispute-resolution.html,unchanged,,
C:\Users\elisa\OneDrive\Documents\texas-special-ed-site\districts\katy-isd\index.html,unchanged,,
C:\Users\elisa\OneDrive\Documents\texas-special-ed-site\districts\katy-isd\leadership-directory.html,unchanged,,
C:\Users\elisa\OneDrive\Documents\texas-special-ed-site\districts\katy-isd\partners.html,unchanged,,
C:\Users\elisa\OneDrive\Documents\texas-special-ed-site\districts\katy-isd\special-ed-updates.html,unchanged,,
C:\Users\elisa\OneDrive\Documents\texas-special-ed-site\districts\katy-isd\what-is-an-fie-katy-isd.html,fixed,Moved offer [Show the ISD You Mean Business] to after paragraph 2,
C:\Users\elisa\OneDrive\Documents\texas-special-ed-site\districts\kaufman-isd\ard-process-guide-kaufman-isd.html,unchanged,,
C:\Users\elisa\OneDrive\Documents\texas-special-ed-site\districts\kaufman-isd\es\como-solicitar-una-evaluacion-fie-kaufman.html,unchanged,,
C:\Users\elisa\OneDrive\Documents\texas-special-ed-site\districts\kaufman-isd\es\evaluacion-educacion-especial-child-find.html,unchanged,,
C:\Users\elisa\OneDrive\Documents\texas-special-ed-site\districts\kaufman-isd\es\index.html,unchanged,,
C:\Users\elisa\OneDrive\Documents\texas-special-ed-site\districts\kaufman-isd\es\proceso-ard-guia-para-padres.html,unchanged,,
C:\Users\elisa\OneDrive\Documents\texas-special-ed-site\districts\kaufman-isd\es\quejas-y-disputas-educacion-especial.html,unchanged,,
C:\Users\elisa\OneDrive\Documents\texas-special-ed-site\districts\kaufman-isd\evaluation-child-find-kaufman-isd.html,unchanged,,
C:\Users\elisa\OneDrive\Documents\texas-special-ed-site\districts\kaufman-isd\grievance-dispute-resolution-kaufman-isd.html,unchanged,,
C:\Users\elisa\OneDrive\Documents\texas-special-ed-site\districts\kaufman-isd\how-to-request-evaluation.html,unchanged,,
C:\Users\elisa\OneDrive\Documents\texas-special-ed-site\districts\kaufman-isd\index.html,unchanged,,
C:\Users\elisa\OneDrive\Documents\texas-special-ed-site\districts\kaufman-isd\what-is-an-fie-kaufman-isd.html,unchanged,,
C:\Users\elisa\OneDrive\Documents\texas-special-ed-site\districts\keller-isd\ard-process-guide.html,fixed,Moved offer [Free ARD Rights Scan] to after paragraph 2,
C:\Users\elisa\OneDrive\Documents\texas-special-ed-site\districts\keller-isd\dyslexia-services.html,unchanged,,
C:\Users\elisa\OneDrive\Documents\texas-special-ed-site\districts\keller-isd\evaluation-child-find.html,fixed,Moved offer [Show the ISD You Mean Business] to after paragraph 2,
C:\Users\elisa\OneDrive\Documents\texas-special-ed-site\districts\keller-isd\grievance-dispute-resolution.html,unchanged,,
C:\Users\elisa\OneDrive\Documents\texas-special-ed-site\districts\keller-isd\index.html,unchanged,,
C:\Users\elisa\OneDrive\Documents\texas-special-ed-site\districts\keller-isd\leadership-directory.html,unchanged,,
C:\Users\elisa\OneDrive\Documents\texas-special-ed-site\districts\keller-isd\partners.html,unchanged,,
C:\Users\elisa\OneDrive\Documents\texas-special-ed-site\districts\keller-isd\what-is-an-fie-keller-isd.html,fixed,Moved offer [Show the ISD You Mean Business] to after paragraph 2,
C:\Users\elisa\OneDrive\Documents\texas-special-ed-site\districts\kennedale-isd\ard-process-guide-kennedale-isd.html,unchanged,,
C:\Users\elisa\OneDrive\Documents\texas-special-ed-site\districts\kennedale-isd\evaluation-child-find-kennedale-isd.html,unchanged,,
C:\Users\elisa\OneDrive\Documents\texas-special-ed-site\districts\kennedale-isd\grievance-dispute-resolution-kennedale-isd.html,unchanged,,
C:\Users\elisa\OneDrive\Documents\texas-special-ed-site\districts\kennedale-isd\index.html,unchanged,,
C:\Users\elisa\OneDrive\Documents\texas-special-ed-site\districts\kennedale-isd\what-is-an-fie-kennedale-isd.html,unchanged,,
C:\Users\elisa\OneDrive\Documents\texas-special-ed-site\districts\kerrville-isd\ard-process-guide-kerrville-isd.html,unchanged,,
C:\Users\elisa\OneDrive\Documents\texas-special-ed-site\districts\kerrville-isd\es\como-solicitar-una-evaluacion-fie-keller-isd-texas.html,unchanged,,
C:\Users\elisa\OneDrive\Documents\texas-special-ed-site\districts\kerrville-isd\es\como-solicitar-una-evaluacion-fie-kerrville.html,unchanged,,
C:\Users\elisa\OneDrive\Documents\texas-special-ed-site\districts\kerrville-isd\es\evaluacion-educacion-especial-child-find.html,unchanged,,
C:\Users\elisa\OneDrive\Documents\texas-special-ed-site\districts\kerrville-isd\es\index.html,unchanged,,
C:\Users\elisa\OneDrive\Documents\texas-special-ed-site\districts\kerrville-isd\es\proceso-ard-guia-para-padres.html,unchanged,,
C:\Users\elisa\OneDrive\Documents\texas-special-ed-site\districts\kerrville-isd\es\quejas-y-disputas-educacion-especial.html,unchanged,,
C:\Users\elisa\OneDrive\Documents\texas-special-ed-site\districts\kerrville-isd\evaluation-child-find-kerrville-isd.html,unchanged,,
C:\Users\elisa\OneDrive\Documents\texas-special-ed-site\districts\kerrville-isd\grievance-dispute-resolution-kerrville-isd.html,unchanged,,
C:\Users\elisa\OneDrive\Documents\texas-special-ed-site\districts\kerrville-isd\how-to-request-evaluation.html,unchanged,,
C:\Users\elisa\OneDrive\Documents\texas-special-ed-site\districts\kerrville-isd\index.html,unchanged,,
C:\Users\elisa\OneDrive\Documents\texas-special-ed-site\districts\kerrville-isd\what-is-an-fie-kerrville-isd.html,unchanged,,
C:\Users\elisa\OneDrive\Documents\texas-special-ed-site\districts\kilgore-isd\ard-process-guide-kilgore-isd.html,unchanged,,
C:\Users\elisa\OneDrive\Documents\texas-special-ed-site\districts\kilgore-isd\es\como-solicitar-una-evaluacion-fie-kilgore.html,unchanged,,
C:\Users\elisa\OneDrive\Documents\texas-special-ed-site\districts\kilgore-isd\es\evaluacion-educacion-especial-child-find.html,unchanged,,
C:\Users\elisa\OneDrive\Documents\texas-special-ed-site\districts\kilgore-isd\es\index.html,unchanged,,
C:\Users\elisa\OneDrive\Documents\texas-special-ed-site\districts\kilgore-isd\es\proceso-ard-guia-para-padres.html,unchanged,,
C:\Users\elisa\OneDrive\Documents\texas-special-ed-site\districts\kilgore-isd\es\quejas-y-disputas-educacion-especial.html,unchanged,,
C:\Users\elisa\OneDrive\Documents\texas-special-ed-site\districts\kilgore-isd\evaluation-child-find-kilgore-isd.html,unchanged,,
C:\Users\elisa\OneDrive\Documents\texas-special-ed-site\districts\kilgore-isd\grievance-dispute-resolution-kilgore-isd.html,unchanged,,
C:\Users\elisa\OneDrive\Documents\texas-special-ed-site\districts\kilgore-isd\how-to-request-evaluation.html,unchanged,,
C:\Users\elisa\OneDrive\Documents\texas-special-ed-site\districts\kilgore-isd\index.html,unchanged,,
C:\Users\elisa\OneDrive\Documents\texas-special-ed-site\districts\kilgore-isd\what-is-an-fie-kilgore-isd.html,unchanged,,
C:\Users\elisa\OneDrive\Documents\texas-special-ed-site\districts\killeen-isd\ard-process-guide.html,fixed,Moved offer [Free ARD Rights Scan] to after paragraph 2,
C:\Users\elisa\OneDrive\Documents\texas-special-ed-site\districts\killeen-isd\dyslexia-services.html,unchanged,,
C:\Users\elisa\OneDrive\Documents\texas-special-ed-site\districts\killeen-isd\evaluation-child-find.html,fixed,Moved offer [Show the ISD You Mean Business] to after paragraph 2,
C:\Users\elisa\OneDrive\Documents\texas-special-ed-site\districts\killeen-isd\grievance-dispute-resolution.html,unchanged,,
C:\Users\elisa\OneDrive\Documents\texas-special-ed-site\districts\killeen-isd\index.html,unchanged,,
C:\Users\elisa\OneDrive\Documents\texas-special-ed-site\districts\killeen-isd\leadership-directory.html,unchanged,,
C:\Users\elisa\OneDrive\Documents\texas-special-ed-site\districts\killeen-isd\partners.html,unchanged,,
C:\Users\elisa\OneDrive\Documents\texas-special-ed-site\districts\killeen-isd\what-is-an-fie-killeen-isd.html,fixed,Moved offer [Show the ISD You Mean Business] to after paragraph 2,
C:\Users\elisa\OneDrive\Documents\texas-special-ed-site\districts\kingsville-isd\ard-process-guide-kingsville-isd.html,unchanged,,
C:\Users\elisa\OneDrive\Documents\texas-special-ed-site\districts\kingsville-isd\evaluation-child-find-kingsville-isd.html,unchanged,,
C:\Users\elisa\OneDrive\Documents\texas-special-ed-site\districts\kingsville-isd\grievance-dispute-resolution-kingsville-isd.html,unchanged,,
C:\Users\elisa\OneDrive\Documents\texas-special-ed-site\districts\kingsville-isd\index.html,unchanged,,
C:\Users\elisa\OneDrive\Documents\texas-special-ed-site\districts\kingsville-isd\what-is-an-fie-kingsville-isd.html,unchanged,,
C:\Users\elisa\OneDrive\Documents\texas-special-ed-site\districts\klein-isd\ard-process-guide.html,fixed,Moved offer [Free ARD Rights Scan] to after paragraph 2,
C:\Users\elisa\OneDrive\Documents\texas-special-ed-site\districts\klein-isd\dyslexia-services.html,unchanged,,
C:\Users\elisa\OneDrive\Documents\texas-special-ed-site\districts\klein-isd\evaluation-child-find.html,fixed,Moved offer [Show the ISD You Mean Business] to after paragraph 2,
C:\Users\elisa\OneDrive\Documents\texas-special-ed-site\districts\klein-isd\grievance-dispute-resolution.html,unchanged,,
C:\Users\elisa\OneDrive\Documents\texas-special-ed-site\districts\klein-isd\index.html,unchanged,,
C:\Users\elisa\OneDrive\Documents\texas-special-ed-site\districts\klein-isd\leadership-directory.html,unchanged,,
C:\Users\elisa\OneDrive\Documents\texas-special-ed-site\districts\klein-isd\partners.html,unchanged,,
C:\Users\elisa\OneDrive\Documents\texas-special-ed-site\districts\klein-isd\what-is-an-fie-klein-isd.html,fixed,Moved offer [Show the ISD You Mean Business] to after paragraph 2,
C:\Users\elisa\OneDrive\Documents\texas-special-ed-site\districts\krum-isd\ard-process-guide-krum-isd.html,unchanged,,
C:\Users\elisa\OneDrive\Documents\texas-special-ed-site\districts\krum-isd\evaluation-child-find-krum-isd.html,unchanged,,
C:\Users\elisa\OneDrive\Documents\texas-special-ed-site\districts\krum-isd\grievance-dispute-resolution-krum-isd.html,unchanged,,
C:\Users\elisa\OneDrive\Documents\texas-special-ed-site\districts\krum-isd\index.html,unchanged,,
C:\Users\elisa\OneDrive\Documents\texas-special-ed-site\districts\krum-isd\what-is-an-fie-krum-isd.html,unchanged,,
C:\Users\elisa\OneDrive\Documents\texas-special-ed-site\districts\la-feria-isd\ard-process-guide-la-feria-isd.html,unchanged,,
C:\Users\elisa\OneDrive\Documents\texas-special-ed-site\districts\la-feria-isd\evaluation-child-find-la-feria-isd.html,unchanged,,
C:\Users\elisa\OneDrive\Documents\texas-special-ed-site\districts\la-feria-isd\grievance-dispute-resolution-la-feria-isd.html,unchanged,,
C:\Users\elisa\OneDrive\Documents\texas-special-ed-site\districts\la-feria-isd\index.html,unchanged,,
C:\Users\elisa\OneDrive\Documents\texas-special-ed-site\districts\la-feria-isd\what-is-an-fie-la-feria-isd.html,unchanged,,
C:\Users\elisa\OneDrive\Documents\texas-special-ed-site\districts\la-joya-isd\ard-process-guide.html,fixed,Moved offer [Free ARD Rights Scan] to after paragraph 2,
C:\Users\elisa\OneDrive\Documents\texas-special-ed-site\districts\la-joya-isd\dyslexia-services.html,unchanged,,
C:\Users\elisa\OneDrive\Documents\texas-special-ed-site\districts\la-joya-isd\es\como-solicitar-una-evaluacion-fie-la-joya-isd.html,unchanged,,
C:\Users\elisa\OneDrive\Documents\texas-special-ed-site\districts\la-joya-isd\es\guia-proceso-ard.html,unchanged,,
C:\Users\elisa\OneDrive\Documents\texas-special-ed-site\districts\la-joya-isd\es\index.html,unchanged,,
C:\Users\elisa\OneDrive\Documents\texas-special-ed-site\districts\la-joya-isd\es\resolucion-disputas.html,unchanged,,
C:\Users\elisa\OneDrive\Documents\texas-special-ed-site\districts\la-joya-isd\es\servicios-dislexia.html,unchanged,,
C:\Users\elisa\OneDrive\Documents\texas-special-ed-site\districts\la-joya-isd\es\solicitar-evaluacion.html,unchanged,,
C:\Users\elisa\OneDrive\Documents\texas-special-ed-site\districts\la-joya-isd\evaluation-child-find.html,fixed,Moved offer [Show the ISD You Mean Business] to after paragraph 2,
C:\Users\elisa\OneDrive\Documents\texas-special-ed-site\districts\la-joya-isd\grievance-dispute-resolution.html,unchanged,,
C:\Users\elisa\OneDrive\Documents\texas-special-ed-site\districts\la-joya-isd\index.html,unchanged,,
C:\Users\elisa\OneDrive\Documents\texas-special-ed-site\districts\la-joya-isd\leadership-directory.html,unchanged,,
C:\Users\elisa\OneDrive\Documents\texas-special-ed-site\districts\la-joya-isd\partners.html,unchanged,,
C:\Users\elisa\OneDrive\Documents\texas-special-ed-site\districts\la-joya-isd\what-is-an-fie-la-joya-isd.html,fixed,Moved offer [Show the ISD You Mean Business] to after paragraph 2,
C:\Users\elisa\OneDrive\Documents\texas-special-ed-site\districts\la-porte-isd\ard-process-guide-la-porte-isd.html,unchanged,,
C:\Users\elisa\OneDrive\Documents\texas-special-ed-site\districts\la-porte-isd\es\como-solicitar-una-evaluacion-fie-la-porte.html,unchanged,,
C:\Users\elisa\OneDrive\Documents\texas-special-ed-site\districts\la-porte-isd\es\evaluacion-educacion-especial-child-find.html,unchanged,,
C:\Users\elisa\OneDrive\Documents\texas-special-ed-site\districts\la-porte-isd\es\index.html,unchanged,,
C:\Users\elisa\OneDrive\Documents\texas-special-ed-site\districts\la-porte-isd\es\proceso-ard-guia-para-padres.html,unchanged,,
C:\Users\elisa\OneDrive\Documents\texas-special-ed-site\districts\la-porte-isd\es\quejas-y-disputas-educacion-especial.html,unchanged,,
C:\Users\elisa\OneDrive\Documents\texas-special-ed-site\districts\la-porte-isd\evaluation-child-find-la-porte-isd.html,unchanged,,
C:\Users\elisa\OneDrive\Documents\texas-special-ed-site\districts\la-porte-isd\grievance-dispute-resolution-la-porte-isd.html,unchanged,,
C:\Users\elisa\OneDrive\Documents\texas-special-ed-site\districts\la-porte-isd\how-to-request-evaluation.html,unchanged,,
C:\Users\elisa\OneDrive\Documents\texas-special-ed-site\districts\la-porte-isd\index.html,unchanged,,
C:\Users\elisa\OneDrive\Documents\texas-special-ed-site\districts\la-porte-isd\what-is-an-fie-la-porte-isd.html,unchanged,,
C:\Users\elisa\OneDrive\Documents\texas-special-ed-site\districts\la-vega-isd\ard-process-guide-la-vega-isd.html,unchanged,,
C:\Users\elisa\OneDrive\Documents\texas-special-ed-site\districts\la-vega-isd\es\como-solicitar-una-evaluacion-fie-la-vega.html,unchanged,,
C:\Users\elisa\OneDrive\Documents\texas-special-ed-site\districts\la-vega-isd\es\evaluacion-educacion-especial-child-find.html,unchanged,,
C:\Users\elisa\OneDrive\Documents\texas-special-ed-site\districts\la-vega-isd\es\index.html,unchanged,,
C:\Users\elisa\OneDrive\Documents\texas-special-ed-site\districts\la-vega-isd\es\proceso-ard-guia-para-padres.html,unchanged,,
C:\Users\elisa\OneDrive\Documents\texas-special-ed-site\districts\la-vega-isd\es\quejas-y-disputas-educacion-especial.html,unchanged,,
C:\Users\elisa\OneDrive\Documents\texas-special-ed-site\districts\la-vega-isd\evaluation-child-find-la-vega-isd.html,unchanged,,
C:\Users\elisa\OneDrive\Documents\texas-special-ed-site\districts\la-vega-isd\grievance-dispute-resolution-la-vega-isd.html,unchanged,,
C:\Users\elisa\OneDrive\Documents\texas-special-ed-site\districts\la-vega-isd\how-to-request-evaluation.html,unchanged,,
C:\Users\elisa\OneDrive\Documents\texas-special-ed-site\districts\la-vega-isd\index.html,unchanged,,
C:\Users\elisa\OneDrive\Documents\texas-special-ed-site\districts\la-vega-isd\what-is-an-fie-la-vega-isd.html,unchanged,,
C:\Users\elisa\OneDrive\Documents\texas-special-ed-site\districts\la-vernia-isd\ard-process-guide-la-vernia-isd.html,unchanged,,
C:\Users\elisa\OneDrive\Documents\texas-special-ed-site\districts\la-vernia-isd\es\como-solicitar-una-evaluacion-fie-la-vernia.html,unchanged,,
C:\Users\elisa\OneDrive\Documents\texas-special-ed-site\districts\la-vernia-isd\es\evaluacion-educacion-especial-child-find.html,unchanged,,
C:\Users\elisa\OneDrive\Documents\texas-special-ed-site\districts\la-vernia-isd\es\index.html,unchanged,,
C:\Users\elisa\OneDrive\Documents\texas-special-ed-site\districts\la-vernia-isd\es\proceso-ard-guia-para-padres.html,unchanged,,
C:\Users\elisa\OneDrive\Documents\texas-special-ed-site\districts\la-vernia-isd\es\quejas-y-disputas-educacion-especial.html,unchanged,,
C:\Users\elisa\OneDrive\Documents\texas-special-ed-site\districts\la-vernia-isd\evaluation-child-find-la-vernia-isd.html,unchanged,,
C:\Users\elisa\OneDrive\Documents\texas-special-ed-site\districts\la-vernia-isd\grievance-dispute-resolution-la-vernia-isd.html,unchanged,,
C:\Users\elisa\OneDrive\Documents\texas-special-ed-site\districts\la-vernia-isd\how-to-request-evaluation.html,unchanged,,
C:\Users\elisa\OneDrive\Documents\texas-special-ed-site\districts\la-vernia-isd\index.html,unchanged,,
C:\Users\elisa\OneDrive\Documents\texas-special-ed-site\districts\la-vernia-isd\what-is-an-fie-la-vernia-isd.html,unchanged,,
C:\Users\elisa\OneDrive\Documents\texas-special-ed-site\districts\lake-dallas-isd\ard-process-guide-lake-dallas-isd.html,unchanged,,
C:\Users\elisa\OneDrive\Documents\texas-special-ed-site\districts\lake-dallas-isd\es\como-solicitar-una-evaluacion-fie-lake-dallas.html,unchanged,,
C:\Users\elisa\OneDrive\Documents\texas-special-ed-site\districts\lake-dallas-isd\es\evaluacion-educacion-especial-child-find.html,unchanged,,
C:\Users\elisa\OneDrive\Documents\texas-special-ed-site\districts\lake-dallas-isd\es\index.html,unchanged,,
C:\Users\elisa\OneDrive\Documents\texas-special-ed-site\districts\lake-dallas-isd\es\proceso-ard-guia-para-padres.html,unchanged,,
C:\Users\elisa\OneDrive\Documents\texas-special-ed-site\districts\lake-dallas-isd\es\quejas-y-disputas-educacion-especial.html,unchanged,,
C:\Users\elisa\OneDrive\Documents\texas-special-ed-site\districts\lake-dallas-isd\evaluation-child-find-lake-dallas-isd.html,unchanged,,
C:\Users\elisa\OneDrive\Documents\texas-special-ed-site\districts\lake-dallas-isd\grievance-dispute-resolution-lake-dallas-isd.html,unchanged,,
C:\Users\elisa\OneDrive\Documents\texas-special-ed-site\districts\lake-dallas-isd\how-to-request-evaluation.html,unchanged,,
C:\Users\elisa\OneDrive\Documents\texas-special-ed-site\districts\lake-dallas-isd\index.html,unchanged,,
C:\Users\elisa\OneDrive\Documents\texas-special-ed-site\districts\lake-dallas-isd\what-is-an-fie-lake-dallas-isd.html,unchanged,,
C:\Users\elisa\OneDrive\Documents\texas-special-ed-site\districts\lake-travis-isd\ard-process-guide.html,fixed,Moved offer [Free ARD Rights Scan] to after paragraph 2,
C:\Users\elisa\OneDrive\Documents\texas-special-ed-site\districts\lake-travis-isd\dyslexia-services.html,unchanged,,
C:\Users\elisa\OneDrive\Documents\texas-special-ed-site\districts\lake-travis-isd\evaluation-child-find.html,fixed,Moved offer [Show the ISD You Mean Business] to after paragraph 2,
C:\Users\elisa\OneDrive\Documents\texas-special-ed-site\districts\lake-travis-isd\grievance-dispute-resolution.html,unchanged,,
C:\Users\elisa\OneDrive\Documents\texas-special-ed-site\districts\lake-travis-isd\index.html,unchanged,,
C:\Users\elisa\OneDrive\Documents\texas-special-ed-site\districts\lake-travis-isd\leadership-directory.html,unchanged,,
C:\Users\elisa\OneDrive\Documents\texas-special-ed-site\districts\lake-travis-isd\partners.html,unchanged,,
C:\Users\elisa\OneDrive\Documents\texas-special-ed-site\districts\lake-travis-isd\what-is-an-fie-lake-travis-isd.html,fixed,Moved offer [Show the ISD You Mean Business] to after paragraph 2,
C:\Users\elisa\OneDrive\Documents\texas-special-ed-site\districts\lake-worth-isd\ard-process-guide-lake-worth-isd.html,unchanged,,
C:\Users\elisa\OneDrive\Documents\texas-special-ed-site\districts\lake-worth-isd\es\como-solicitar-una-evaluacion-fie-lake-worth.html,unchanged,,
C:\Users\elisa\OneDrive\Documents\texas-special-ed-site\districts\lake-worth-isd\es\evaluacion-educacion-especial-child-find.html,unchanged,,
C:\Users\elisa\OneDrive\Documents\texas-special-ed-site\districts\lake-worth-isd\es\index.html,unchanged,,
C:\Users\elisa\OneDrive\Documents\texas-special-ed-site\districts\lake-worth-isd\es\proceso-ard-guia-para-padres.html,unchanged,,
C:\Users\elisa\OneDrive\Documents\texas-special-ed-site\districts\lake-worth-isd\es\quejas-y-disputas-educacion-especial.html,unchanged,,
C:\Users\elisa\OneDrive\Documents\texas-special-ed-site\districts\lake-worth-isd\evaluation-child-find-lake-worth-isd.html,unchanged,,
C:\Users\elisa\OneDrive\Documents\texas-special-ed-site\districts\lake-worth-isd\grievance-dispute-resolution-lake-worth-isd.html,unchanged,,
C:\Users\elisa\OneDrive\Documents\texas-special-ed-site\districts\lake-worth-isd\how-to-request-evaluation.html,unchanged,,
C:\Users\elisa\OneDrive\Documents\texas-special-ed-site\districts\lake-worth-isd\index.html,unchanged,,
C:\Users\elisa\OneDrive\Documents\texas-special-ed-site\districts\lake-worth-isd\what-is-an-fie-lake-worth-isd.html,unchanged,,
C:\Users\elisa\OneDrive\Documents\texas-special-ed-site\districts\lamar-cisd\ard-process-guide.html,fixed,Moved offer [Free ARD Rights Scan] to after paragraph 2,
C:\Users\elisa\OneDrive\Documents\texas-special-ed-site\districts\lamar-cisd\dyslexia-services.html,unchanged,,
C:\Users\elisa\OneDrive\Documents\texas-special-ed-site\districts\lamar-cisd\evaluation-child-find.html,fixed,Moved offer [Show the ISD You Mean Business] to after paragraph 2,
C:\Users\elisa\OneDrive\Documents\texas-special-ed-site\districts\lamar-cisd\grievance-dispute-resolution.html,unchanged,,
C:\Users\elisa\OneDrive\Documents\texas-special-ed-site\districts\lamar-cisd\index.html,unchanged,,
C:\Users\elisa\OneDrive\Documents\texas-special-ed-site\districts\lamar-cisd\leadership-directory.html,unchanged,,
C:\Users\elisa\OneDrive\Documents\texas-special-ed-site\districts\lamar-cisd\partners.html,unchanged,,
C:\Users\elisa\OneDrive\Documents\texas-special-ed-site\districts\lamar-cisd\what-is-an-fie-lamar-cisd.html,fixed,Moved offer [Show the ISD You Mean Business] to after paragraph 2,
C:\Users\elisa\OneDrive\Documents\texas-special-ed-site\districts\lampasas-isd\ard-process-guide-lampasas-isd.html,unchanged,,
C:\Users\elisa\OneDrive\Documents\texas-special-ed-site\districts\lampasas-isd\es\como-solicitar-una-evaluacion-fie-lampasas.html,unchanged,,
C:\Users\elisa\OneDrive\Documents\texas-special-ed-site\districts\lampasas-isd\es\evaluacion-educacion-especial-child-find.html,unchanged,,
C:\Users\elisa\OneDrive\Documents\texas-special-ed-site\districts\lampasas-isd\es\index.html,unchanged,,
C:\Users\elisa\OneDrive\Documents\texas-special-ed-site\districts\lampasas-isd\es\proceso-ard-guia-para-padres.html,unchanged,,
C:\Users\elisa\OneDrive\Documents\texas-special-ed-site\districts\lampasas-isd\es\quejas-y-disputas-educacion-especial.html,unchanged,,
C:\Users\elisa\OneDrive\Documents\texas-special-ed-site\districts\lampasas-isd\evaluation-child-find-lampasas-isd.html,unchanged,,
C:\Users\elisa\OneDrive\Documents\texas-special-ed-site\districts\lampasas-isd\grievance-dispute-resolution-lampasas-isd.html,unchanged,,
C:\Users\elisa\OneDrive\Documents\texas-special-ed-site\districts\lampasas-isd\how-to-request-evaluation.html,unchanged,,
C:\Users\elisa\OneDrive\Documents\texas-special-ed-site\districts\lampasas-isd\index.html,unchanged,,
C:\Users\elisa\OneDrive\Documents\texas-special-ed-site\districts\lampasas-isd\what-is-an-fie-lampasas-isd.html,unchanged,,
C:\Users\elisa\OneDrive\Documents\texas-special-ed-site\districts\lancaster-isd\ard-process-guide-lancaster-isd.html,unchanged,,
C:\Users\elisa\OneDrive\Documents\texas-special-ed-site\districts\lancaster-isd\es\como-solicitar-una-evaluacion-fie-lancaster.html,unchanged,,
C:\Users\elisa\OneDrive\Documents\texas-special-ed-site\districts\lancaster-isd\es\evaluacion-educacion-especial-child-find.html,unchanged,,
C:\Users\elisa\OneDrive\Documents\texas-special-ed-site\districts\lancaster-isd\es\index.html,unchanged,,
C:\Users\elisa\OneDrive\Documents\texas-special-ed-site\districts\lancaster-isd\es\proceso-ard-guia-para-padres.html,unchanged,,
C:\Users\elisa\OneDrive\Documents\texas-special-ed-site\districts\lancaster-isd\es\quejas-y-disputas-educacion-especial.html,unchanged,,
C:\Users\elisa\OneDrive\Documents\texas-special-ed-site\districts\lancaster-isd\evaluation-child-find-lancaster-isd.html,unchanged,,
C:\Users\elisa\OneDrive\Documents\texas-special-ed-site\districts\lancaster-isd\grievance-dispute-resolution-lancaster-isd.html,unchanged,,
C:\Users\elisa\OneDrive\Documents\texas-special-ed-site\districts\lancaster-isd\how-to-request-evaluation.html,unchanged,,
C:\Users\elisa\OneDrive\Documents\texas-special-ed-site\districts\lancaster-isd\index.html,unchanged,,
C:\Users\elisa\OneDrive\Documents\texas-special-ed-site\districts\lancaster-isd\what-is-an-fie-lancaster-isd.html,unchanged,,
C:\Users\elisa\OneDrive\Documents\texas-special-ed-site\districts\laredo-isd\ard-process-guide.html,fixed,Moved offer [Free ARD Rights Scan] to after paragraph 2,
C:\Users\elisa\OneDrive\Documents\texas-special-ed-site\districts\laredo-isd\dyslexia-services.html,unchanged,,
C:\Users\elisa\OneDrive\Documents\texas-special-ed-site\districts\laredo-isd\evaluation-child-find.html,fixed,Moved offer [Show the ISD You Mean Business] to after paragraph 2,
C:\Users\elisa\OneDrive\Documents\texas-special-ed-site\districts\laredo-isd\grievance-dispute-resolution.html,unchanged,,
C:\Users\elisa\OneDrive\Documents\texas-special-ed-site\districts\laredo-isd\index.html,unchanged,,
C:\Users\elisa\OneDrive\Documents\texas-special-ed-site\districts\laredo-isd\leadership-directory.html,unchanged,,
C:\Users\elisa\OneDrive\Documents\texas-special-ed-site\districts\laredo-isd\partners.html,unchanged,,
C:\Users\elisa\OneDrive\Documents\texas-special-ed-site\districts\laredo-isd\what-is-an-fie-laredo-isd.html,fixed,Moved offer [Show the ISD You Mean Business] to after paragraph 2,
C:\Users\elisa\OneDrive\Documents\texas-special-ed-site\districts\leander-isd\ard-process-guide.html,fixed,Moved offer [Free ARD Rights Scan] to after paragraph 2,
C:\Users\elisa\OneDrive\Documents\texas-special-ed-site\districts\leander-isd\dyslexia-services.html,unchanged,,
C:\Users\elisa\OneDrive\Documents\texas-special-ed-site\districts\leander-isd\evaluation-child-find.html,fixed,Moved offer [Show the ISD You Mean Business] to after paragraph 2,
C:\Users\elisa\OneDrive\Documents\texas-special-ed-site\districts\leander-isd\grievance-dispute-resolution.html,unchanged,,
C:\Users\elisa\OneDrive\Documents\texas-special-ed-site\districts\leander-isd\index.html,unchanged,,
C:\Users\elisa\OneDrive\Documents\texas-special-ed-site\districts\leander-isd\leadership-directory.html,unchanged,,
C:\Users\elisa\OneDrive\Documents\texas-special-ed-site\districts\leander-isd\partners.html,unchanged,,
C:\Users\elisa\OneDrive\Documents\texas-special-ed-site\districts\leander-isd\what-is-an-fie-leander-isd.html,fixed,Moved offer [Show the ISD You Mean Business] to after paragraph 2,
C:\Users\elisa\OneDrive\Documents\texas-special-ed-site\districts\levelland-isd\ard-process-guide-levelland-isd.html,unchanged,,
C:\Users\elisa\OneDrive\Documents\texas-special-ed-site\districts\levelland-isd\evaluation-child-find-levelland-isd.html,unchanged,,
C:\Users\elisa\OneDrive\Documents\texas-special-ed-site\districts\levelland-isd\grievance-dispute-resolution-levelland-isd.html,unchanged,,
C:\Users\elisa\OneDrive\Documents\texas-special-ed-site\districts\levelland-isd\index.html,unchanged,,
C:\Users\elisa\OneDrive\Documents\texas-special-ed-site\districts\levelland-isd\what-is-an-fie-levelland-isd.html,unchanged,,
C:\Users\elisa\OneDrive\Documents\texas-special-ed-site\districts\lewisville-isd\ard-process-guide.html,fixed,Moved offer [Free ARD Rights Scan] to after paragraph 2,
C:\Users\elisa\OneDrive\Documents\texas-special-ed-site\districts\lewisville-isd\dyslexia-services.html,unchanged,,
C:\Users\elisa\OneDrive\Documents\texas-special-ed-site\districts\lewisville-isd\evaluation-child-find.html,fixed,Moved offer [Show the ISD You Mean Business] to after paragraph 2,
C:\Users\elisa\OneDrive\Documents\texas-special-ed-site\districts\lewisville-isd\grievance-dispute-resolution.html,unchanged,,
C:\Users\elisa\OneDrive\Documents\texas-special-ed-site\districts\lewisville-isd\index.html,unchanged,,
C:\Users\elisa\OneDrive\Documents\texas-special-ed-site\districts\lewisville-isd\leadership-directory.html,unchanged,,
C:\Users\elisa\OneDrive\Documents\texas-special-ed-site\districts\lewisville-isd\partners.html,unchanged,,
C:\Users\elisa\OneDrive\Documents\texas-special-ed-site\districts\lewisville-isd\what-is-an-fie-lewisville-isd.html,fixed,Moved offer [Show the ISD You Mean Business] to after paragraph 2,
C:\Users\elisa\OneDrive\Documents\texas-special-ed-site\districts\liberty-hill-isd\ard-process-guide-liberty-hill-isd.html,unchanged,,
C:\Users\elisa\OneDrive\Documents\texas-special-ed-site\districts\liberty-hill-isd\es\como-solicitar-una-evaluacion-fie-liberty-hill.html,unchanged,,
C:\Users\elisa\OneDrive\Documents\texas-special-ed-site\districts\liberty-hill-isd\es\evaluacion-educacion-especial-child-find.html,unchanged,,
C:\Users\elisa\OneDrive\Documents\texas-special-ed-site\districts\liberty-hill-isd\es\index.html,unchanged,,
C:\Users\elisa\OneDrive\Documents\texas-special-ed-site\districts\liberty-hill-isd\es\proceso-ard-guia-para-padres.html,unchanged,,
C:\Users\elisa\OneDrive\Documents\texas-special-ed-site\districts\liberty-hill-isd\es\quejas-y-disputas-educacion-especial.html,unchanged,,
C:\Users\elisa\OneDrive\Documents\texas-special-ed-site\districts\liberty-hill-isd\evaluation-child-find-liberty-hill-isd.html,unchanged,,
C:\Users\elisa\OneDrive\Documents\texas-special-ed-site\districts\liberty-hill-isd\grievance-dispute-resolution-liberty-hill-isd.html,unchanged,,
C:\Users\elisa\OneDrive\Documents\texas-special-ed-site\districts\liberty-hill-isd\how-to-request-evaluation.html,unchanged,,
C:\Users\elisa\OneDrive\Documents\texas-special-ed-site\districts\liberty-hill-isd\index.html,unchanged,,
C:\Users\elisa\OneDrive\Documents\texas-special-ed-site\districts\liberty-hill-isd\what-is-an-fie-liberty-hill-isd.html,unchanged,,
C:\Users\elisa\OneDrive\Documents\texas-special-ed-site\districts\liberty-isd\ard-process-guide-liberty-isd.html,unchanged,,
C:\Users\elisa\OneDrive\Documents\texas-special-ed-site\districts\liberty-isd\evaluation-child-find-liberty-isd.html,unchanged,,
C:\Users\elisa\OneDrive\Documents\texas-special-ed-site\districts\liberty-isd\grievance-dispute-resolution-liberty-isd.html,unchanged,,
C:\Users\elisa\OneDrive\Documents\texas-special-ed-site\districts\liberty-isd\index.html,unchanged,,
C:\Users\elisa\OneDrive\Documents\texas-special-ed-site\districts\liberty-isd\what-is-an-fie-liberty-isd.html,unchanged,,
C:\Users\elisa\OneDrive\Documents\texas-special-ed-site\districts\lindale-isd\ard-process-guide-lindale-isd.html,unchanged,,
C:\Users\elisa\OneDrive\Documents\texas-special-ed-site\districts\lindale-isd\es\como-solicitar-una-evaluacion-fie-lindale.html,unchanged,,
C:\Users\elisa\OneDrive\Documents\texas-special-ed-site\districts\lindale-isd\es\evaluacion-educacion-especial-child-find.html,unchanged,,
C:\Users\elisa\OneDrive\Documents\texas-special-ed-site\districts\lindale-isd\es\index.html,unchanged,,
C:\Users\elisa\OneDrive\Documents\texas-special-ed-site\districts\lindale-isd\es\proceso-ard-guia-para-padres.html,unchanged,,
C:\Users\elisa\OneDrive\Documents\texas-special-ed-site\districts\lindale-isd\es\quejas-y-disputas-educacion-especial.html,unchanged,,
C:\Users\elisa\OneDrive\Documents\texas-special-ed-site\districts\lindale-isd\evaluation-child-find-lindale-isd.html,unchanged,,
C:\Users\elisa\OneDrive\Documents\texas-special-ed-site\districts\lindale-isd\grievance-dispute-resolution-lindale-isd.html,unchanged,,
C:\Users\elisa\OneDrive\Documents\texas-special-ed-site\districts\lindale-isd\how-to-request-evaluation.html,unchanged,,
C:\Users\elisa\OneDrive\Documents\texas-special-ed-site\districts\lindale-isd\index.html,unchanged,,
C:\Users\elisa\OneDrive\Documents\texas-special-ed-site\districts\lindale-isd\what-is-an-fie-lindale-isd.html,unchanged,,
C:\Users\elisa\OneDrive\Documents\texas-special-ed-site\districts\little-cypress-mauriceville-cisd\ard-process-guide-little-cypress-mauriceville.html,unchanged,,
C:\Users\elisa\OneDrive\Documents\texas-special-ed-site\districts\little-cypress-mauriceville-cisd\es\como-solicitar-una-evaluacion-fie-little-cypress-mauriceville.html,unchanged,,
C:\Users\elisa\OneDrive\Documents\texas-special-ed-site\districts\little-cypress-mauriceville-cisd\es\evaluacion-educacion-especial-child-find.html,unchanged,,
C:\Users\elisa\OneDrive\Documents\texas-special-ed-site\districts\little-cypress-mauriceville-cisd\es\index.html,unchanged,,
C:\Users\elisa\OneDrive\Documents\texas-special-ed-site\districts\little-cypress-mauriceville-cisd\es\proceso-ard-guia-para-padres.html,unchanged,,
C:\Users\elisa\OneDrive\Documents\texas-special-ed-site\districts\little-cypress-mauriceville-cisd\es\quejas-y-disputas-educacion-especial.html,unchanged,,
C:\Users\elisa\OneDrive\Documents\texas-special-ed-site\districts\little-cypress-mauriceville-cisd\evaluation-child-find-little-cypress-mauriceville.html,unchanged,,
C:\Users\elisa\OneDrive\Documents\texas-special-ed-site\districts\little-cypress-mauriceville-cisd\grievance-dispute-resolution-little-cypress-mauriceville.html,unchanged,,
C:\Users\elisa\OneDrive\Documents\texas-special-ed-site\districts\little-cypress-mauriceville-cisd\how-to-request-evaluation.html,unchanged,,
C:\Users\elisa\OneDrive\Documents\texas-special-ed-site\districts\little-cypress-mauriceville-cisd\index.html,unchanged,,
C:\Users\elisa\OneDrive\Documents\texas-special-ed-site\districts\little-cypress-mauriceville-cisd\what-is-fie-little-cypress-mauriceville-cisd.html,unchanged,,
C:\Users\elisa\OneDrive\Documents\texas-special-ed-site\districts\little-elm-isd\ard-process-guide.html,fixed,Moved offer [Free ARD Rights Scan] to after paragraph 2,
C:\Users\elisa\OneDrive\Documents\texas-special-ed-site\districts\little-elm-isd\dyslexia-services.html,unchanged,,
C:\Users\elisa\OneDrive\Documents\texas-special-ed-site\districts\little-elm-isd\evaluation-child-find.html,fixed,Moved offer [Show the ISD You Mean Business] to after paragraph 2,
C:\Users\elisa\OneDrive\Documents\texas-special-ed-site\districts\little-elm-isd\grievance-dispute-resolution.html,unchanged,,
C:\Users\elisa\OneDrive\Documents\texas-special-ed-site\districts\little-elm-isd\index.html,unchanged,,
C:\Users\elisa\OneDrive\Documents\texas-special-ed-site\districts\little-elm-isd\leadership-directory.html,unchanged,,
C:\Users\elisa\OneDrive\Documents\texas-special-ed-site\districts\little-elm-isd\partners.html,unchanged,,
C:\Users\elisa\OneDrive\Documents\texas-special-ed-site\districts\little-elm-isd\what-is-an-fie-little-elm-isd.html,fixed,Moved offer [Show the ISD You Mean Business] to after paragraph 2,
C:\Users\elisa\OneDrive\Documents\texas-special-ed-site\districts\livingston-isd\ard-process-guide-livingston-isd.html,unchanged,,
C:\Users\elisa\OneDrive\Documents\texas-special-ed-site\districts\livingston-isd\es\como-solicitar-una-evaluacion-fie-livingston.html,unchanged,,
C:\Users\elisa\OneDrive\Documents\texas-special-ed-site\districts\livingston-isd\es\evaluacion-educacion-especial-child-find.html,unchanged,,
C:\Users\elisa\OneDrive\Documents\texas-special-ed-site\districts\livingston-isd\es\index.html,unchanged,,
C:\Users\elisa\OneDrive\Documents\texas-special-ed-site\districts\livingston-isd\es\proceso-ard-guia-para-padres.html,unchanged,,
C:\Users\elisa\OneDrive\Documents\texas-special-ed-site\districts\livingston-isd\es\quejas-y-disputas-educacion-especial.html,unchanged,,
C:\Users\elisa\OneDrive\Documents\texas-special-ed-site\districts\livingston-isd\evaluation-child-find-livingston-isd.html,unchanged,,
C:\Users\elisa\OneDrive\Documents\texas-special-ed-site\districts\livingston-isd\grievance-dispute-resolution-livingston-isd.html,unchanged,,
C:\Users\elisa\OneDrive\Documents\texas-special-ed-site\districts\livingston-isd\how-to-request-evaluation.html,unchanged,,
C:\Users\elisa\OneDrive\Documents\texas-special-ed-site\districts\livingston-isd\index.html,unchanged,,
C:\Users\elisa\OneDrive\Documents\texas-special-ed-site\districts\livingston-isd\what-is-an-fie-livingston-isd.html,unchanged,,
C:\Users\elisa\OneDrive\Documents\texas-special-ed-site\districts\lockhart-isd\ard-process-guide-lockhart-isd.html,unchanged,,
C:\Users\elisa\OneDrive\Documents\texas-special-ed-site\districts\lockhart-isd\es\como-solicitar-una-evaluacion-fie-lockhart.html,unchanged,,
C:\Users\elisa\OneDrive\Documents\texas-special-ed-site\districts\lockhart-isd\es\evaluacion-educacion-especial-child-find.html,unchanged,,
C:\Users\elisa\OneDrive\Documents\texas-special-ed-site\districts\lockhart-isd\es\index.html,unchanged,,
C:\Users\elisa\OneDrive\Documents\texas-special-ed-site\districts\lockhart-isd\es\proceso-ard-guia-para-padres.html,unchanged,,
C:\Users\elisa\OneDrive\Documents\texas-special-ed-site\districts\lockhart-isd\es\quejas-y-disputas-educacion-especial.html,unchanged,,
C:\Users\elisa\OneDrive\Documents\texas-special-ed-site\districts\lockhart-isd\evaluation-child-find-lockhart-isd.html,unchanged,,
C:\Users\elisa\OneDrive\Documents\texas-special-ed-site\districts\lockhart-isd\grievance-dispute-resolution-lockhart-isd.html,unchanged,,
C:\Users\elisa\OneDrive\Documents\texas-special-ed-site\districts\lockhart-isd\how-to-request-evaluation.html,unchanged,,
C:\Users\elisa\OneDrive\Documents\texas-special-ed-site\districts\lockhart-isd\index.html,unchanged,,
C:\Users\elisa\OneDrive\Documents\texas-special-ed-site\districts\lockhart-isd\what-is-an-fie-lockhart-isd.html,unchanged,,
C:\Users\elisa\OneDrive\Documents\texas-special-ed-site\districts\longview-isd\ard-process-guide.html,fixed,Moved offer [Free ARD Rights Scan] to after paragraph 2,
C:\Users\elisa\OneDrive\Documents\texas-special-ed-site\districts\longview-isd\dyslexia-services.html,unchanged,,
C:\Users\elisa\OneDrive\Documents\texas-special-ed-site\districts\longview-isd\evaluation-child-find.html,fixed,Moved offer [Show the ISD You Mean Business] to after paragraph 2,
C:\Users\elisa\OneDrive\Documents\texas-special-ed-site\districts\longview-isd\grievance-dispute-resolution.html,unchanged,,
C:\Users\elisa\OneDrive\Documents\texas-special-ed-site\districts\longview-isd\index.html,unchanged,,
C:\Users\elisa\OneDrive\Documents\texas-special-ed-site\districts\longview-isd\leadership-directory.html,unchanged,,
C:\Users\elisa\OneDrive\Documents\texas-special-ed-site\districts\longview-isd\partners.html,unchanged,,
C:\Users\elisa\OneDrive\Documents\texas-special-ed-site\districts\longview-isd\what-is-an-fie-longview-isd.html,fixed,Moved offer [Show the ISD You Mean Business] to after paragraph 2,
C:\Users\elisa\OneDrive\Documents\texas-special-ed-site\districts\los-fresnos\ard-process-guide-los-fresnos.html,unchanged,,
C:\Users\elisa\OneDrive\Documents\texas-special-ed-site\districts\los-fresnos\evaluation-child-find-los-fresnos.html,unchanged,,
C:\Users\elisa\OneDrive\Documents\texas-special-ed-site\districts\los-fresnos\grievance-dispute-resolution-los-fresnos.html,unchanged,,
C:\Users\elisa\OneDrive\Documents\texas-special-ed-site\districts\los-fresnos\how-to-request-evaluation.html,unchanged,,
C:\Users\elisa\OneDrive\Documents\texas-special-ed-site\districts\los-fresnos\index.html,unchanged,,
C:\Users\elisa\OneDrive\Documents\texas-special-ed-site\districts\los-fresnos\what-is-fie.html,unchanged,,
C:\Users\elisa\OneDrive\Documents\texas-special-ed-site\districts\los-fresnos-cisd\ard-process-guide-los-fresnos.html,unchanged,,
C:\Users\elisa\OneDrive\Documents\texas-special-ed-site\districts\los-fresnos-cisd\es\como-solicitar-una-evaluacion-fie-los-fresnos.html,unchanged,,
C:\Users\elisa\OneDrive\Documents\texas-special-ed-site\districts\los-fresnos-cisd\es\evaluacion-educacion-especial-child-find.html,unchanged,,
C:\Users\elisa\OneDrive\Documents\texas-special-ed-site\districts\los-fresnos-cisd\es\index.html,unchanged,,
C:\Users\elisa\OneDrive\Documents\texas-special-ed-site\districts\los-fresnos-cisd\es\proceso-ard-guia-para-padres.html,unchanged,,
C:\Users\elisa\OneDrive\Documents\texas-special-ed-site\districts\los-fresnos-cisd\es\quejas-y-disputas-educacion-especial.html,unchanged,,
C:\Users\elisa\OneDrive\Documents\texas-special-ed-site\districts\los-fresnos-cisd\evaluation-child-find-los-fresnos.html,unchanged,,
C:\Users\elisa\OneDrive\Documents\texas-special-ed-site\districts\los-fresnos-cisd\grievance-dispute-resolution-los-fresnos.html,unchanged,,
C:\Users\elisa\OneDrive\Documents\texas-special-ed-site\districts\los-fresnos-cisd\how-to-request-evaluation.html,unchanged,,
C:\Users\elisa\OneDrive\Documents\texas-special-ed-site\districts\los-fresnos-cisd\index.html,unchanged,,
C:\Users\elisa\OneDrive\Documents\texas-special-ed-site\districts\los-fresnos-cisd\what-is-fie-los-fresnos-cisd.html,unchanged,,
C:\Users\elisa\OneDrive\Documents\texas-special-ed-site\districts\lovejoy-isd\ard-process-guide-lovejoy-isd.html,unchanged,,
C:\Users\elisa\OneDrive\Documents\texas-special-ed-site\districts\lovejoy-isd\es\como-solicitar-una-evaluacion-fie-lovejoy.html,unchanged,,
C:\Users\elisa\OneDrive\Documents\texas-special-ed-site\districts\lovejoy-isd\es\evaluacion-educacion-especial-child-find.html,unchanged,,
C:\Users\elisa\OneDrive\Documents\texas-special-ed-site\districts\lovejoy-isd\es\index.html,unchanged,,
C:\Users\elisa\OneDrive\Documents\texas-special-ed-site\districts\lovejoy-isd\es\proceso-ard-guia-para-padres.html,unchanged,,
C:\Users\elisa\OneDrive\Documents\texas-special-ed-site\districts\lovejoy-isd\es\quejas-y-disputas-educacion-especial.html,unchanged,,
C:\Users\elisa\OneDrive\Documents\texas-special-ed-site\districts\lovejoy-isd\evaluation-child-find-lovejoy-isd.html,unchanged,,
C:\Users\elisa\OneDrive\Documents\texas-special-ed-site\districts\lovejoy-isd\grievance-dispute-resolution-lovejoy-isd.html,unchanged,,
C:\Users\elisa\OneDrive\Documents\texas-special-ed-site\districts\lovejoy-isd\how-to-request-evaluation.html,unchanged,,
C:\Users\elisa\OneDrive\Documents\texas-special-ed-site\districts\lovejoy-isd\index.html,unchanged,,
C:\Users\elisa\OneDrive\Documents\texas-special-ed-site\districts\lovejoy-isd\what-is-an-fie-lovejoy-isd.html,unchanged,,
C:\Users\elisa\OneDrive\Documents\texas-special-ed-site\districts\lubbock-cooper-isd\ard-process-guide-lubbock-cooper-isd.html,unchanged,,
C:\Users\elisa\OneDrive\Documents\texas-special-ed-site\districts\lubbock-cooper-isd\es\como-solicitar-una-evaluacion-fie-lubbock-cooper.html,unchanged,,
C:\Users\elisa\OneDrive\Documents\texas-special-ed-site\districts\lubbock-cooper-isd\es\como-solicitar-una-evaluacion-fie-lubbock-isd.html,unchanged,,
C:\Users\elisa\OneDrive\Documents\texas-special-ed-site\districts\lubbock-cooper-isd\es\evaluacion-educacion-especial-child-find.html,unchanged,,
C:\Users\elisa\OneDrive\Documents\texas-special-ed-site\districts\lubbock-cooper-isd\es\index.html,unchanged,,
C:\Users\elisa\OneDrive\Documents\texas-special-ed-site\districts\lubbock-cooper-isd\es\proceso-ard-guia-para-padres.html,unchanged,,
C:\Users\elisa\OneDrive\Documents\texas-special-ed-site\districts\lubbock-cooper-isd\es\quejas-y-disputas-educacion-especial.html,unchanged,,
C:\Users\elisa\OneDrive\Documents\texas-special-ed-site\districts\lubbock-cooper-isd\evaluation-child-find-lubbock-cooper-isd.html,unchanged,,
C:\Users\elisa\OneDrive\Documents\texas-special-ed-site\districts\lubbock-cooper-isd\grievance-dispute-resolution-lubbock-cooper-isd.html,unchanged,,
C:\Users\elisa\OneDrive\Documents\texas-special-ed-site\districts\lubbock-cooper-isd\how-to-request-evaluation.html,unchanged,,
C:\Users\elisa\OneDrive\Documents\texas-special-ed-site\districts\lubbock-cooper-isd\index.html,unchanged,,
C:\Users\elisa\OneDrive\Documents\texas-special-ed-site\districts\lubbock-cooper-isd\what-is-an-fie-lubbock-cooper-isd.html,unchanged,,
C:\Users\elisa\OneDrive\Documents\texas-special-ed-site\districts\lubbock-isd\ard-process-guide.html,fixed,Moved offer [Free ARD Rights Scan] to after paragraph 2,
C:\Users\elisa\OneDrive\Documents\texas-special-ed-site\districts\lubbock-isd\dyslexia-services.html,unchanged,,
C:\Users\elisa\OneDrive\Documents\texas-special-ed-site\districts\lubbock-isd\evaluation-child-find.html,fixed,Moved offer [Show the ISD You Mean Business] to after paragraph 2,
C:\Users\elisa\OneDrive\Documents\texas-special-ed-site\districts\lubbock-isd\grievance-dispute-resolution.html,unchanged,,
C:\Users\elisa\OneDrive\Documents\texas-special-ed-site\districts\lubbock-isd\index.html,unchanged,,
C:\Users\elisa\OneDrive\Documents\texas-special-ed-site\districts\lubbock-isd\leadership-directory.html,unchanged,,
C:\Users\elisa\OneDrive\Documents\texas-special-ed-site\districts\lubbock-isd\partners.html,unchanged,,
C:\Users\elisa\OneDrive\Documents\texas-special-ed-site\districts\lubbock-isd\what-is-an-fie-lubbock-isd.html,fixed,Moved offer [Show the ISD You Mean Business] to after paragraph 2,
C:\Users\elisa\OneDrive\Documents\texas-special-ed-site\districts\lufkin-isd\ard-process-guide-lufkin-isd.html,unchanged,,
C:\Users\elisa\OneDrive\Documents\texas-special-ed-site\districts\lufkin-isd\es\como-solicitar-una-evaluacion-fie-lufkin.html,unchanged,,
C:\Users\elisa\OneDrive\Documents\texas-special-ed-site\districts\lufkin-isd\es\evaluacion-educacion-especial-child-find.html,unchanged,,
C:\Users\elisa\OneDrive\Documents\texas-special-ed-site\districts\lufkin-isd\es\index.html,unchanged,,
C:\Users\elisa\OneDrive\Documents\texas-special-ed-site\districts\lufkin-isd\es\proceso-ard-guia-para-padres.html,unchanged,,
C:\Users\elisa\OneDrive\Documents\texas-special-ed-site\districts\lufkin-isd\es\quejas-y-disputas-educacion-especial.html,unchanged,,
C:\Users\elisa\OneDrive\Documents\texas-special-ed-site\districts\lufkin-isd\evaluation-child-find-lufkin-isd.html,unchanged,,
C:\Users\elisa\OneDrive\Documents\texas-special-ed-site\districts\lufkin-isd\grievance-dispute-resolution-lufkin-isd.html,unchanged,,
C:\Users\elisa\OneDrive\Documents\texas-special-ed-site\districts\lufkin-isd\how-to-request-evaluation.html,unchanged,,
C:\Users\elisa\OneDrive\Documents\texas-special-ed-site\districts\lufkin-isd\index.html,unchanged,,
C:\Users\elisa\OneDrive\Documents\texas-special-ed-site\districts\lufkin-isd\what-is-an-fie-lufkin-isd.html,unchanged,,
C:\Users\elisa\OneDrive\Documents\texas-special-ed-site\districts\lumberton-isd\ard-process-guide-lumberton-isd.html,unchanged,,
C:\Users\elisa\OneDrive\Documents\texas-special-ed-site\districts\lumberton-isd\es\como-solicitar-una-evaluacion-fie-belton-isd.html,unchanged,,
C:\Users\elisa\OneDrive\Documents\texas-special-ed-site\districts\lumberton-isd\es\como-solicitar-una-evaluacion-fie-lumberton.html,unchanged,,
C:\Users\elisa\OneDrive\Documents\texas-special-ed-site\districts\lumberton-isd\es\evaluacion-educacion-especial-child-find.html,unchanged,,
C:\Users\elisa\OneDrive\Documents\texas-special-ed-site\districts\lumberton-isd\es\index.html,unchanged,,
C:\Users\elisa\OneDrive\Documents\texas-special-ed-site\districts\lumberton-isd\es\proceso-ard-guia-para-padres.html,unchanged,,
C:\Users\elisa\OneDrive\Documents\texas-special-ed-site\districts\lumberton-isd\es\quejas-y-disputas-educacion-especial.html,unchanged,,
C:\Users\elisa\OneDrive\Documents\texas-special-ed-site\districts\lumberton-isd\evaluation-child-find-lumberton-isd.html,unchanged,,
C:\Users\elisa\OneDrive\Documents\texas-special-ed-site\districts\lumberton-isd\grievance-dispute-resolution-lumberton-isd.html,unchanged,,
C:\Users\elisa\OneDrive\Documents\texas-special-ed-site\districts\lumberton-isd\how-to-request-evaluation.html,unchanged,,
C:\Users\elisa\OneDrive\Documents\texas-special-ed-site\districts\lumberton-isd\index.html,unchanged,,
C:\Users\elisa\OneDrive\Documents\texas-special-ed-site\districts\lumberton-isd\what-is-an-fie-lumberton-isd.html,unchanged,,
C:\Users\elisa\OneDrive\Documents\texas-special-ed-site\districts\mabank-isd\ard-process-guide-mabank-isd.html,unchanged,,
C:\Users\elisa\OneDrive\Documents\texas-special-ed-site\districts\mabank-isd\es\como-solicitar-una-evaluacion-fie-mabank.html,unchanged,,
C:\Users\elisa\OneDrive\Documents\texas-special-ed-site\districts\mabank-isd\es\evaluacion-educacion-especial-child-find.html,unchanged,,
C:\Users\elisa\OneDrive\Documents\texas-special-ed-site\districts\mabank-isd\es\index.html,unchanged,,
C:\Users\elisa\OneDrive\Documents\texas-special-ed-site\districts\mabank-isd\es\proceso-ard-guia-para-padres.html,unchanged,,
C:\Users\elisa\OneDrive\Documents\texas-special-ed-site\districts\mabank-isd\es\quejas-y-disputas-educacion-especial.html,unchanged,,
C:\Users\elisa\OneDrive\Documents\texas-special-ed-site\districts\mabank-isd\evaluation-child-find-mabank-isd.html,unchanged,,
C:\Users\elisa\OneDrive\Documents\texas-special-ed-site\districts\mabank-isd\grievance-dispute-resolution-mabank-isd.html,unchanged,,
C:\Users\elisa\OneDrive\Documents\texas-special-ed-site\districts\mabank-isd\how-to-request-evaluation.html,unchanged,,
C:\Users\elisa\OneDrive\Documents\texas-special-ed-site\districts\mabank-isd\index.html,unchanged,,
C:\Users\elisa\OneDrive\Documents\texas-special-ed-site\districts\mabank-isd\what-is-an-fie-mabank-isd.html,unchanged,,
C:\Users\elisa\OneDrive\Documents\texas-special-ed-site\districts\magnolia-isd\ard-process-guide.html,fixed,Moved offer [Free ARD Rights Scan] to after paragraph 2,
C:\Users\elisa\OneDrive\Documents\texas-special-ed-site\districts\magnolia-isd\dyslexia-services.html,unchanged,,
C:\Users\elisa\OneDrive\Documents\texas-special-ed-site\districts\magnolia-isd\evaluation-child-find.html,fixed,Moved offer [Show the ISD You Mean Business] to after paragraph 2,
C:\Users\elisa\OneDrive\Documents\texas-special-ed-site\districts\magnolia-isd\grievance-dispute-resolution.html,unchanged,,
C:\Users\elisa\OneDrive\Documents\texas-special-ed-site\districts\magnolia-isd\index.html,unchanged,,
C:\Users\elisa\OneDrive\Documents\texas-special-ed-site\districts\magnolia-isd\leadership-directory.html,unchanged,,
C:\Users\elisa\OneDrive\Documents\texas-special-ed-site\districts\magnolia-isd\partners.html,unchanged,,
C:\Users\elisa\OneDrive\Documents\texas-special-ed-site\districts\magnolia-isd\what-is-an-fie-magnolia-isd.html,fixed,Moved offer [Show the ISD You Mean Business] to after paragraph 2,
C:\Users\elisa\OneDrive\Documents\texas-special-ed-site\districts\manor-isd\ard-process-guide-manor-isd.html,unchanged,,
C:\Users\elisa\OneDrive\Documents\texas-special-ed-site\districts\manor-isd\es\como-solicitar-una-evaluacion-fie-manor.html,unchanged,,
C:\Users\elisa\OneDrive\Documents\texas-special-ed-site\districts\manor-isd\es\evaluacion-educacion-especial-child-find.html,unchanged,,
C:\Users\elisa\OneDrive\Documents\texas-special-ed-site\districts\manor-isd\es\index.html,unchanged,,
C:\Users\elisa\OneDrive\Documents\texas-special-ed-site\districts\manor-isd\es\proceso-ard-guia-para-padres.html,unchanged,,
C:\Users\elisa\OneDrive\Documents\texas-special-ed-site\districts\manor-isd\es\quejas-y-disputas-educacion-especial.html,unchanged,,
C:\Users\elisa\OneDrive\Documents\texas-special-ed-site\districts\manor-isd\evaluation-child-find-manor-isd.html,unchanged,,
C:\Users\elisa\OneDrive\Documents\texas-special-ed-site\districts\manor-isd\grievance-dispute-resolution-manor-isd.html,unchanged,,
C:\Users\elisa\OneDrive\Documents\texas-special-ed-site\districts\manor-isd\how-to-request-evaluation.html,unchanged,,
C:\Users\elisa\OneDrive\Documents\texas-special-ed-site\districts\manor-isd\index.html,unchanged,,
C:\Users\elisa\OneDrive\Documents\texas-special-ed-site\districts\manor-isd\what-is-an-fie-manor-isd.html,unchanged,,
C:\Users\elisa\OneDrive\Documents\texas-special-ed-site\districts\mansfield-isd\ard-process-guide.html,fixed,Moved offer [Free ARD Rights Scan] to after paragraph 2,
C:\Users\elisa\OneDrive\Documents\texas-special-ed-site\districts\mansfield-isd\dyslexia-services.html,unchanged,,
C:\Users\elisa\OneDrive\Documents\texas-special-ed-site\districts\mansfield-isd\evaluation-child-find.html,fixed,Moved offer [Show the ISD You Mean Business] to after paragraph 2,
C:\Users\elisa\OneDrive\Documents\texas-special-ed-site\districts\mansfield-isd\grievance-dispute-resolution.html,unchanged,,
C:\Users\elisa\OneDrive\Documents\texas-special-ed-site\districts\mansfield-isd\index.html,unchanged,,
C:\Users\elisa\OneDrive\Documents\texas-special-ed-site\districts\mansfield-isd\leadership-directory.html,unchanged,,
C:\Users\elisa\OneDrive\Documents\texas-special-ed-site\districts\mansfield-isd\partners.html,unchanged,,
C:\Users\elisa\OneDrive\Documents\texas-special-ed-site\districts\mansfield-isd\what-is-an-fie-mansfield-isd.html,fixed,Moved offer [Show the ISD You Mean Business] to after paragraph 2,
C:\Users\elisa\OneDrive\Documents\texas-special-ed-site\districts\marble-falls-isd\ard-process-guide-marble-falls-isd.html,unchanged,,
C:\Users\elisa\OneDrive\Documents\texas-special-ed-site\districts\marble-falls-isd\es\como-solicitar-una-evaluacion-fie-marble-falls.html,unchanged,,
C:\Users\elisa\OneDrive\Documents\texas-special-ed-site\districts\marble-falls-isd\es\evaluacion-educacion-especial-child-find.html,unchanged,,
C:\Users\elisa\OneDrive\Documents\texas-special-ed-site\districts\marble-falls-isd\es\index.html,unchanged,,
C:\Users\elisa\OneDrive\Documents\texas-special-ed-site\districts\marble-falls-isd\es\proceso-ard-guia-para-padres.html,unchanged,,
C:\Users\elisa\OneDrive\Documents\texas-special-ed-site\districts\marble-falls-isd\es\quejas-y-disputas-educacion-especial.html,unchanged,,
C:\Users\elisa\OneDrive\Documents\texas-special-ed-site\districts\marble-falls-isd\evaluation-child-find-marble-falls-isd.html,unchanged,,
C:\Users\elisa\OneDrive\Documents\texas-special-ed-site\districts\marble-falls-isd\grievance-dispute-resolution-marble-falls-isd.html,unchanged,,
C:\Users\elisa\OneDrive\Documents\texas-special-ed-site\districts\marble-falls-isd\how-to-request-evaluation.html,unchanged,,
C:\Users\elisa\OneDrive\Documents\texas-special-ed-site\districts\marble-falls-isd\index.html,unchanged,,
C:\Users\elisa\OneDrive\Documents\texas-special-ed-site\districts\marble-falls-isd\what-is-an-fie-marble-falls-isd.html,unchanged,,
C:\Users\elisa\OneDrive\Documents\texas-special-ed-site\districts\marshall-isd\ard-process-guide-marshall-isd.html,unchanged,,
C:\Users\elisa\OneDrive\Documents\texas-special-ed-site\districts\marshall-isd\es\como-solicitar-una-evaluacion-fie-marshall.html,unchanged,,
C:\Users\elisa\OneDrive\Documents\texas-special-ed-site\districts\marshall-isd\es\evaluacion-educacion-especial-child-find.html,unchanged,,
C:\Users\elisa\OneDrive\Documents\texas-special-ed-site\districts\marshall-isd\es\index.html,unchanged,,
C:\Users\elisa\OneDrive\Documents\texas-special-ed-site\districts\marshall-isd\es\proceso-ard-guia-para-padres.html,unchanged,,
C:\Users\elisa\OneDrive\Documents\texas-special-ed-site\districts\marshall-isd\es\quejas-y-disputas-educacion-especial.html,unchanged,,
C:\Users\elisa\OneDrive\Documents\texas-special-ed-site\districts\marshall-isd\evaluation-child-find-marshall-isd.html,unchanged,,
C:\Users\elisa\OneDrive\Documents\texas-special-ed-site\districts\marshall-isd\grievance-dispute-resolution-marshall-isd.html,unchanged,,
C:\Users\elisa\OneDrive\Documents\texas-special-ed-site\districts\marshall-isd\how-to-request-evaluation.html,unchanged,,
C:\Users\elisa\OneDrive\Documents\texas-special-ed-site\districts\marshall-isd\index.html,unchanged,,
C:\Users\elisa\OneDrive\Documents\texas-special-ed-site\districts\marshall-isd\what-is-an-fie-marshall-isd.html,unchanged,,
C:\Users\elisa\OneDrive\Documents\texas-special-ed-site\districts\mcallen-isd\ard-process-guide.html,fixed,Moved offer [Free ARD Rights Scan] to after paragraph 2,
C:\Users\elisa\OneDrive\Documents\texas-special-ed-site\districts\mcallen-isd\dyslexia-services.html,unchanged,,
C:\Users\elisa\OneDrive\Documents\texas-special-ed-site\districts\mcallen-isd\es\como-solicitar-una-evaluacion-fie-mcallen-isd.html,unchanged,,
C:\Users\elisa\OneDrive\Documents\texas-special-ed-site\districts\mcallen-isd\es\guia-proceso-ard.html,unchanged,,
C:\Users\elisa\OneDrive\Documents\texas-special-ed-site\districts\mcallen-isd\es\index.html,unchanged,,
C:\Users\elisa\OneDrive\Documents\texas-special-ed-site\districts\mcallen-isd\es\resolucion-disputas.html,unchanged,,
C:\Users\elisa\OneDrive\Documents\texas-special-ed-site\districts\mcallen-isd\es\servicios-dislexia.html,unchanged,,
C:\Users\elisa\OneDrive\Documents\texas-special-ed-site\districts\mcallen-isd\es\solicitar-evaluacion.html,unchanged,,
C:\Users\elisa\OneDrive\Documents\texas-special-ed-site\districts\mcallen-isd\evaluation-child-find.html,fixed,Moved offer [Show the ISD You Mean Business] to after paragraph 2,
C:\Users\elisa\OneDrive\Documents\texas-special-ed-site\districts\mcallen-isd\grievance-dispute-resolution.html,unchanged,,
C:\Users\elisa\OneDrive\Documents\texas-special-ed-site\districts\mcallen-isd\index.html,unchanged,,
C:\Users\elisa\OneDrive\Documents\texas-special-ed-site\districts\mcallen-isd\leadership-directory.html,unchanged,,
C:\Users\elisa\OneDrive\Documents\texas-special-ed-site\districts\mcallen-isd\partners.html,unchanged,,
C:\Users\elisa\OneDrive\Documents\texas-special-ed-site\districts\mcallen-isd\what-is-an-fie-mcallen-isd.html,fixed,Moved offer [Show the ISD You Mean Business] to after paragraph 2,
C:\Users\elisa\OneDrive\Documents\texas-special-ed-site\districts\mckinney-isd\ard-process-guide.html,fixed,Moved offer [Free ARD Rights Scan] to after paragraph 2,
C:\Users\elisa\OneDrive\Documents\texas-special-ed-site\districts\mckinney-isd\dyslexia-services.html,unchanged,,
C:\Users\elisa\OneDrive\Documents\texas-special-ed-site\districts\mckinney-isd\evaluation-child-find.html,fixed,Moved offer [Show the ISD You Mean Business] to after paragraph 2,
C:\Users\elisa\OneDrive\Documents\texas-special-ed-site\districts\mckinney-isd\grievance-dispute-resolution.html,unchanged,,
C:\Users\elisa\OneDrive\Documents\texas-special-ed-site\districts\mckinney-isd\index.html,unchanged,,
C:\Users\elisa\OneDrive\Documents\texas-special-ed-site\districts\mckinney-isd\leadership-directory.html,unchanged,,
C:\Users\elisa\OneDrive\Documents\texas-special-ed-site\districts\mckinney-isd\partners.html,unchanged,,
C:\Users\elisa\OneDrive\Documents\texas-special-ed-site\districts\mckinney-isd\what-is-an-fie-mckinney-isd.html,fixed,Moved offer [Show the ISD You Mean Business] to after paragraph 2,
C:\Users\elisa\OneDrive\Documents\texas-special-ed-site\districts\medina-valley-isd\ard-process-guide-medina-valley-isd.html,unchanged,,
C:\Users\elisa\OneDrive\Documents\texas-special-ed-site\districts\medina-valley-isd\es\como-solicitar-una-evaluacion-fie-medina-valley.html,unchanged,,
C:\Users\elisa\OneDrive\Documents\texas-special-ed-site\districts\medina-valley-isd\es\evaluacion-educacion-especial-child-find.html,unchanged,,
C:\Users\elisa\OneDrive\Documents\texas-special-ed-site\districts\medina-valley-isd\es\index.html,unchanged,,
C:\Users\elisa\OneDrive\Documents\texas-special-ed-site\districts\medina-valley-isd\es\proceso-ard-guia-para-padres.html,unchanged,,
C:\Users\elisa\OneDrive\Documents\texas-special-ed-site\districts\medina-valley-isd\es\quejas-y-disputas-educacion-especial.html,unchanged,,
C:\Users\elisa\OneDrive\Documents\texas-special-ed-site\districts\medina-valley-isd\evaluation-child-find-medina-valley-isd.html,unchanged,,
C:\Users\elisa\OneDrive\Documents\texas-special-ed-site\districts\medina-valley-isd\grievance-dispute-resolution-medina-valley-isd.html,unchanged,,
C:\Users\elisa\OneDrive\Documents\texas-special-ed-site\districts\medina-valley-isd\how-to-request-evaluation.html,unchanged,,
C:\Users\elisa\OneDrive\Documents\texas-special-ed-site\districts\medina-valley-isd\index.html,unchanged,,
C:\Users\elisa\OneDrive\Documents\texas-special-ed-site\districts\medina-valley-isd\what-is-an-fie-medina-valley-isd.html,unchanged,,
C:\Users\elisa\OneDrive\Documents\texas-special-ed-site\districts\melissa-isd\ard-process-guide.html,fixed,Moved offer [Free ARD Rights Scan] to after paragraph 2,
C:\Users\elisa\OneDrive\Documents\texas-special-ed-site\districts\melissa-isd\dyslexia-services.html,unchanged,,
C:\Users\elisa\OneDrive\Documents\texas-special-ed-site\districts\melissa-isd\evaluation-child-find.html,fixed,Moved offer [Show the ISD You Mean Business] to after paragraph 2,
C:\Users\elisa\OneDrive\Documents\texas-special-ed-site\districts\melissa-isd\grievance-dispute-resolution.html,unchanged,,
C:\Users\elisa\OneDrive\Documents\texas-special-ed-site\districts\melissa-isd\index.html,unchanged,,
C:\Users\elisa\OneDrive\Documents\texas-special-ed-site\districts\melissa-isd\leadership-directory.html,unchanged,,
C:\Users\elisa\OneDrive\Documents\texas-special-ed-site\districts\melissa-isd\partners.html,unchanged,,
C:\Users\elisa\OneDrive\Documents\texas-special-ed-site\districts\melissa-isd\what-is-an-fie-melissa-isd.html,fixed,Moved offer [Show the ISD You Mean Business] to after paragraph 2,
C:\Users\elisa\OneDrive\Documents\texas-special-ed-site\districts\mercedes-isd\ard-process-guide-mercedes-isd.html,unchanged,,
C:\Users\elisa\OneDrive\Documents\texas-special-ed-site\districts\mercedes-isd\es\como-solicitar-una-evaluacion-fie-mercedes.html,unchanged,,
C:\Users\elisa\OneDrive\Documents\texas-special-ed-site\districts\mercedes-isd\es\evaluacion-educacion-especial-child-find.html,unchanged,,
C:\Users\elisa\OneDrive\Documents\texas-special-ed-site\districts\mercedes-isd\es\index.html,unchanged,,
C:\Users\elisa\OneDrive\Documents\texas-special-ed-site\districts\mercedes-isd\es\proceso-ard-guia-para-padres.html,unchanged,,
C:\Users\elisa\OneDrive\Documents\texas-special-ed-site\districts\mercedes-isd\es\quejas-y-disputas-educacion-especial.html,unchanged,,
C:\Users\elisa\OneDrive\Documents\texas-special-ed-site\districts\mercedes-isd\evaluation-child-find-mercedes-isd.html,unchanged,,
C:\Users\elisa\OneDrive\Documents\texas-special-ed-site\districts\mercedes-isd\grievance-dispute-resolution-mercedes-isd.html,unchanged,,
C:\Users\elisa\OneDrive\Documents\texas-special-ed-site\districts\mercedes-isd\how-to-request-evaluation.html,unchanged,,
C:\Users\elisa\OneDrive\Documents\texas-special-ed-site\districts\mercedes-isd\index.html,unchanged,,
C:\Users\elisa\OneDrive\Documents\texas-special-ed-site\districts\mercedes-isd\what-is-an-fie-mercedes-isd.html,unchanged,,
C:\Users\elisa\OneDrive\Documents\texas-special-ed-site\districts\mesquite-isd\ard-process-guide.html,fixed,Moved offer [Free ARD Rights Scan] to after paragraph 2,
C:\Users\elisa\OneDrive\Documents\texas-special-ed-site\districts\mesquite-isd\dyslexia-services.html,unchanged,,
C:\Users\elisa\OneDrive\Documents\texas-special-ed-site\districts\mesquite-isd\evaluation-child-find.html,fixed,Moved offer [Show the ISD You Mean Business] to after paragraph 2,
C:\Users\elisa\OneDrive\Documents\texas-special-ed-site\districts\mesquite-isd\grievance-dispute-resolution.html,unchanged,,
C:\Users\elisa\OneDrive\Documents\texas-special-ed-site\districts\mesquite-isd\index.html,unchanged,,
C:\Users\elisa\OneDrive\Documents\texas-special-ed-site\districts\mesquite-isd\leadership-directory.html,unchanged,,
C:\Users\elisa\OneDrive\Documents\texas-special-ed-site\districts\mesquite-isd\partners.html,unchanged,,
C:\Users\elisa\OneDrive\Documents\texas-special-ed-site\districts\mesquite-isd\what-is-an-fie-mesquite-isd.html,fixed,Moved offer [Show the ISD You Mean Business] to after paragraph 2,
C:\Users\elisa\OneDrive\Documents\texas-special-ed-site\districts\midland-isd\ard-process-guide.html,fixed,Moved offer [Free ARD Rights Scan] to after paragraph 2,
C:\Users\elisa\OneDrive\Documents\texas-special-ed-site\districts\midland-isd\dyslexia-services.html,unchanged,,
C:\Users\elisa\OneDrive\Documents\texas-special-ed-site\districts\midland-isd\evaluation-child-find.html,fixed,Moved offer [Show the ISD You Mean Business] to after paragraph 2,
C:\Users\elisa\OneDrive\Documents\texas-special-ed-site\districts\midland-isd\grievance-dispute-resolution.html,unchanged,,
C:\Users\elisa\OneDrive\Documents\texas-special-ed-site\districts\midland-isd\index.html,unchanged,,
C:\Users\elisa\OneDrive\Documents\texas-special-ed-site\districts\midland-isd\leadership-directory.html,unchanged,,
C:\Users\elisa\OneDrive\Documents\texas-special-ed-site\districts\midland-isd\partners.html,unchanged,,
C:\Users\elisa\OneDrive\Documents\texas-special-ed-site\districts\midland-isd\what-is-an-fie-midland-isd.html,fixed,Moved offer [Show the ISD You Mean Business] to after paragraph 2,
C:\Users\elisa\OneDrive\Documents\texas-special-ed-site\districts\midlothian-isd\ard-process-guide-midlothian-isd.html,unchanged,,
C:\Users\elisa\OneDrive\Documents\texas-special-ed-site\districts\midlothian-isd\es\como-solicitar-una-evaluacion-fie-midland-isd.html,unchanged,,
C:\Users\elisa\OneDrive\Documents\texas-special-ed-site\districts\midlothian-isd\es\como-solicitar-una-evaluacion-fie-midlothian.html,unchanged,,
C:\Users\elisa\OneDrive\Documents\texas-special-ed-site\districts\midlothian-isd\es\evaluacion-educacion-especial-child-find.html,unchanged,,
C:\Users\elisa\OneDrive\Documents\texas-special-ed-site\districts\midlothian-isd\es\index.html,unchanged,,
C:\Users\elisa\OneDrive\Documents\texas-special-ed-site\districts\midlothian-isd\es\proceso-ard-guia-para-padres.html,unchanged,,
C:\Users\elisa\OneDrive\Documents\texas-special-ed-site\districts\midlothian-isd\es\quejas-y-disputas-educacion-especial.html,unchanged,,
C:\Users\elisa\OneDrive\Documents\texas-special-ed-site\districts\midlothian-isd\evaluation-child-find-midlothian-isd.html,unchanged,,
C:\Users\elisa\OneDrive\Documents\texas-special-ed-site\districts\midlothian-isd\grievance-dispute-resolution-midlothian-isd.html,unchanged,,
C:\Users\elisa\OneDrive\Documents\texas-special-ed-site\districts\midlothian-isd\how-to-request-evaluation.html,unchanged,,
C:\Users\elisa\OneDrive\Documents\texas-special-ed-site\districts\midlothian-isd\index.html,unchanged,,
C:\Users\elisa\OneDrive\Documents\texas-special-ed-site\districts\midlothian-isd\what-is-an-fie-midlothian-isd.html,unchanged,,
C:\Users\elisa\OneDrive\Documents\texas-special-ed-site\districts\midway-isd\ard-process-guide.html,fixed,Moved offer [Free ARD Rights Scan] to after paragraph 2,
C:\Users\elisa\OneDrive\Documents\texas-special-ed-site\districts\midway-isd\dyslexia-services.html,unchanged,,
C:\Users\elisa\OneDrive\Documents\texas-special-ed-site\districts\midway-isd\evaluation-child-find.html,fixed,Moved offer [Show the ISD You Mean Business] to after paragraph 2,
C:\Users\elisa\OneDrive\Documents\texas-special-ed-site\districts\midway-isd\grievance-dispute-resolution.html,unchanged,,
C:\Users\elisa\OneDrive\Documents\texas-special-ed-site\districts\midway-isd\index.html,unchanged,,
C:\Users\elisa\OneDrive\Documents\texas-special-ed-site\districts\midway-isd\leadership-directory.html,unchanged,,
C:\Users\elisa\OneDrive\Documents\texas-special-ed-site\districts\midway-isd\partners.html,unchanged,,
C:\Users\elisa\OneDrive\Documents\texas-special-ed-site\districts\midway-isd\what-is-an-fie-midway-isd.html,fixed,Moved offer [Show the ISD You Mean Business] to after paragraph 2,
C:\Users\elisa\OneDrive\Documents\texas-special-ed-site\districts\mineral-wells-isd\ard-process-guide-mineral-wells-isd.html,unchanged,,
C:\Users\elisa\OneDrive\Documents\texas-special-ed-site\districts\mineral-wells-isd\es\como-solicitar-una-evaluacion-fie-mineral-wells.html,unchanged,,
C:\Users\elisa\OneDrive\Documents\texas-special-ed-site\districts\mineral-wells-isd\es\evaluacion-educacion-especial-child-find.html,unchanged,,
C:\Users\elisa\OneDrive\Documents\texas-special-ed-site\districts\mineral-wells-isd\es\index.html,unchanged,,
C:\Users\elisa\OneDrive\Documents\texas-special-ed-site\districts\mineral-wells-isd\es\proceso-ard-guia-para-padres.html,unchanged,,
C:\Users\elisa\OneDrive\Documents\texas-special-ed-site\districts\mineral-wells-isd\es\quejas-y-disputas-educacion-especial.html,unchanged,,
C:\Users\elisa\OneDrive\Documents\texas-special-ed-site\districts\mineral-wells-isd\evaluation-child-find-mineral-wells-isd.html,unchanged,,
C:\Users\elisa\OneDrive\Documents\texas-special-ed-site\districts\mineral-wells-isd\grievance-dispute-resolution-mineral-wells-isd.html,unchanged,,
C:\Users\elisa\OneDrive\Documents\texas-special-ed-site\districts\mineral-wells-isd\how-to-request-evaluation.html,unchanged,,
C:\Users\elisa\OneDrive\Documents\texas-special-ed-site\districts\mineral-wells-isd\index.html,unchanged,,
C:\Users\elisa\OneDrive\Documents\texas-special-ed-site\districts\mineral-wells-isd\what-is-an-fie-mineral-wells-isd.html,unchanged,,
C:\Users\elisa\OneDrive\Documents\texas-special-ed-site\districts\mission-cisd\ard-process-guide.html,fixed,Moved offer [Free ARD Rights Scan] to after paragraph 2,
C:\Users\elisa\OneDrive\Documents\texas-special-ed-site\districts\mission-cisd\dyslexia-services.html,unchanged,,
C:\Users\elisa\OneDrive\Documents\texas-special-ed-site\districts\mission-cisd\es\como-solicitar-una-evaluacion-fie-mission-cisd.html,unchanged,,
C:\Users\elisa\OneDrive\Documents\texas-special-ed-site\districts\mission-cisd\es\guia-proceso-ard.html,unchanged,,
C:\Users\elisa\OneDrive\Documents\texas-special-ed-site\districts\mission-cisd\es\index.html,unchanged,,
C:\Users\elisa\OneDrive\Documents\texas-special-ed-site\districts\mission-cisd\es\resolucion-disputas.html,unchanged,,
C:\Users\elisa\OneDrive\Documents\texas-special-ed-site\districts\mission-cisd\es\servicios-dislexia.html,unchanged,,
C:\Users\elisa\OneDrive\Documents\texas-special-ed-site\districts\mission-cisd\es\solicitar-evaluacion.html,unchanged,,
C:\Users\elisa\OneDrive\Documents\texas-special-ed-site\districts\mission-cisd\evaluation-child-find.html,fixed,Moved offer [Show the ISD You Mean Business] to after paragraph 2,
C:\Users\elisa\OneDrive\Documents\texas-special-ed-site\districts\mission-cisd\grievance-dispute-resolution.html,unchanged,,
C:\Users\elisa\OneDrive\Documents\texas-special-ed-site\districts\mission-cisd\index.html,unchanged,,
C:\Users\elisa\OneDrive\Documents\texas-special-ed-site\districts\mission-cisd\leadership-directory.html,unchanged,,
C:\Users\elisa\OneDrive\Documents\texas-special-ed-site\districts\mission-cisd\partners.html,unchanged,,
C:\Users\elisa\OneDrive\Documents\texas-special-ed-site\districts\mission-cisd\what-is-an-fie-mission-cisd.html,fixed,Moved offer [Show the ISD You Mean Business] to after paragraph 2,
C:\Users\elisa\OneDrive\Documents\texas-special-ed-site\districts\montgomery-isd\ard-process-guide.html,fixed,Moved offer [Free ARD Rights Scan] to after paragraph 2,
C:\Users\elisa\OneDrive\Documents\texas-special-ed-site\districts\montgomery-isd\dyslexia-services.html,unchanged,,
C:\Users\elisa\OneDrive\Documents\texas-special-ed-site\districts\montgomery-isd\evaluation-child-find.html,fixed,Moved offer [Show the ISD You Mean Business] to after paragraph 2,
C:\Users\elisa\OneDrive\Documents\texas-special-ed-site\districts\montgomery-isd\grievance-dispute-resolution.html,unchanged,,
C:\Users\elisa\OneDrive\Documents\texas-special-ed-site\districts\montgomery-isd\index.html,unchanged,,
C:\Users\elisa\OneDrive\Documents\texas-special-ed-site\districts\montgomery-isd\leadership-directory.html,unchanged,,
C:\Users\elisa\OneDrive\Documents\texas-special-ed-site\districts\montgomery-isd\partners.html,unchanged,,
C:\Users\elisa\OneDrive\Documents\texas-special-ed-site\districts\montgomery-isd\what-is-an-fie-montgomery-isd.html,fixed,Moved offer [Show the ISD You Mean Business] to after paragraph 2,
C:\Users\elisa\OneDrive\Documents\texas-special-ed-site\districts\mount-pleasant-isd\ard-process-guide-mount-pleasant-isd.html,unchanged,,
C:\Users\elisa\OneDrive\Documents\texas-special-ed-site\districts\mount-pleasant-isd\es\como-solicitar-una-evaluacion-fie-mount-pleasant.html,unchanged,,
C:\Users\elisa\OneDrive\Documents\texas-special-ed-site\districts\mount-pleasant-isd\es\evaluacion-educacion-especial-child-find.html,unchanged,,
C:\Users\elisa\OneDrive\Documents\texas-special-ed-site\districts\mount-pleasant-isd\es\index.html,unchanged,,
C:\Users\elisa\OneDrive\Documents\texas-special-ed-site\districts\mount-pleasant-isd\es\proceso-ard-guia-para-padres.html,unchanged,,
C:\Users\elisa\OneDrive\Documents\texas-special-ed-site\districts\mount-pleasant-isd\es\quejas-y-disputas-educacion-especial.html,unchanged,,
C:\Users\elisa\OneDrive\Documents\texas-special-ed-site\districts\mount-pleasant-isd\evaluation-child-find-mount-pleasant-isd.html,unchanged,,
C:\Users\elisa\OneDrive\Documents\texas-special-ed-site\districts\mount-pleasant-isd\grievance-dispute-resolution-mount-pleasant-isd.html,unchanged,,
C:\Users\elisa\OneDrive\Documents\texas-special-ed-site\districts\mount-pleasant-isd\how-to-request-evaluation.html,unchanged,,
C:\Users\elisa\OneDrive\Documents\texas-special-ed-site\districts\mount-pleasant-isd\index.html,unchanged,,
C:\Users\elisa\OneDrive\Documents\texas-special-ed-site\districts\mount-pleasant-isd\what-is-an-fie-mount-pleasant-isd.html,unchanged,,
C:\Users\elisa\OneDrive\Documents\texas-special-ed-site\districts\nacogdoches-isd\ard-process-guide-nacogdoches-isd.html,unchanged,,
C:\Users\elisa\OneDrive\Documents\texas-special-ed-site\districts\nacogdoches-isd\es\como-solicitar-una-evaluacion-fie-nacogdoches.html,unchanged,,
C:\Users\elisa\OneDrive\Documents\texas-special-ed-site\districts\nacogdoches-isd\es\evaluacion-educacion-especial-child-find.html,unchanged,,
C:\Users\elisa\OneDrive\Documents\texas-special-ed-site\districts\nacogdoches-isd\es\index.html,unchanged,,
C:\Users\elisa\OneDrive\Documents\texas-special-ed-site\districts\nacogdoches-isd\es\proceso-ard-guia-para-padres.html,unchanged,,
C:\Users\elisa\OneDrive\Documents\texas-special-ed-site\districts\nacogdoches-isd\es\quejas-y-disputas-educacion-especial.html,unchanged,,
C:\Users\elisa\OneDrive\Documents\texas-special-ed-site\districts\nacogdoches-isd\evaluation-child-find-nacogdoches-isd.html,unchanged,,
C:\Users\elisa\OneDrive\Documents\texas-special-ed-site\districts\nacogdoches-isd\grievance-dispute-resolution-nacogdoches-isd.html,unchanged,,
C:\Users\elisa\OneDrive\Documents\texas-special-ed-site\districts\nacogdoches-isd\how-to-request-evaluation.html,unchanged,,
C:\Users\elisa\OneDrive\Documents\texas-special-ed-site\districts\nacogdoches-isd\index.html,unchanged,,
C:\Users\elisa\OneDrive\Documents\texas-special-ed-site\districts\nacogdoches-isd\what-is-an-fie-nacogdoches-isd.html,unchanged,,
C:\Users\elisa\OneDrive\Documents\texas-special-ed-site\districts\navarro-isd\ard-process-guide-navarro-isd.html,unchanged,,
C:\Users\elisa\OneDrive\Documents\texas-special-ed-site\districts\navarro-isd\evaluation-child-find-navarro-isd.html,unchanged,,
C:\Users\elisa\OneDrive\Documents\texas-special-ed-site\districts\navarro-isd\grievance-dispute-resolution-navarro-isd.html,unchanged,,
C:\Users\elisa\OneDrive\Documents\texas-special-ed-site\districts\navarro-isd\index.html,unchanged,,
C:\Users\elisa\OneDrive\Documents\texas-special-ed-site\districts\navarro-isd\what-is-an-fie-navarro-isd.html,unchanged,,
C:\Users\elisa\OneDrive\Documents\texas-special-ed-site\districts\navasota-isd\ard-process-guide-navasota-isd.html,unchanged,,
C:\Users\elisa\OneDrive\Documents\texas-special-ed-site\districts\navasota-isd\es\como-solicitar-una-evaluacion-fie-navasota.html,unchanged,,
C:\Users\elisa\OneDrive\Documents\texas-special-ed-site\districts\navasota-isd\es\evaluacion-educacion-especial-child-find.html,unchanged,,
C:\Users\elisa\OneDrive\Documents\texas-special-ed-site\districts\navasota-isd\es\index.html,unchanged,,
C:\Users\elisa\OneDrive\Documents\texas-special-ed-site\districts\navasota-isd\es\proceso-ard-guia-para-padres.html,unchanged,,
C:\Users\elisa\OneDrive\Documents\texas-special-ed-site\districts\navasota-isd\es\quejas-y-disputas-educacion-especial.html,unchanged,,
C:\Users\elisa\OneDrive\Documents\texas-special-ed-site\districts\navasota-isd\evaluation-child-find-navasota-isd.html,unchanged,,
C:\Users\elisa\OneDrive\Documents\texas-special-ed-site\districts\navasota-isd\grievance-dispute-resolution-navasota-isd.html,unchanged,,
C:\Users\elisa\OneDrive\Documents\texas-special-ed-site\districts\navasota-isd\how-to-request-evaluation.html,unchanged,,
C:\Users\elisa\OneDrive\Documents\texas-special-ed-site\districts\navasota-isd\index.html,unchanged,,
C:\Users\elisa\OneDrive\Documents\texas-special-ed-site\districts\navasota-isd\what-is-an-fie-navasota-isd.html,unchanged,,
C:\Users\elisa\OneDrive\Documents\texas-special-ed-site\districts\nederland-isd\ard-process-guide-nederland-isd.html,unchanged,,
C:\Users\elisa\OneDrive\Documents\texas-special-ed-site\districts\nederland-isd\es\como-solicitar-una-evaluacion-fie-nederland.html,unchanged,,
C:\Users\elisa\OneDrive\Documents\texas-special-ed-site\districts\nederland-isd\es\evaluacion-educacion-especial-child-find.html,unchanged,,
C:\Users\elisa\OneDrive\Documents\texas-special-ed-site\districts\nederland-isd\es\index.html,unchanged,,
C:\Users\elisa\OneDrive\Documents\texas-special-ed-site\districts\nederland-isd\es\proceso-ard-guia-para-padres.html,unchanged,,
C:\Users\elisa\OneDrive\Documents\texas-special-ed-site\districts\nederland-isd\es\quejas-y-disputas-educacion-especial.html,unchanged,,
C:\Users\elisa\OneDrive\Documents\texas-special-ed-site\districts\nederland-isd\evaluation-child-find-nederland-isd.html,unchanged,,
C:\Users\elisa\OneDrive\Documents\texas-special-ed-site\districts\nederland-isd\grievance-dispute-resolution-nederland-isd.html,unchanged,,
C:\Users\elisa\OneDrive\Documents\texas-special-ed-site\districts\nederland-isd\how-to-request-evaluation.html,unchanged,,
C:\Users\elisa\OneDrive\Documents\texas-special-ed-site\districts\nederland-isd\index.html,unchanged,,
C:\Users\elisa\OneDrive\Documents\texas-special-ed-site\districts\nederland-isd\what-is-an-fie-nederland-isd.html,unchanged,,
C:\Users\elisa\OneDrive\Documents\texas-special-ed-site\districts\needville-isd\ard-process-guide-needville-isd.html,unchanged,,
C:\Users\elisa\OneDrive\Documents\texas-special-ed-site\districts\needville-isd\es\como-solicitar-una-evaluacion-fie-needville.html,unchanged,,
C:\Users\elisa\OneDrive\Documents\texas-special-ed-site\districts\needville-isd\es\evaluacion-educacion-especial-child-find.html,unchanged,,
C:\Users\elisa\OneDrive\Documents\texas-special-ed-site\districts\needville-isd\es\index.html,unchanged,,
C:\Users\elisa\OneDrive\Documents\texas-special-ed-site\districts\needville-isd\es\proceso-ard-guia-para-padres.html,unchanged,,
C:\Users\elisa\OneDrive\Documents\texas-special-ed-site\districts\needville-isd\es\quejas-y-disputas-educacion-especial.html,unchanged,,
C:\Users\elisa\OneDrive\Documents\texas-special-ed-site\districts\needville-isd\evaluation-child-find-needville-isd.html,unchanged,,
C:\Users\elisa\OneDrive\Documents\texas-special-ed-site\districts\needville-isd\grievance-dispute-resolution-needville-isd.html,unchanged,,
C:\Users\elisa\OneDrive\Documents\texas-special-ed-site\districts\needville-isd\how-to-request-evaluation.html,unchanged,,
C:\Users\elisa\OneDrive\Documents\texas-special-ed-site\districts\needville-isd\index.html,unchanged,,
C:\Users\elisa\OneDrive\Documents\texas-special-ed-site\districts\needville-isd\what-is-an-fie-needville-isd.html,unchanged,,
C:\Users\elisa\OneDrive\Documents\texas-special-ed-site\districts\new-braunfels-isd\ard-process-guide-new-braunfels-isd.html,unchanged,,
C:\Users\elisa\OneDrive\Documents\texas-special-ed-site\districts\new-braunfels-isd\es\como-solicitar-una-evaluacion-fie-new-braunfels.html,unchanged,,
C:\Users\elisa\OneDrive\Documents\texas-special-ed-site\districts\new-braunfels-isd\es\evaluacion-educacion-especial-child-find.html,unchanged,,
C:\Users\elisa\OneDrive\Documents\texas-special-ed-site\districts\new-braunfels-isd\es\index.html,unchanged,,
C:\Users\elisa\OneDrive\Documents\texas-special-ed-site\districts\new-braunfels-isd\es\proceso-ard-guia-para-padres.html,unchanged,,
C:\Users\elisa\OneDrive\Documents\texas-special-ed-site\districts\new-braunfels-isd\es\quejas-y-disputas-educacion-especial.html,unchanged,,
C:\Users\elisa\OneDrive\Documents\texas-special-ed-site\districts\new-braunfels-isd\evaluation-child-find-new-braunfels-isd.html,unchanged,,
C:\Users\elisa\OneDrive\Documents\texas-special-ed-site\districts\new-braunfels-isd\grievance-dispute-resolution-new-braunfels-isd.html,unchanged,,
C:\Users\elisa\OneDrive\Documents\texas-special-ed-site\districts\new-braunfels-isd\how-to-request-evaluation.html,unchanged,,
C:\Users\elisa\OneDrive\Documents\texas-special-ed-site\districts\new-braunfels-isd\index.html,unchanged,,
C:\Users\elisa\OneDrive\Documents\texas-special-ed-site\districts\new-braunfels-isd\what-is-an-fie-new-braunfels-isd.html,unchanged,,
C:\Users\elisa\OneDrive\Documents\texas-special-ed-site\districts\new-caney-isd\ard-process-guide.html,fixed,Moved offer [Free ARD Rights Scan] to after paragraph 2,
C:\Users\elisa\OneDrive\Documents\texas-special-ed-site\districts\new-caney-isd\dyslexia-services.html,unchanged,,
C:\Users\elisa\OneDrive\Documents\texas-special-ed-site\districts\new-caney-isd\evaluation-child-find.html,fixed,Moved offer [Show the ISD You Mean Business] to after paragraph 2,
C:\Users\elisa\OneDrive\Documents\texas-special-ed-site\districts\new-caney-isd\grievance-dispute-resolution.html,unchanged,,
C:\Users\elisa\OneDrive\Documents\texas-special-ed-site\districts\new-caney-isd\index.html,unchanged,,
C:\Users\elisa\OneDrive\Documents\texas-special-ed-site\districts\new-caney-isd\leadership-directory.html,unchanged,,
C:\Users\elisa\OneDrive\Documents\texas-special-ed-site\districts\new-caney-isd\partners.html,unchanged,,
C:\Users\elisa\OneDrive\Documents\texas-special-ed-site\districts\new-caney-isd\what-is-an-fie-new-caney-isd.html,fixed,Moved offer [Show the ISD You Mean Business] to after paragraph 2,
C:\Users\elisa\OneDrive\Documents\texas-special-ed-site\districts\north-east-isd\ard-process-guide.html,fixed,Moved offer [Free ARD Rights Scan] to after paragraph 2,
C:\Users\elisa\OneDrive\Documents\texas-special-ed-site\districts\north-east-isd\dyslexia-services.html,unchanged,,
C:\Users\elisa\OneDrive\Documents\texas-special-ed-site\districts\north-east-isd\evaluation-child-find.html,fixed,Moved offer [Show the ISD You Mean Business] to after paragraph 2,
C:\Users\elisa\OneDrive\Documents\texas-special-ed-site\districts\north-east-isd\grievance-dispute-resolution.html,unchanged,,
C:\Users\elisa\OneDrive\Documents\texas-special-ed-site\districts\north-east-isd\index.html,unchanged,,
C:\Users\elisa\OneDrive\Documents\texas-special-ed-site\districts\north-east-isd\leadership-directory.html,unchanged,,
C:\Users\elisa\OneDrive\Documents\texas-special-ed-site\districts\north-east-isd\partners.html,unchanged,,
C:\Users\elisa\OneDrive\Documents\texas-special-ed-site\districts\north-east-isd\special-ed-updates.html,unchanged,,
C:\Users\elisa\OneDrive\Documents\texas-special-ed-site\districts\north-east-isd\what-is-an-fie-north-east-isd.html,fixed,Moved offer [Show the ISD You Mean Business] to after paragraph 2,
C:\Users\elisa\OneDrive\Documents\texas-special-ed-site\districts\north-lamar-isd\ard-process-guide-north-lamar-isd.html,unchanged,,
C:\Users\elisa\OneDrive\Documents\texas-special-ed-site\districts\north-lamar-isd\evaluation-child-find-north-lamar-isd.html,unchanged,,
C:\Users\elisa\OneDrive\Documents\texas-special-ed-site\districts\north-lamar-isd\grievance-dispute-resolution-north-lamar-isd.html,unchanged,,
C:\Users\elisa\OneDrive\Documents\texas-special-ed-site\districts\north-lamar-isd\index.html,unchanged,,
C:\Users\elisa\OneDrive\Documents\texas-special-ed-site\districts\north-lamar-isd\what-is-an-fie-north-lamar-isd.html,unchanged,,
C:\Users\elisa\OneDrive\Documents\texas-special-ed-site\districts\northside-isd\ard-process-guide.html,fixed,Moved offer [Free ARD Rights Scan] to after paragraph 2,
C:\Users\elisa\OneDrive\Documents\texas-special-ed-site\districts\northside-isd\dyslexia-services.html,unchanged,,
C:\Users\elisa\OneDrive\Documents\texas-special-ed-site\districts\northside-isd\es\como-solicitar-una-evaluacion-fie-northside-isd.html,unchanged,,
C:\Users\elisa\OneDrive\Documents\texas-special-ed-site\districts\northside-isd\es\guia-proceso-ard.html,unchanged,,
C:\Users\elisa\OneDrive\Documents\texas-special-ed-site\districts\northside-isd\es\index.html,unchanged,,
C:\Users\elisa\OneDrive\Documents\texas-special-ed-site\districts\northside-isd\es\resolucion-disputas.html,unchanged,,
C:\Users\elisa\OneDrive\Documents\texas-special-ed-site\districts\northside-isd\es\servicios-dislexia.html,unchanged,,
C:\Users\elisa\OneDrive\Documents\texas-special-ed-site\districts\northside-isd\es\solicitar-evaluacion.html,unchanged,,
C:\Users\elisa\OneDrive\Documents\texas-special-ed-site\districts\northside-isd\evaluation-child-find.html,fixed,Moved offer [Show the ISD You Mean Business] to after paragraph 2,
C:\Users\elisa\OneDrive\Documents\texas-special-ed-site\districts\northside-isd\grievance-dispute-resolution.html,unchanged,,
C:\Users\elisa\OneDrive\Documents\texas-special-ed-site\districts\northside-isd\index.html,unchanged,,
C:\Users\elisa\OneDrive\Documents\texas-special-ed-site\districts\northside-isd\leadership-directory.html,unchanged,,
C:\Users\elisa\OneDrive\Documents\texas-special-ed-site\districts\northside-isd\partners.html,unchanged,,
C:\Users\elisa\OneDrive\Documents\texas-special-ed-site\districts\northside-isd\what-is-an-fie-northside-isd.html,fixed,Moved offer [Show the ISD You Mean Business] to after paragraph 2,
C:\Users\elisa\OneDrive\Documents\texas-special-ed-site\districts\northwest-isd\ard-process-guide.html,fixed,Moved offer [Free ARD Rights Scan] to after paragraph 2,
C:\Users\elisa\OneDrive\Documents\texas-special-ed-site\districts\northwest-isd\dyslexia-services.html,unchanged,,
C:\Users\elisa\OneDrive\Documents\texas-special-ed-site\districts\northwest-isd\evaluation-child-find.html,fixed,Moved offer [Show the ISD You Mean Business] to after paragraph 2,
C:\Users\elisa\OneDrive\Documents\texas-special-ed-site\districts\northwest-isd\grievance-dispute-resolution.html,unchanged,,
C:\Users\elisa\OneDrive\Documents\texas-special-ed-site\districts\northwest-isd\index.html,unchanged,,
C:\Users\elisa\OneDrive\Documents\texas-special-ed-site\districts\northwest-isd\leadership-directory.html,unchanged,,
C:\Users\elisa\OneDrive\Documents\texas-special-ed-site\districts\northwest-isd\partners.html,unchanged,,
C:\Users\elisa\OneDrive\Documents\texas-special-ed-site\districts\northwest-isd\what-is-an-fie-northwest-isd.html,fixed,Moved offer [Show the ISD You Mean Business] to after paragraph 2,
C:\Users\elisa\OneDrive\Documents\texas-special-ed-site\districts\palestine-isd\ard-process-guide-palestine-isd.html,unchanged,,
C:\Users\elisa\OneDrive\Documents\texas-special-ed-site\districts\palestine-isd\es\como-solicitar-una-evaluacion-fie-palestine.html,unchanged,,
C:\Users\elisa\OneDrive\Documents\texas-special-ed-site\districts\palestine-isd\es\evaluacion-educacion-especial-child-find.html,unchanged,,
C:\Users\elisa\OneDrive\Documents\texas-special-ed-site\districts\palestine-isd\es\index.html,unchanged,,
C:\Users\elisa\OneDrive\Documents\texas-special-ed-site\districts\palestine-isd\es\proceso-ard-guia-para-padres.html,unchanged,,
C:\Users\elisa\OneDrive\Documents\texas-special-ed-site\districts\palestine-isd\es\quejas-y-disputas-educacion-especial.html,unchanged,,
C:\Users\elisa\OneDrive\Documents\texas-special-ed-site\districts\palestine-isd\evaluation-child-find-palestine-isd.html,unchanged,,
C:\Users\elisa\OneDrive\Documents\texas-special-ed-site\districts\palestine-isd\grievance-dispute-resolution-palestine-isd.html,unchanged,,
C:\Users\elisa\OneDrive\Documents\texas-special-ed-site\districts\palestine-isd\how-to-request-evaluation.html,unchanged,,
C:\Users\elisa\OneDrive\Documents\texas-special-ed-site\districts\palestine-isd\index.html,unchanged,,
C:\Users\elisa\OneDrive\Documents\texas-special-ed-site\districts\palestine-isd\what-is-an-fie-palestine-isd.html,unchanged,,
C:\Users\elisa\OneDrive\Documents\texas-special-ed-site\districts\pampa-isd\ard-process-guide-pampa-isd.html,unchanged,,
C:\Users\elisa\OneDrive\Documents\texas-special-ed-site\districts\pampa-isd\es\como-solicitar-una-evaluacion-fie-pampa.html,unchanged,,
C:\Users\elisa\OneDrive\Documents\texas-special-ed-site\districts\pampa-isd\es\evaluacion-educacion-especial-child-find.html,unchanged,,
C:\Users\elisa\OneDrive\Documents\texas-special-ed-site\districts\pampa-isd\es\index.html,unchanged,,
C:\Users\elisa\OneDrive\Documents\texas-special-ed-site\districts\pampa-isd\es\proceso-ard-guia-para-padres.html,unchanged,,
C:\Users\elisa\OneDrive\Documents\texas-special-ed-site\districts\pampa-isd\es\quejas-y-disputas-educacion-especial.html,unchanged,,
C:\Users\elisa\OneDrive\Documents\texas-special-ed-site\districts\pampa-isd\evaluation-child-find-pampa-isd.html,unchanged,,
C:\Users\elisa\OneDrive\Documents\texas-special-ed-site\districts\pampa-isd\grievance-dispute-resolution-pampa-isd.html,unchanged,,
C:\Users\elisa\OneDrive\Documents\texas-special-ed-site\districts\pampa-isd\how-to-request-evaluation.html,unchanged,,
C:\Users\elisa\OneDrive\Documents\texas-special-ed-site\districts\pampa-isd\index.html,unchanged,,
C:\Users\elisa\OneDrive\Documents\texas-special-ed-site\districts\pampa-isd\what-is-an-fie-pampa-isd.html,unchanged,,
C:\Users\elisa\OneDrive\Documents\texas-special-ed-site\districts\paris-isd\ard-process-guide-paris-isd.html,unchanged,,
C:\Users\elisa\OneDrive\Documents\texas-special-ed-site\districts\paris-isd\es\como-solicitar-una-evaluacion-fie-paris.html,unchanged,,
C:\Users\elisa\OneDrive\Documents\texas-special-ed-site\districts\paris-isd\es\evaluacion-educacion-especial-child-find.html,unchanged,,
C:\Users\elisa\OneDrive\Documents\texas-special-ed-site\districts\paris-isd\es\index.html,unchanged,,
C:\Users\elisa\OneDrive\Documents\texas-special-ed-site\districts\paris-isd\es\proceso-ard-guia-para-padres.html,unchanged,,
C:\Users\elisa\OneDrive\Documents\texas-special-ed-site\districts\paris-isd\es\quejas-y-disputas-educacion-especial.html,unchanged,,
C:\Users\elisa\OneDrive\Documents\texas-special-ed-site\districts\paris-isd\evaluation-child-find-paris-isd.html,unchanged,,
C:\Users\elisa\OneDrive\Documents\texas-special-ed-site\districts\paris-isd\grievance-dispute-resolution-paris-isd.html,unchanged,,
C:\Users\elisa\OneDrive\Documents\texas-special-ed-site\districts\paris-isd\how-to-request-evaluation.html,unchanged,,
C:\Users\elisa\OneDrive\Documents\texas-special-ed-site\districts\paris-isd\index.html,unchanged,,
C:\Users\elisa\OneDrive\Documents\texas-special-ed-site\districts\paris-isd\what-is-an-fie-paris-isd.html,unchanged,,
C:\Users\elisa\OneDrive\Documents\texas-special-ed-site\districts\pasadena-isd\ard-process-guide.html,fixed,Moved offer [Free ARD Rights Scan] to after paragraph 2,
C:\Users\elisa\OneDrive\Documents\texas-special-ed-site\districts\pasadena-isd\dyslexia-services.html,unchanged,,
C:\Users\elisa\OneDrive\Documents\texas-special-ed-site\districts\pasadena-isd\evaluation-child-find.html,fixed,Moved offer [Show the ISD You Mean Business] to after paragraph 2,
C:\Users\elisa\OneDrive\Documents\texas-special-ed-site\districts\pasadena-isd\grievance-dispute-resolution.html,unchanged,,
C:\Users\elisa\OneDrive\Documents\texas-special-ed-site\districts\pasadena-isd\index.html,unchanged,,
C:\Users\elisa\OneDrive\Documents\texas-special-ed-site\districts\pasadena-isd\leadership-directory.html,unchanged,,
C:\Users\elisa\OneDrive\Documents\texas-special-ed-site\districts\pasadena-isd\partners.html,unchanged,,
C:\Users\elisa\OneDrive\Documents\texas-special-ed-site\districts\pasadena-isd\what-is-an-fie-pasadena-isd.html,fixed,Moved offer [Show the ISD You Mean Business] to after paragraph 2,
C:\Users\elisa\OneDrive\Documents\texas-special-ed-site\districts\pearland-isd\ard-process-guide-pearland-isd.html,unchanged,,
C:\Users\elisa\OneDrive\Documents\texas-special-ed-site\districts\pearland-isd\es\como-solicitar-una-evaluacion-fie-garland-isd-texas.html,unchanged,,
C:\Users\elisa\OneDrive\Documents\texas-special-ed-site\districts\pearland-isd\es\como-solicitar-una-evaluacion-fie-pearland.html,unchanged,,
C:\Users\elisa\OneDrive\Documents\texas-special-ed-site\districts\pearland-isd\es\evaluacion-educacion-especial-child-find.html,unchanged,,
C:\Users\elisa\OneDrive\Documents\texas-special-ed-site\districts\pearland-isd\es\index.html,unchanged,,
C:\Users\elisa\OneDrive\Documents\texas-special-ed-site\districts\pearland-isd\es\proceso-ard-guia-para-padres.html,unchanged,,
C:\Users\elisa\OneDrive\Documents\texas-special-ed-site\districts\pearland-isd\es\quejas-y-disputas-educacion-especial.html,unchanged,,
C:\Users\elisa\OneDrive\Documents\texas-special-ed-site\districts\pearland-isd\evaluation-child-find-pearland-isd.html,unchanged,,
C:\Users\elisa\OneDrive\Documents\texas-special-ed-site\districts\pearland-isd\grievance-dispute-resolution-pearland-isd.html,unchanged,,
C:\Users\elisa\OneDrive\Documents\texas-special-ed-site\districts\pearland-isd\how-to-request-evaluation.html,unchanged,,
C:\Users\elisa\OneDrive\Documents\texas-special-ed-site\districts\pearland-isd\index.html,unchanged,,
C:\Users\elisa\OneDrive\Documents\texas-special-ed-site\districts\pearland-isd\what-is-an-fie-pearland-isd.html,unchanged,,
C:\Users\elisa\OneDrive\Documents\texas-special-ed-site\districts\pecos-barstow-toyah-isd\ard-process-guide-pecos-barstow-toyah-isd.html,unchanged,,
C:\Users\elisa\OneDrive\Documents\texas-special-ed-site\districts\pecos-barstow-toyah-isd\es\como-solicitar-una-evaluacion-fie-pecos-barstow-toyah.html,unchanged,,
C:\Users\elisa\OneDrive\Documents\texas-special-ed-site\districts\pecos-barstow-toyah-isd\es\index.html,unchanged,,
C:\Users\elisa\OneDrive\Documents\texas-special-ed-site\districts\pecos-barstow-toyah-isd\es\proceso-ard-guia-para-padres.html,unchanged,,
C:\Users\elisa\OneDrive\Documents\texas-special-ed-site\districts\pecos-barstow-toyah-isd\es\quejas-y-disputas-educacion-especial.html,unchanged,,
C:\Users\elisa\OneDrive\Documents\texas-special-ed-site\districts\pecos-barstow-toyah-isd\evaluation-child-find-pecos-barstow-toyah-isd.html,unchanged,,
C:\Users\elisa\OneDrive\Documents\texas-special-ed-site\districts\pecos-barstow-toyah-isd\grievance-dispute-resolution-pecos-barstow-toyah-isd.html,unchanged,,
C:\Users\elisa\OneDrive\Documents\texas-special-ed-site\districts\pecos-barstow-toyah-isd\how-to-request-evaluation.html,unchanged,,
C:\Users\elisa\OneDrive\Documents\texas-special-ed-site\districts\pecos-barstow-toyah-isd\index.html,unchanged,,
C:\Users\elisa\OneDrive\Documents\texas-special-ed-site\districts\pecos-barstow-toyah-isd\what-is-an-fie-pecos-barstow-toyah-isd.html,unchanged,,
C:\Users\elisa\OneDrive\Documents\texas-special-ed-site\districts\pflugerville-isd\ard-process-guide.html,fixed,Moved offer [Free ARD Rights Scan] to after paragraph 2,
C:\Users\elisa\OneDrive\Documents\texas-special-ed-site\districts\pflugerville-isd\dyslexia-services.html,unchanged,,
C:\Users\elisa\OneDrive\Documents\texas-special-ed-site\districts\pflugerville-isd\evaluation-child-find.html,fixed,Moved offer [Show the ISD You Mean Business] to after paragraph 2,
C:\Users\elisa\OneDrive\Documents\texas-special-ed-site\districts\pflugerville-isd\grievance-dispute-resolution.html,unchanged,,
C:\Users\elisa\OneDrive\Documents\texas-special-ed-site\districts\pflugerville-isd\index.html,unchanged,,
C:\Users\elisa\OneDrive\Documents\texas-special-ed-site\districts\pflugerville-isd\leadership-directory.html,unchanged,,
C:\Users\elisa\OneDrive\Documents\texas-special-ed-site\districts\pflugerville-isd\partners.html,unchanged,,
C:\Users\elisa\OneDrive\Documents\texas-special-ed-site\districts\pflugerville-isd\what-is-an-fie-pflugerville-isd.html,fixed,Moved offer [Show the ISD You Mean Business] to after paragraph 2,
C:\Users\elisa\OneDrive\Documents\texas-special-ed-site\districts\pharr-san-juan-alamo-isd\ard-process-guide.html,fixed,Moved offer [Free ARD Rights Scan] to after paragraph 2,
C:\Users\elisa\OneDrive\Documents\texas-special-ed-site\districts\pharr-san-juan-alamo-isd\dyslexia-services.html,unchanged,,
C:\Users\elisa\OneDrive\Documents\texas-special-ed-site\districts\pharr-san-juan-alamo-isd\es\guia-proceso-ard.html,unchanged,,
C:\Users\elisa\OneDrive\Documents\texas-special-ed-site\districts\pharr-san-juan-alamo-isd\es\index.html,unchanged,,
C:\Users\elisa\OneDrive\Documents\texas-special-ed-site\districts\pharr-san-juan-alamo-isd\es\resolucion-disputas.html,unchanged,,
C:\Users\elisa\OneDrive\Documents\texas-special-ed-site\districts\pharr-san-juan-alamo-isd\es\servicios-dislexia.html,unchanged,,
C:\Users\elisa\OneDrive\Documents\texas-special-ed-site\districts\pharr-san-juan-alamo-isd\es\solicitar-evaluacion.html,unchanged,,
C:\Users\elisa\OneDrive\Documents\texas-special-ed-site\districts\pharr-san-juan-alamo-isd\evaluation-child-find.html,fixed,Moved offer [Show the ISD You Mean Business] to after paragraph 2,
C:\Users\elisa\OneDrive\Documents\texas-special-ed-site\districts\pharr-san-juan-alamo-isd\grievance-dispute-resolution.html,unchanged,,
C:\Users\elisa\OneDrive\Documents\texas-special-ed-site\districts\pharr-san-juan-alamo-isd\index.html,unchanged,,
C:\Users\elisa\OneDrive\Documents\texas-special-ed-site\districts\pharr-san-juan-alamo-isd\leadership-directory.html,unchanged,,
C:\Users\elisa\OneDrive\Documents\texas-special-ed-site\districts\pharr-san-juan-alamo-isd\partners.html,unchanged,,
C:\Users\elisa\OneDrive\Documents\texas-special-ed-site\districts\pharr-san-juan-alamo-isd\what-is-an-fie-pharr-san-juan-alamo-isd.html,fixed,Moved offer [Show the ISD You Mean Business] to after paragraph 2,
C:\Users\elisa\OneDrive\Documents\texas-special-ed-site\districts\pine-tree-isd\ard-process-guide-pine-tree-isd.html,unchanged,,
C:\Users\elisa\OneDrive\Documents\texas-special-ed-site\districts\pine-tree-isd\es\como-solicitar-una-evaluacion-fie-pine-tree.html,unchanged,,
C:\Users\elisa\OneDrive\Documents\texas-special-ed-site\districts\pine-tree-isd\es\evaluacion-educacion-especial-child-find.html,unchanged,,
C:\Users\elisa\OneDrive\Documents\texas-special-ed-site\districts\pine-tree-isd\es\index.html,unchanged,,
C:\Users\elisa\OneDrive\Documents\texas-special-ed-site\districts\pine-tree-isd\es\proceso-ard-guia-para-padres.html,unchanged,,
C:\Users\elisa\OneDrive\Documents\texas-special-ed-site\districts\pine-tree-isd\es\quejas-y-disputas-educacion-especial.html,unchanged,,
C:\Users\elisa\OneDrive\Documents\texas-special-ed-site\districts\pine-tree-isd\evaluation-child-find-pine-tree-isd.html,unchanged,,
C:\Users\elisa\OneDrive\Documents\texas-special-ed-site\districts\pine-tree-isd\grievance-dispute-resolution-pine-tree-isd.html,unchanged,,
C:\Users\elisa\OneDrive\Documents\texas-special-ed-site\districts\pine-tree-isd\how-to-request-evaluation.html,unchanged,,
C:\Users\elisa\OneDrive\Documents\texas-special-ed-site\districts\pine-tree-isd\index.html,unchanged,,
C:\Users\elisa\OneDrive\Documents\texas-special-ed-site\districts\pine-tree-isd\what-is-an-fie-pine-tree-isd.html,unchanged,,
C:\Users\elisa\OneDrive\Documents\texas-special-ed-site\districts\plainview-isd\ard-process-guide-plainview-isd.html,unchanged,,
C:\Users\elisa\OneDrive\Documents\texas-special-ed-site\districts\plainview-isd\es\como-solicitar-una-evaluacion-fie-longview-isd.html,unchanged,,
C:\Users\elisa\OneDrive\Documents\texas-special-ed-site\districts\plainview-isd\es\como-solicitar-una-evaluacion-fie-plainview.html,unchanged,,
C:\Users\elisa\OneDrive\Documents\texas-special-ed-site\districts\plainview-isd\es\evaluacion-educacion-especial-child-find.html,unchanged,,
C:\Users\elisa\OneDrive\Documents\texas-special-ed-site\districts\plainview-isd\es\index.html,unchanged,,
C:\Users\elisa\OneDrive\Documents\texas-special-ed-site\districts\plainview-isd\es\proceso-ard-guia-para-padres.html,unchanged,,
C:\Users\elisa\OneDrive\Documents\texas-special-ed-site\districts\plainview-isd\es\quejas-y-disputas-educacion-especial.html,unchanged,,
C:\Users\elisa\OneDrive\Documents\texas-special-ed-site\districts\plainview-isd\evaluation-child-find-plainview-isd.html,unchanged,,
C:\Users\elisa\OneDrive\Documents\texas-special-ed-site\districts\plainview-isd\grievance-dispute-resolution-plainview-isd.html,unchanged,,
C:\Users\elisa\OneDrive\Documents\texas-special-ed-site\districts\plainview-isd\how-to-request-evaluation.html,unchanged,,
C:\Users\elisa\OneDrive\Documents\texas-special-ed-site\districts\plainview-isd\index.html,unchanged,,
C:\Users\elisa\OneDrive\Documents\texas-special-ed-site\districts\plainview-isd\what-is-an-fie-plainview-isd.html,unchanged,,
C:\Users\elisa\OneDrive\Documents\texas-special-ed-site\districts\plano-isd\ard-process-guide.html,fixed,Moved offer [Free ARD Rights Scan] to after paragraph 2,
C:\Users\elisa\OneDrive\Documents\texas-special-ed-site\districts\plano-isd\dyslexia-services.html,unchanged,,
C:\Users\elisa\OneDrive\Documents\texas-special-ed-site\districts\plano-isd\es\como-solicitar-una-evaluacion-fie-plano-isd.html,unchanged,,
C:\Users\elisa\OneDrive\Documents\texas-special-ed-site\districts\plano-isd\es\guia-proceso-ard.html,unchanged,,
C:\Users\elisa\OneDrive\Documents\texas-special-ed-site\districts\plano-isd\es\index.html,unchanged,,
C:\Users\elisa\OneDrive\Documents\texas-special-ed-site\districts\plano-isd\es\resolucion-disputas.html,unchanged,,
C:\Users\elisa\OneDrive\Documents\texas-special-ed-site\districts\plano-isd\es\servicios-dislexia.html,unchanged,,
C:\Users\elisa\OneDrive\Documents\texas-special-ed-site\districts\plano-isd\es\solicitar-evaluacion.html,unchanged,,
C:\Users\elisa\OneDrive\Documents\texas-special-ed-site\districts\plano-isd\evaluation-child-find.html,fixed,Moved offer [Show the ISD You Mean Business] to after paragraph 2,
C:\Users\elisa\OneDrive\Documents\texas-special-ed-site\districts\plano-isd\grievance-dispute-resolution.html,unchanged,,
C:\Users\elisa\OneDrive\Documents\texas-special-ed-site\districts\plano-isd\index.html,unchanged,,
C:\Users\elisa\OneDrive\Documents\texas-special-ed-site\districts\plano-isd\leadership-directory.html,unchanged,,
C:\Users\elisa\OneDrive\Documents\texas-special-ed-site\districts\plano-isd\partners.html,unchanged,,
C:\Users\elisa\OneDrive\Documents\texas-special-ed-site\districts\plano-isd\special-ed-updates.html,unchanged,,
C:\Users\elisa\OneDrive\Documents\texas-special-ed-site\districts\plano-isd\what-is-an-fie-plano-isd.html,fixed,Moved offer [Show the ISD You Mean Business] to after paragraph 2,
C:\Users\elisa\OneDrive\Documents\texas-special-ed-site\districts\pleasanton-isd\ard-process-guide-pleasanton-isd.html,unchanged,,
C:\Users\elisa\OneDrive\Documents\texas-special-ed-site\districts\pleasanton-isd\es\como-solicitar-una-evaluacion-fie-pleasanton.html,unchanged,,
C:\Users\elisa\OneDrive\Documents\texas-special-ed-site\districts\pleasanton-isd\es\evaluacion-educacion-especial-child-find.html,unchanged,,
C:\Users\elisa\OneDrive\Documents\texas-special-ed-site\districts\pleasanton-isd\es\index.html,unchanged,,
C:\Users\elisa\OneDrive\Documents\texas-special-ed-site\districts\pleasanton-isd\es\proceso-ard-guia-para-padres.html,unchanged,,
C:\Users\elisa\OneDrive\Documents\texas-special-ed-site\districts\pleasanton-isd\es\quejas-y-disputas-educacion-especial.html,unchanged,,
C:\Users\elisa\OneDrive\Documents\texas-special-ed-site\districts\pleasanton-isd\evaluation-child-find-pleasanton-isd.html,unchanged,,
C:\Users\elisa\OneDrive\Documents\texas-special-ed-site\districts\pleasanton-isd\grievance-dispute-resolution-pleasanton-isd.html,unchanged,,
C:\Users\elisa\OneDrive\Documents\texas-special-ed-site\districts\pleasanton-isd\how-to-request-evaluation.html,unchanged,,
C:\Users\elisa\OneDrive\Documents\texas-special-ed-site\districts\pleasanton-isd\index.html,unchanged,,
C:\Users\elisa\OneDrive\Documents\texas-special-ed-site\districts\pleasanton-isd\what-is-an-fie-pleasanton-isd.html,unchanged,,
C:\Users\elisa\OneDrive\Documents\texas-special-ed-site\districts\port-arthur-isd\ard-process-guide-port-arthur-isd.html,unchanged,,
C:\Users\elisa\OneDrive\Documents\texas-special-ed-site\districts\port-arthur-isd\es\como-solicitar-una-evaluacion-fie-port-arthur.html,unchanged,,
C:\Users\elisa\OneDrive\Documents\texas-special-ed-site\districts\port-arthur-isd\es\evaluacion-educacion-especial-child-find.html,unchanged,,
C:\Users\elisa\OneDrive\Documents\texas-special-ed-site\districts\port-arthur-isd\es\index.html,unchanged,,
C:\Users\elisa\OneDrive\Documents\texas-special-ed-site\districts\port-arthur-isd\es\proceso-ard-guia-para-padres.html,unchanged,,
C:\Users\elisa\OneDrive\Documents\texas-special-ed-site\districts\port-arthur-isd\es\quejas-y-disputas-educacion-especial.html,unchanged,,
C:\Users\elisa\OneDrive\Documents\texas-special-ed-site\districts\port-arthur-isd\evaluation-child-find-port-arthur-isd.html,unchanged,,
C:\Users\elisa\OneDrive\Documents\texas-special-ed-site\districts\port-arthur-isd\grievance-dispute-resolution-port-arthur-isd.html,unchanged,,
C:\Users\elisa\OneDrive\Documents\texas-special-ed-site\districts\port-arthur-isd\how-to-request-evaluation.html,unchanged,,
C:\Users\elisa\OneDrive\Documents\texas-special-ed-site\districts\port-arthur-isd\index.html,unchanged,,
C:\Users\elisa\OneDrive\Documents\texas-special-ed-site\districts\port-arthur-isd\what-is-an-fie-port-arthur-isd.html,unchanged,,
C:\Users\elisa\OneDrive\Documents\texas-special-ed-site\districts\port-neches-groves-isd\ard-process-guide-port-neches-groves-isd.html,unchanged,,
C:\Users\elisa\OneDrive\Documents\texas-special-ed-site\districts\port-neches-groves-isd\es\como-solicitar-una-evaluacion-fie-port-neches-groves.html,unchanged,,
C:\Users\elisa\OneDrive\Documents\texas-special-ed-site\districts\port-neches-groves-isd\es\evaluacion-educacion-especial-child-find.html,unchanged,,
C:\Users\elisa\OneDrive\Documents\texas-special-ed-site\districts\port-neches-groves-isd\es\index.html,unchanged,,
C:\Users\elisa\OneDrive\Documents\texas-special-ed-site\districts\port-neches-groves-isd\es\proceso-ard-guia-para-padres.html,unchanged,,
C:\Users\elisa\OneDrive\Documents\texas-special-ed-site\districts\port-neches-groves-isd\es\quejas-y-disputas-educacion-especial.html,unchanged,,
C:\Users\elisa\OneDrive\Documents\texas-special-ed-site\districts\port-neches-groves-isd\evaluation-child-find-port-neches-groves-isd.html,unchanged,,
C:\Users\elisa\OneDrive\Documents\texas-special-ed-site\districts\port-neches-groves-isd\grievance-dispute-resolution-port-neches-groves-isd.html,unchanged,,
C:\Users\elisa\OneDrive\Documents\texas-special-ed-site\districts\port-neches-groves-isd\how-to-request-evaluation.html,unchanged,,
C:\Users\elisa\OneDrive\Documents\texas-special-ed-site\districts\port-neches-groves-isd\index.html,unchanged,,
C:\Users\elisa\OneDrive\Documents\texas-special-ed-site\districts\port-neches-groves-isd\what-is-an-fie-port-neches-groves-isd.html,unchanged,,
C:\Users\elisa\OneDrive\Documents\texas-special-ed-site\districts\princeton-isd\ard-process-guide.html,fixed,Moved offer [Free ARD Rights Scan] to after paragraph 2,
C:\Users\elisa\OneDrive\Documents\texas-special-ed-site\districts\princeton-isd\dyslexia-services.html,unchanged,,
C:\Users\elisa\OneDrive\Documents\texas-special-ed-site\districts\princeton-isd\evaluation-child-find.html,fixed,Moved offer [Show the ISD You Mean Business] to after paragraph 2,
C:\Users\elisa\OneDrive\Documents\texas-special-ed-site\districts\princeton-isd\grievance-dispute-resolution.html,unchanged,,
C:\Users\elisa\OneDrive\Documents\texas-special-ed-site\districts\princeton-isd\index.html,unchanged,,
C:\Users\elisa\OneDrive\Documents\texas-special-ed-site\districts\princeton-isd\leadership-directory.html,unchanged,,
C:\Users\elisa\OneDrive\Documents\texas-special-ed-site\districts\princeton-isd\partners.html,unchanged,,
C:\Users\elisa\OneDrive\Documents\texas-special-ed-site\districts\princeton-isd\what-is-an-fie-princeton-isd.html,fixed,Moved offer [Show the ISD You Mean Business] to after paragraph 2,
C:\Users\elisa\OneDrive\Documents\texas-special-ed-site\districts\prosper-isd\ard-process-guide.html,fixed,Moved offer [Free ARD Rights Scan] to after paragraph 2,
C:\Users\elisa\OneDrive\Documents\texas-special-ed-site\districts\prosper-isd\dyslexia-services.html,unchanged,,
C:\Users\elisa\OneDrive\Documents\texas-special-ed-site\districts\prosper-isd\evaluation-child-find.html,fixed,Moved offer [Show the ISD You Mean Business] to after paragraph 2,
C:\Users\elisa\OneDrive\Documents\texas-special-ed-site\districts\prosper-isd\grievance-dispute-resolution.html,unchanged,,
C:\Users\elisa\OneDrive\Documents\texas-special-ed-site\districts\prosper-isd\index.html,unchanged,,
C:\Users\elisa\OneDrive\Documents\texas-special-ed-site\districts\prosper-isd\leadership-directory.html,unchanged,,
C:\Users\elisa\OneDrive\Documents\texas-special-ed-site\districts\prosper-isd\partners.html,unchanged,,
C:\Users\elisa\OneDrive\Documents\texas-special-ed-site\districts\prosper-isd\what-is-an-fie-prosper-isd.html,fixed,Moved offer [Show the ISD You Mean Business] to after paragraph 2,
C:\Users\elisa\OneDrive\Documents\texas-special-ed-site\districts\quinlan-isd\ard-process-guide-quinlan-isd.html,unchanged,,
C:\Users\elisa\OneDrive\Documents\texas-special-ed-site\districts\quinlan-isd\es\como-solicitar-una-evaluacion-fie-quinlan.html,unchanged,,
C:\Users\elisa\OneDrive\Documents\texas-special-ed-site\districts\quinlan-isd\es\evaluacion-educacion-especial-child-find.html,unchanged,,
C:\Users\elisa\OneDrive\Documents\texas-special-ed-site\districts\quinlan-isd\es\index.html,unchanged,,
C:\Users\elisa\OneDrive\Documents\texas-special-ed-site\districts\quinlan-isd\es\proceso-ard-guia-para-padres.html,unchanged,,
C:\Users\elisa\OneDrive\Documents\texas-special-ed-site\districts\quinlan-isd\es\quejas-y-disputas-educacion-especial.html,unchanged,,
C:\Users\elisa\OneDrive\Documents\texas-special-ed-site\districts\quinlan-isd\evaluation-child-find-quinlan-isd.html,unchanged,,
C:\Users\elisa\OneDrive\Documents\texas-special-ed-site\districts\quinlan-isd\grievance-dispute-resolution-quinlan-isd.html,unchanged,,
C:\Users\elisa\OneDrive\Documents\texas-special-ed-site\districts\quinlan-isd\how-to-request-evaluation.html,unchanged,,
C:\Users\elisa\OneDrive\Documents\texas-special-ed-site\districts\quinlan-isd\index.html,unchanged,,
C:\Users\elisa\OneDrive\Documents\texas-special-ed-site\districts\quinlan-isd\what-is-an-fie-quinlan-isd.html,unchanged,,
C:\Users\elisa\OneDrive\Documents\texas-special-ed-site\districts\red-oak-isd\ard-process-guide-red-oak-isd.html,unchanged,,
C:\Users\elisa\OneDrive\Documents\texas-special-ed-site\districts\red-oak-isd\es\como-solicitar-una-evaluacion-fie-red-oak.html,unchanged,,
C:\Users\elisa\OneDrive\Documents\texas-special-ed-site\districts\red-oak-isd\es\evaluacion-educacion-especial-child-find.html,unchanged,,
C:\Users\elisa\OneDrive\Documents\texas-special-ed-site\districts\red-oak-isd\es\index.html,unchanged,,
C:\Users\elisa\OneDrive\Documents\texas-special-ed-site\districts\red-oak-isd\es\proceso-ard-guia-para-padres.html,unchanged,,
C:\Users\elisa\OneDrive\Documents\texas-special-ed-site\districts\red-oak-isd\es\quejas-y-disputas-educacion-especial.html,unchanged,,
C:\Users\elisa\OneDrive\Documents\texas-special-ed-site\districts\red-oak-isd\evaluation-child-find-red-oak-isd.html,unchanged,,
C:\Users\elisa\OneDrive\Documents\texas-special-ed-site\districts\red-oak-isd\grievance-dispute-resolution-red-oak-isd.html,unchanged,,
C:\Users\elisa\OneDrive\Documents\texas-special-ed-site\districts\red-oak-isd\how-to-request-evaluation.html,unchanged,,
C:\Users\elisa\OneDrive\Documents\texas-special-ed-site\districts\red-oak-isd\index.html,unchanged,,
C:\Users\elisa\OneDrive\Documents\texas-special-ed-site\districts\red-oak-isd\what-is-an-fie-red-oak-isd.html,unchanged,,
C:\Users\elisa\OneDrive\Documents\texas-special-ed-site\districts\richardson-isd\ard-process-guide.html,fixed,Moved offer [Free ARD Rights Scan] to after paragraph 2,
C:\Users\elisa\OneDrive\Documents\texas-special-ed-site\districts\richardson-isd\dyslexia-services.html,unchanged,,
C:\Users\elisa\OneDrive\Documents\texas-special-ed-site\districts\richardson-isd\evaluation-child-find.html,fixed,Moved offer [Show the ISD You Mean Business] to after paragraph 2,
C:\Users\elisa\OneDrive\Documents\texas-special-ed-site\districts\richardson-isd\grievance-dispute-resolution.html,unchanged,,
C:\Users\elisa\OneDrive\Documents\texas-special-ed-site\districts\richardson-isd\index.html,unchanged,,
C:\Users\elisa\OneDrive\Documents\texas-special-ed-site\districts\richardson-isd\leadership-directory.html,unchanged,,
C:\Users\elisa\OneDrive\Documents\texas-special-ed-site\districts\richardson-isd\partners.html,unchanged,,
C:\Users\elisa\OneDrive\Documents\texas-special-ed-site\districts\richardson-isd\what-is-an-fie-richardson-isd.html,fixed,Moved offer [Show the ISD You Mean Business] to after paragraph 2,
C:\Users\elisa\OneDrive\Documents\texas-special-ed-site\districts\rio-grande-city-grulla-isd\ard-process-guide.html,fixed,Moved offer [Free ARD Rights Scan] to after paragraph 2,
C:\Users\elisa\OneDrive\Documents\texas-special-ed-site\districts\rio-grande-city-grulla-isd\dyslexia-services.html,unchanged,,
C:\Users\elisa\OneDrive\Documents\texas-special-ed-site\districts\rio-grande-city-grulla-isd\es\como-solicitar-una-evaluacion-fie-rio-grande-city-grulla-isd.html,unchanged,,
C:\Users\elisa\OneDrive\Documents\texas-special-ed-site\districts\rio-grande-city-grulla-isd\es\guia-proceso-ard.html,unchanged,,
C:\Users\elisa\OneDrive\Documents\texas-special-ed-site\districts\rio-grande-city-grulla-isd\es\index.html,unchanged,,
C:\Users\elisa\OneDrive\Documents\texas-special-ed-site\districts\rio-grande-city-grulla-isd\es\resolucion-disputas.html,unchanged,,
C:\Users\elisa\OneDrive\Documents\texas-special-ed-site\districts\rio-grande-city-grulla-isd\es\servicios-dislexia.html,unchanged,,
C:\Users\elisa\OneDrive\Documents\texas-special-ed-site\districts\rio-grande-city-grulla-isd\es\solicitar-evaluacion.html,unchanged,,
C:\Users\elisa\OneDrive\Documents\texas-special-ed-site\districts\rio-grande-city-grulla-isd\evaluation-child-find.html,fixed,Moved offer [Show the ISD You Mean Business] to after paragraph 2,
C:\Users\elisa\OneDrive\Documents\texas-special-ed-site\districts\rio-grande-city-grulla-isd\grievance-dispute-resolution.html,unchanged,,
C:\Users\elisa\OneDrive\Documents\texas-special-ed-site\districts\rio-grande-city-grulla-isd\index.html,unchanged,,
C:\Users\elisa\OneDrive\Documents\texas-special-ed-site\districts\rio-grande-city-grulla-isd\leadership-directory.html,unchanged,,
C:\Users\elisa\OneDrive\Documents\texas-special-ed-site\districts\rio-grande-city-grulla-isd\partners.html,unchanged,,
C:\Users\elisa\OneDrive\Documents\texas-special-ed-site\districts\rio-grande-city-grulla-isd\what-is-an-fie-rio-grande-city-grulla-isd.html,fixed,Moved offer [Show the ISD You Mean Business] to after paragraph 2,
C:\Users\elisa\OneDrive\Documents\texas-special-ed-site\districts\robinson-isd\ard-process-guide-robinson-isd.html,unchanged,,
C:\Users\elisa\OneDrive\Documents\texas-special-ed-site\districts\robinson-isd\evaluation-child-find-robinson-isd.html,unchanged,,
C:\Users\elisa\OneDrive\Documents\texas-special-ed-site\districts\robinson-isd\grievance-dispute-resolution-robinson-isd.html,unchanged,,
C:\Users\elisa\OneDrive\Documents\texas-special-ed-site\districts\robinson-isd\index.html,unchanged,,
C:\Users\elisa\OneDrive\Documents\texas-special-ed-site\districts\robinson-isd\what-is-an-fie-robinson-isd.html,unchanged,,
C:\Users\elisa\OneDrive\Documents\texas-special-ed-site\districts\robstown-isd\ard-process-guide-robstown-isd.html,unchanged,,
C:\Users\elisa\OneDrive\Documents\texas-special-ed-site\districts\robstown-isd\evaluation-child-find-robstown-isd.html,unchanged,,
C:\Users\elisa\OneDrive\Documents\texas-special-ed-site\districts\robstown-isd\grievance-dispute-resolution-robstown-isd.html,unchanged,,
C:\Users\elisa\OneDrive\Documents\texas-special-ed-site\districts\robstown-isd\index.html,unchanged,,
C:\Users\elisa\OneDrive\Documents\texas-special-ed-site\districts\robstown-isd\what-is-an-fie-robstown-isd.html,unchanged,,
C:\Users\elisa\OneDrive\Documents\texas-special-ed-site\districts\rockport-fulton-isd\ard-process-guide-rockport-fulton-isd.html,unchanged,,
C:\Users\elisa\OneDrive\Documents\texas-special-ed-site\districts\rockport-fulton-isd\evaluation-child-find-rockport-fulton-isd.html,unchanged,,
C:\Users\elisa\OneDrive\Documents\texas-special-ed-site\districts\rockport-fulton-isd\grievance-dispute-resolution-rockport-fulton-isd.html,unchanged,,
C:\Users\elisa\OneDrive\Documents\texas-special-ed-site\districts\rockport-fulton-isd\index.html,unchanged,,
C:\Users\elisa\OneDrive\Documents\texas-special-ed-site\districts\rockport-fulton-isd\what-is-an-fie-rockport-fulton-isd.html,unchanged,,
C:\Users\elisa\OneDrive\Documents\texas-special-ed-site\districts\rockwall-isd\ard-process-guide.html,fixed,Moved offer [Free ARD Rights Scan] to after paragraph 2,
C:\Users\elisa\OneDrive\Documents\texas-special-ed-site\districts\rockwall-isd\dyslexia-services.html,unchanged,,
C:\Users\elisa\OneDrive\Documents\texas-special-ed-site\districts\rockwall-isd\evaluation-child-find.html,fixed,Moved offer [Show the ISD You Mean Business] to after paragraph 2,
C:\Users\elisa\OneDrive\Documents\texas-special-ed-site\districts\rockwall-isd\grievance-dispute-resolution.html,unchanged,,
C:\Users\elisa\OneDrive\Documents\texas-special-ed-site\districts\rockwall-isd\index.html,unchanged,,
C:\Users\elisa\OneDrive\Documents\texas-special-ed-site\districts\rockwall-isd\leadership-directory.html,unchanged,,
C:\Users\elisa\OneDrive\Documents\texas-special-ed-site\districts\rockwall-isd\partners.html,unchanged,,
C:\Users\elisa\OneDrive\Documents\texas-special-ed-site\districts\rockwall-isd\what-is-an-fie-rockwall-isd.html,fixed,Moved offer [Show the ISD You Mean Business] to after paragraph 2,
C:\Users\elisa\OneDrive\Documents\texas-special-ed-site\districts\roma-isd\ard-process-guide-roma-isd.html,unchanged,,
C:\Users\elisa\OneDrive\Documents\texas-special-ed-site\districts\roma-isd\es\como-solicitar-una-evaluacion-fie-comal-isd-texas.html,unchanged,,
C:\Users\elisa\OneDrive\Documents\texas-special-ed-site\districts\roma-isd\es\como-solicitar-una-evaluacion-fie-roma.html,unchanged,,
C:\Users\elisa\OneDrive\Documents\texas-special-ed-site\districts\roma-isd\es\evaluacion-educacion-especial-child-find.html,unchanged,,
C:\Users\elisa\OneDrive\Documents\texas-special-ed-site\districts\roma-isd\es\index.html,unchanged,,
C:\Users\elisa\OneDrive\Documents\texas-special-ed-site\districts\roma-isd\es\proceso-ard-guia-para-padres.html,unchanged,,
C:\Users\elisa\OneDrive\Documents\texas-special-ed-site\districts\roma-isd\es\quejas-y-disputas-educacion-especial.html,unchanged,,
C:\Users\elisa\OneDrive\Documents\texas-special-ed-site\districts\roma-isd\evaluation-child-find-roma-isd.html,unchanged,,
C:\Users\elisa\OneDrive\Documents\texas-special-ed-site\districts\roma-isd\grievance-dispute-resolution-roma-isd.html,unchanged,,
C:\Users\elisa\OneDrive\Documents\texas-special-ed-site\districts\roma-isd\how-to-request-evaluation.html,unchanged,,
C:\Users\elisa\OneDrive\Documents\texas-special-ed-site\districts\roma-isd\index.html,unchanged,,
C:\Users\elisa\OneDrive\Documents\texas-special-ed-site\districts\roma-isd\what-is-an-fie-roma-isd.html,unchanged,,
C:\Users\elisa\OneDrive\Documents\texas-special-ed-site\districts\roscoe-collegiate-isd\ard-process-guide-roscoe-collegiate-isd.html,unchanged,,
C:\Users\elisa\OneDrive\Documents\texas-special-ed-site\districts\roscoe-collegiate-isd\es\como-solicitar-una-evaluacion-fie-roscoe-collegiate.html,unchanged,,
C:\Users\elisa\OneDrive\Documents\texas-special-ed-site\districts\roscoe-collegiate-isd\es\evaluacion-educacion-especial-child-find.html,unchanged,,
C:\Users\elisa\OneDrive\Documents\texas-special-ed-site\districts\roscoe-collegiate-isd\es\index.html,unchanged,,
C:\Users\elisa\OneDrive\Documents\texas-special-ed-site\districts\roscoe-collegiate-isd\es\proceso-ard-guia-para-padres.html,unchanged,,
C:\Users\elisa\OneDrive\Documents\texas-special-ed-site\districts\roscoe-collegiate-isd\es\quejas-y-disputas-educacion-especial.html,unchanged,,
C:\Users\elisa\OneDrive\Documents\texas-special-ed-site\districts\roscoe-collegiate-isd\evaluation-child-find-roscoe-collegiate-isd.html,unchanged,,
C:\Users\elisa\OneDrive\Documents\texas-special-ed-site\districts\roscoe-collegiate-isd\grievance-dispute-resolution-roscoe-collegiate-isd.html,unchanged,,
C:\Users\elisa\OneDrive\Documents\texas-special-ed-site\districts\roscoe-collegiate-isd\how-to-request-evaluation.html,unchanged,,
C:\Users\elisa\OneDrive\Documents\texas-special-ed-site\districts\roscoe-collegiate-isd\index.html,unchanged,,
C:\Users\elisa\OneDrive\Documents\texas-special-ed-site\districts\roscoe-collegiate-isd\what-is-an-fie-roscoe-collegiate-isd.html,unchanged,,
C:\Users\elisa\OneDrive\Documents\texas-special-ed-site\districts\round-rock-isd\ard-process-guide.html,fixed,Moved offer [Free ARD Rights Scan] to after paragraph 2,
C:\Users\elisa\OneDrive\Documents\texas-special-ed-site\districts\round-rock-isd\dyslexia-services.html,unchanged,,
C:\Users\elisa\OneDrive\Documents\texas-special-ed-site\districts\round-rock-isd\evaluation-child-find.html,fixed,Moved offer [Show the ISD You Mean Business] to after paragraph 2,
C:\Users\elisa\OneDrive\Documents\texas-special-ed-site\districts\round-rock-isd\grievance-dispute-resolution.html,unchanged,,
C:\Users\elisa\OneDrive\Documents\texas-special-ed-site\districts\round-rock-isd\index.html,unchanged,,
C:\Users\elisa\OneDrive\Documents\texas-special-ed-site\districts\round-rock-isd\leadership-directory.html,unchanged,,
C:\Users\elisa\OneDrive\Documents\texas-special-ed-site\districts\round-rock-isd\partners.html,unchanged,,
C:\Users\elisa\OneDrive\Documents\texas-special-ed-site\districts\round-rock-isd\what-is-an-fie-round-rock-isd.html,fixed,Moved offer [Show the ISD You Mean Business] to after paragraph 2,
C:\Users\elisa\OneDrive\Documents\texas-special-ed-site\districts\royal-isd\ard-process-guide-royal-isd.html,unchanged,,
C:\Users\elisa\OneDrive\Documents\texas-special-ed-site\districts\royal-isd\evaluation-child-find-royal-isd.html,unchanged,,
C:\Users\elisa\OneDrive\Documents\texas-special-ed-site\districts\royal-isd\grievance-dispute-resolution-royal-isd.html,unchanged,,
C:\Users\elisa\OneDrive\Documents\texas-special-ed-site\districts\royal-isd\index.html,unchanged,,
C:\Users\elisa\OneDrive\Documents\texas-special-ed-site\districts\royal-isd\what-is-an-fie-royal-isd.html,unchanged,,
C:\Users\elisa\OneDrive\Documents\texas-special-ed-site\districts\royse-city-isd\ard-process-guide.html,fixed,Moved offer [Free ARD Rights Scan] to after paragraph 2,
C:\Users\elisa\OneDrive\Documents\texas-special-ed-site\districts\royse-city-isd\dyslexia-services.html,unchanged,,
C:\Users\elisa\OneDrive\Documents\texas-special-ed-site\districts\royse-city-isd\evaluation-child-find.html,fixed,Moved offer [Show the ISD You Mean Business] to after paragraph 2,
C:\Users\elisa\OneDrive\Documents\texas-special-ed-site\districts\royse-city-isd\grievance-dispute-resolution.html,unchanged,,
C:\Users\elisa\OneDrive\Documents\texas-special-ed-site\districts\royse-city-isd\index.html,unchanged,,
C:\Users\elisa\OneDrive\Documents\texas-special-ed-site\districts\royse-city-isd\leadership-directory.html,unchanged,,
C:\Users\elisa\OneDrive\Documents\texas-special-ed-site\districts\royse-city-isd\partners.html,unchanged,,
C:\Users\elisa\OneDrive\Documents\texas-special-ed-site\districts\royse-city-isd\what-is-an-fie-royse-city-isd.html,fixed,Moved offer [Show the ISD You Mean Business] to after paragraph 2,
C:\Users\elisa\OneDrive\Documents\texas-special-ed-site\districts\san-angelo-isd\ard-process-guide.html,fixed,Moved offer [Free ARD Rights Scan] to after paragraph 2,
C:\Users\elisa\OneDrive\Documents\texas-special-ed-site\districts\san-angelo-isd\dyslexia-services.html,unchanged,,
C:\Users\elisa\OneDrive\Documents\texas-special-ed-site\districts\san-angelo-isd\evaluation-child-find.html,fixed,Moved offer [Show the ISD You Mean Business] to after paragraph 2,
C:\Users\elisa\OneDrive\Documents\texas-special-ed-site\districts\san-angelo-isd\grievance-dispute-resolution.html,unchanged,,
C:\Users\elisa\OneDrive\Documents\texas-special-ed-site\districts\san-angelo-isd\index.html,unchanged,,
C:\Users\elisa\OneDrive\Documents\texas-special-ed-site\districts\san-angelo-isd\leadership-directory.html,unchanged,,
C:\Users\elisa\OneDrive\Documents\texas-special-ed-site\districts\san-angelo-isd\partners.html,unchanged,,
C:\Users\elisa\OneDrive\Documents\texas-special-ed-site\districts\san-angelo-isd\what-is-an-fie-san-angelo-isd.html,fixed,Moved offer [Show the ISD You Mean Business] to after paragraph 2,
C:\Users\elisa\OneDrive\Documents\texas-special-ed-site\districts\san-antonio-isd\ard-process-guide.html,fixed,Moved offer [Free ARD Rights Scan] to after paragraph 2,
C:\Users\elisa\OneDrive\Documents\texas-special-ed-site\districts\san-antonio-isd\dyslexia-services.html,unchanged,,
C:\Users\elisa\OneDrive\Documents\texas-special-ed-site\districts\san-antonio-isd\es\como-solicitar-una-evaluacion-fie-san-antonio-isd.html,unchanged,,
C:\Users\elisa\OneDrive\Documents\texas-special-ed-site\districts\san-antonio-isd\es\guia-proceso-ard.html,unchanged,,
C:\Users\elisa\OneDrive\Documents\texas-special-ed-site\districts\san-antonio-isd\es\index.html,unchanged,,
C:\Users\elisa\OneDrive\Documents\texas-special-ed-site\districts\san-antonio-isd\es\resolucion-disputas.html,unchanged,,
C:\Users\elisa\OneDrive\Documents\texas-special-ed-site\districts\san-antonio-isd\es\servicios-dislexia.html,unchanged,,
C:\Users\elisa\OneDrive\Documents\texas-special-ed-site\districts\san-antonio-isd\es\solicitar-evaluacion.html,unchanged,,
C:\Users\elisa\OneDrive\Documents\texas-special-ed-site\districts\san-antonio-isd\evaluation-child-find.html,fixed,Moved offer [Show the ISD You Mean Business] to after paragraph 2,
C:\Users\elisa\OneDrive\Documents\texas-special-ed-site\districts\san-antonio-isd\grievance-dispute-resolution.html,unchanged,,
C:\Users\elisa\OneDrive\Documents\texas-special-ed-site\districts\san-antonio-isd\index.html,unchanged,,
C:\Users\elisa\OneDrive\Documents\texas-special-ed-site\districts\san-antonio-isd\leadership-directory.html,unchanged,,
C:\Users\elisa\OneDrive\Documents\texas-special-ed-site\districts\san-antonio-isd\partners.html,unchanged,,
C:\Users\elisa\OneDrive\Documents\texas-special-ed-site\districts\san-antonio-isd\what-is-an-fie-san-antonio-isd.html,fixed,Moved offer [Show the ISD You Mean Business] to after paragraph 2,
C:\Users\elisa\OneDrive\Documents\texas-special-ed-site\districts\san-benito-cisd\ard-process-guide.html,fixed,Moved offer [Free ARD Rights Scan] to after paragraph 2,
C:\Users\elisa\OneDrive\Documents\texas-special-ed-site\districts\san-benito-cisd\dyslexia-services.html,unchanged,,
C:\Users\elisa\OneDrive\Documents\texas-special-ed-site\districts\san-benito-cisd\es\como-solicitar-una-evaluacion-fie-san-benito-cisd.html,unchanged,,
C:\Users\elisa\OneDrive\Documents\texas-special-ed-site\districts\san-benito-cisd\es\guia-proceso-ard.html,unchanged,,
C:\Users\elisa\OneDrive\Documents\texas-special-ed-site\districts\san-benito-cisd\es\index.html,unchanged,,
C:\Users\elisa\OneDrive\Documents\texas-special-ed-site\districts\san-benito-cisd\es\resolucion-disputas.html,unchanged,,
C:\Users\elisa\OneDrive\Documents\texas-special-ed-site\districts\san-benito-cisd\es\servicios-dislexia.html,unchanged,,
C:\Users\elisa\OneDrive\Documents\texas-special-ed-site\districts\san-benito-cisd\es\solicitar-evaluacion.html,unchanged,,
C:\Users\elisa\OneDrive\Documents\texas-special-ed-site\districts\san-benito-cisd\evaluation-child-find.html,fixed,Moved offer [Show the ISD You Mean Business] to after paragraph 2,
C:\Users\elisa\OneDrive\Documents\texas-special-ed-site\districts\san-benito-cisd\grievance-dispute-resolution.html,unchanged,,
C:\Users\elisa\OneDrive\Documents\texas-special-ed-site\districts\san-benito-cisd\index.html,unchanged,,
C:\Users\elisa\OneDrive\Documents\texas-special-ed-site\districts\san-benito-cisd\leadership-directory.html,unchanged,,
C:\Users\elisa\OneDrive\Documents\texas-special-ed-site\districts\san-benito-cisd\partners.html,unchanged,,
C:\Users\elisa\OneDrive\Documents\texas-special-ed-site\districts\san-benito-cisd\what-is-an-fie-san-benito-cisd.html,fixed,Moved offer [Show the ISD You Mean Business] to after paragraph 2,
C:\Users\elisa\OneDrive\Documents\texas-special-ed-site\districts\san-elizario-isd\ard-process-guide-san-elizario-isd.html,unchanged,,
C:\Users\elisa\OneDrive\Documents\texas-special-ed-site\districts\san-elizario-isd\evaluation-child-find-san-elizario-isd.html,unchanged,,
C:\Users\elisa\OneDrive\Documents\texas-special-ed-site\districts\san-elizario-isd\grievance-dispute-resolution-san-elizario-isd.html,unchanged,,
C:\Users\elisa\OneDrive\Documents\texas-special-ed-site\districts\san-elizario-isd\index.html,unchanged,,
C:\Users\elisa\OneDrive\Documents\texas-special-ed-site\districts\san-elizario-isd\what-is-an-fie-san-elizario-isd.html,unchanged,,
C:\Users\elisa\OneDrive\Documents\texas-special-ed-site\districts\san-felipe-del-rio-cisd\ard-process-guide-san-felipe-del-rio.html,unchanged,,
C:\Users\elisa\OneDrive\Documents\texas-special-ed-site\districts\san-felipe-del-rio-cisd\es\como-solicitar-una-evaluacion-fie-san-felipe-del-rio.html,unchanged,,
C:\Users\elisa\OneDrive\Documents\texas-special-ed-site\districts\san-felipe-del-rio-cisd\es\evaluacion-educacion-especial-child-find.html,unchanged,,
C:\Users\elisa\OneDrive\Documents\texas-special-ed-site\districts\san-felipe-del-rio-cisd\es\index.html,unchanged,,
C:\Users\elisa\OneDrive\Documents\texas-special-ed-site\districts\san-felipe-del-rio-cisd\es\proceso-ard-guia-para-padres.html,unchanged,,
C:\Users\elisa\OneDrive\Documents\texas-special-ed-site\districts\san-felipe-del-rio-cisd\es\quejas-y-disputas-educacion-especial.html,unchanged,,
C:\Users\elisa\OneDrive\Documents\texas-special-ed-site\districts\san-felipe-del-rio-cisd\evaluation-child-find-san-felipe-del-rio.html,unchanged,,
C:\Users\elisa\OneDrive\Documents\texas-special-ed-site\districts\san-felipe-del-rio-cisd\grievance-dispute-resolution-san-felipe-del-rio.html,unchanged,,
C:\Users\elisa\OneDrive\Documents\texas-special-ed-site\districts\san-felipe-del-rio-cisd\how-to-request-evaluation.html,unchanged,,
C:\Users\elisa\OneDrive\Documents\texas-special-ed-site\districts\san-felipe-del-rio-cisd\index.html,unchanged,,
C:\Users\elisa\OneDrive\Documents\texas-special-ed-site\districts\san-felipe-del-rio-cisd\what-is-fie.html,unchanged,,
C:\Users\elisa\OneDrive\Documents\texas-special-ed-site\districts\san-marcos-cisd\ard-process-guide.html,fixed,Moved offer [Free ARD Rights Scan] to after paragraph 2,
C:\Users\elisa\OneDrive\Documents\texas-special-ed-site\districts\san-marcos-cisd\dyslexia-services.html,unchanged,,
C:\Users\elisa\OneDrive\Documents\texas-special-ed-site\districts\san-marcos-cisd\es\como-solicitar-una-evaluacion-fie-san-marcos-cisd.html,unchanged,,
C:\Users\elisa\OneDrive\Documents\texas-special-ed-site\districts\san-marcos-cisd\es\guia-proceso-ard.html,unchanged,,
C:\Users\elisa\OneDrive\Documents\texas-special-ed-site\districts\san-marcos-cisd\es\index.html,unchanged,,
C:\Users\elisa\OneDrive\Documents\texas-special-ed-site\districts\san-marcos-cisd\es\resolucion-disputas.html,unchanged,,
C:\Users\elisa\OneDrive\Documents\texas-special-ed-site\districts\san-marcos-cisd\es\servicios-dislexia.html,unchanged,,
C:\Users\elisa\OneDrive\Documents\texas-special-ed-site\districts\san-marcos-cisd\es\solicitar-evaluacion.html,unchanged,,
C:\Users\elisa\OneDrive\Documents\texas-special-ed-site\districts\san-marcos-cisd\evaluation-child-find.html,fixed,Moved offer [Show the ISD You Mean Business] to after paragraph 2,
C:\Users\elisa\OneDrive\Documents\texas-special-ed-site\districts\san-marcos-cisd\grievance-dispute-resolution.html,unchanged,,
C:\Users\elisa\OneDrive\Documents\texas-special-ed-site\districts\san-marcos-cisd\index.html,unchanged,,
C:\Users\elisa\OneDrive\Documents\texas-special-ed-site\districts\san-marcos-cisd\leadership-directory.html,unchanged,,
C:\Users\elisa\OneDrive\Documents\texas-special-ed-site\districts\san-marcos-cisd\partners.html,unchanged,,
C:\Users\elisa\OneDrive\Documents\texas-special-ed-site\districts\san-marcos-cisd\what-is-an-fie-san-marcos-cisd.html,fixed,Moved offer [Show the ISD You Mean Business] to after paragraph 2,
C:\Users\elisa\OneDrive\Documents\texas-special-ed-site\districts\sanger-isd\ard-process-guide-sanger-isd.html,unchanged,,
C:\Users\elisa\OneDrive\Documents\texas-special-ed-site\districts\sanger-isd\es\como-solicitar-una-evaluacion-fie-san-angelo-isd.html,unchanged,,
C:\Users\elisa\OneDrive\Documents\texas-special-ed-site\districts\sanger-isd\es\como-solicitar-una-evaluacion-fie-sanger.html,unchanged,,
C:\Users\elisa\OneDrive\Documents\texas-special-ed-site\districts\sanger-isd\es\evaluacion-educacion-especial-child-find.html,unchanged,,
C:\Users\elisa\OneDrive\Documents\texas-special-ed-site\districts\sanger-isd\es\index.html,unchanged,,
C:\Users\elisa\OneDrive\Documents\texas-special-ed-site\districts\sanger-isd\es\proceso-ard-guia-para-padres.html,unchanged,,
C:\Users\elisa\OneDrive\Documents\texas-special-ed-site\districts\sanger-isd\es\quejas-y-disputas-educacion-especial.html,unchanged,,
C:\Users\elisa\OneDrive\Documents\texas-special-ed-site\districts\sanger-isd\evaluation-child-find-sanger-isd.html,unchanged,,
C:\Users\elisa\OneDrive\Documents\texas-special-ed-site\districts\sanger-isd\grievance-dispute-resolution-sanger-isd.html,unchanged,,
C:\Users\elisa\OneDrive\Documents\texas-special-ed-site\districts\sanger-isd\how-to-request-evaluation.html,unchanged,,
C:\Users\elisa\OneDrive\Documents\texas-special-ed-site\districts\sanger-isd\index.html,unchanged,,
C:\Users\elisa\OneDrive\Documents\texas-special-ed-site\districts\sanger-isd\what-is-an-fie-sanger-isd.html,unchanged,,
C:\Users\elisa\OneDrive\Documents\texas-special-ed-site\districts\santa-fe-isd\ard-process-guide.html,fixed,Moved offer [Free ARD Rights Scan] to after paragraph 2,
C:\Users\elisa\OneDrive\Documents\texas-special-ed-site\districts\santa-fe-isd\dyslexia-services.html,unchanged,,
C:\Users\elisa\OneDrive\Documents\texas-special-ed-site\districts\santa-fe-isd\evaluation-child-find.html,fixed,Moved offer [Show the ISD You Mean Business] to after paragraph 2,
C:\Users\elisa\OneDrive\Documents\texas-special-ed-site\districts\santa-fe-isd\grievance-dispute-resolution.html,unchanged,,
C:\Users\elisa\OneDrive\Documents\texas-special-ed-site\districts\santa-fe-isd\index.html,unchanged,,
C:\Users\elisa\OneDrive\Documents\texas-special-ed-site\districts\santa-fe-isd\leadership-directory.html,unchanged,,
C:\Users\elisa\OneDrive\Documents\texas-special-ed-site\districts\santa-fe-isd\partners.html,unchanged,,
C:\Users\elisa\OneDrive\Documents\texas-special-ed-site\districts\santa-fe-isd\what-is-an-fie-santa-fe-isd.html,fixed,Moved offer [Show the ISD You Mean Business] to after paragraph 2,
C:\Users\elisa\OneDrive\Documents\texas-special-ed-site\districts\schertz-cibolo-universal-city-isd\ard-process-guide.html,fixed,Moved offer [Free ARD Rights Scan] to after paragraph 2,
C:\Users\elisa\OneDrive\Documents\texas-special-ed-site\districts\schertz-cibolo-universal-city-isd\dyslexia-services.html,unchanged,,
C:\Users\elisa\OneDrive\Documents\texas-special-ed-site\districts\schertz-cibolo-universal-city-isd\evaluation-child-find.html,fixed,Moved offer [Show the ISD You Mean Business] to after paragraph 2,
C:\Users\elisa\OneDrive\Documents\texas-special-ed-site\districts\schertz-cibolo-universal-city-isd\grievance-dispute-resolution.html,unchanged,,
C:\Users\elisa\OneDrive\Documents\texas-special-ed-site\districts\schertz-cibolo-universal-city-isd\index.html,unchanged,,
C:\Users\elisa\OneDrive\Documents\texas-special-ed-site\districts\schertz-cibolo-universal-city-isd\leadership-directory.html,unchanged,,
C:\Users\elisa\OneDrive\Documents\texas-special-ed-site\districts\schertz-cibolo-universal-city-isd\partners.html,unchanged,,
C:\Users\elisa\OneDrive\Documents\texas-special-ed-site\districts\schertz-cibolo-universal-city-isd\what-is-an-fie-schertz-cibolo-universal-city-isd.html,fixed,Moved offer [Show the ISD You Mean Business] to after paragraph 2,
C:\Users\elisa\OneDrive\Documents\texas-special-ed-site\districts\sealy-isd\ard-process-guide-sealy-isd.html,unchanged,,
C:\Users\elisa\OneDrive\Documents\texas-special-ed-site\districts\sealy-isd\es\como-solicitar-una-evaluacion-fie-sealy.html,unchanged,,
C:\Users\elisa\OneDrive\Documents\texas-special-ed-site\districts\sealy-isd\es\evaluacion-educacion-especial-child-find.html,unchanged,,
C:\Users\elisa\OneDrive\Documents\texas-special-ed-site\districts\sealy-isd\es\index.html,unchanged,,
C:\Users\elisa\OneDrive\Documents\texas-special-ed-site\districts\sealy-isd\es\proceso-ard-guia-para-padres.html,unchanged,,
C:\Users\elisa\OneDrive\Documents\texas-special-ed-site\districts\sealy-isd\es\quejas-y-disputas-educacion-especial.html,unchanged,,
C:\Users\elisa\OneDrive\Documents\texas-special-ed-site\districts\sealy-isd\evaluation-child-find-sealy-isd.html,unchanged,,
C:\Users\elisa\OneDrive\Documents\texas-special-ed-site\districts\sealy-isd\grievance-dispute-resolution-sealy-isd.html,unchanged,,
C:\Users\elisa\OneDrive\Documents\texas-special-ed-site\districts\sealy-isd\how-to-request-evaluation.html,unchanged,,
C:\Users\elisa\OneDrive\Documents\texas-special-ed-site\districts\sealy-isd\index.html,unchanged,,
C:\Users\elisa\OneDrive\Documents\texas-special-ed-site\districts\sealy-isd\what-is-an-fie-sealy-isd.html,unchanged,,
C:\Users\elisa\OneDrive\Documents\texas-special-ed-site\districts\seguin-isd\ard-process-guide.html,fixed,Moved offer [Free ARD Rights Scan] to after paragraph 2,
C:\Users\elisa\OneDrive\Documents\texas-special-ed-site\districts\seguin-isd\dyslexia-services.html,unchanged,,
C:\Users\elisa\OneDrive\Documents\texas-special-ed-site\districts\seguin-isd\evaluation-child-find.html,fixed,Moved offer [Show the ISD You Mean Business] to after paragraph 2,
C:\Users\elisa\OneDrive\Documents\texas-special-ed-site\districts\seguin-isd\grievance-dispute-resolution.html,unchanged,,
C:\Users\elisa\OneDrive\Documents\texas-special-ed-site\districts\seguin-isd\index.html,unchanged,,
C:\Users\elisa\OneDrive\Documents\texas-special-ed-site\districts\seguin-isd\leadership-directory.html,unchanged,,
C:\Users\elisa\OneDrive\Documents\texas-special-ed-site\districts\seguin-isd\partners.html,unchanged,,
C:\Users\elisa\OneDrive\Documents\texas-special-ed-site\districts\seguin-isd\what-is-an-fie-seguin-isd.html,fixed,Moved offer [Show the ISD You Mean Business] to after paragraph 2,
C:\Users\elisa\OneDrive\Documents\texas-special-ed-site\districts\seminole-isd\ard-process-guide-seminole-isd.html,unchanged,,
C:\Users\elisa\OneDrive\Documents\texas-special-ed-site\districts\seminole-isd\es\como-solicitar-una-evaluacion-fie-seminole.html,unchanged,,
C:\Users\elisa\OneDrive\Documents\texas-special-ed-site\districts\seminole-isd\es\evaluacion-educacion-especial-child-find.html,unchanged,,
C:\Users\elisa\OneDrive\Documents\texas-special-ed-site\districts\seminole-isd\es\index.html,unchanged,,
C:\Users\elisa\OneDrive\Documents\texas-special-ed-site\districts\seminole-isd\es\proceso-ard-guia-para-padres.html,unchanged,,
C:\Users\elisa\OneDrive\Documents\texas-special-ed-site\districts\seminole-isd\es\quejas-y-disputas-educacion-especial.html,unchanged,,
C:\Users\elisa\OneDrive\Documents\texas-special-ed-site\districts\seminole-isd\evaluation-child-find-seminole-isd.html,unchanged,,
C:\Users\elisa\OneDrive\Documents\texas-special-ed-site\districts\seminole-isd\grievance-dispute-resolution-seminole-isd.html,unchanged,,
C:\Users\elisa\OneDrive\Documents\texas-special-ed-site\districts\seminole-isd\how-to-request-evaluation.html,unchanged,,
C:\Users\elisa\OneDrive\Documents\texas-special-ed-site\districts\seminole-isd\index.html,unchanged,,
C:\Users\elisa\OneDrive\Documents\texas-special-ed-site\districts\seminole-isd\what-is-an-fie-seminole-isd.html,unchanged,,
C:\Users\elisa\OneDrive\Documents\texas-special-ed-site\districts\sharyland-isd\ard-process-guide-sharyland-isd.html,unchanged,,
C:\Users\elisa\OneDrive\Documents\texas-special-ed-site\districts\sharyland-isd\es\como-solicitar-una-evaluacion-fie-sharyland.html,unchanged,,
C:\Users\elisa\OneDrive\Documents\texas-special-ed-site\districts\sharyland-isd\es\evaluacion-educacion-especial-child-find.html,unchanged,,
C:\Users\elisa\OneDrive\Documents\texas-special-ed-site\districts\sharyland-isd\es\index.html,unchanged,,
C:\Users\elisa\OneDrive\Documents\texas-special-ed-site\districts\sharyland-isd\es\proceso-ard-guia-para-padres.html,unchanged,,
C:\Users\elisa\OneDrive\Documents\texas-special-ed-site\districts\sharyland-isd\es\quejas-y-disputas-educacion-especial.html,unchanged,,
C:\Users\elisa\OneDrive\Documents\texas-special-ed-site\districts\sharyland-isd\evaluation-child-find-sharyland-isd.html,unchanged,,
C:\Users\elisa\OneDrive\Documents\texas-special-ed-site\districts\sharyland-isd\grievance-dispute-resolution-sharyland-isd.html,unchanged,,
C:\Users\elisa\OneDrive\Documents\texas-special-ed-site\districts\sharyland-isd\how-to-request-evaluation.html,unchanged,,
C:\Users\elisa\OneDrive\Documents\texas-special-ed-site\districts\sharyland-isd\index.html,unchanged,,
C:\Users\elisa\OneDrive\Documents\texas-special-ed-site\districts\sharyland-isd\what-is-an-fie-sharyland-isd.html,unchanged,,
C:\Users\elisa\OneDrive\Documents\texas-special-ed-site\districts\sheldon-isd\ard-process-guide-sheldon-isd.html,unchanged,,
C:\Users\elisa\OneDrive\Documents\texas-special-ed-site\districts\sheldon-isd\es\como-solicitar-una-evaluacion-fie-sheldon.html,unchanged,,
C:\Users\elisa\OneDrive\Documents\texas-special-ed-site\districts\sheldon-isd\es\evaluacion-educacion-especial-child-find.html,unchanged,,
C:\Users\elisa\OneDrive\Documents\texas-special-ed-site\districts\sheldon-isd\es\index.html,unchanged,,
C:\Users\elisa\OneDrive\Documents\texas-special-ed-site\districts\sheldon-isd\es\proceso-ard-guia-para-padres.html,unchanged,,
C:\Users\elisa\OneDrive\Documents\texas-special-ed-site\districts\sheldon-isd\es\quejas-y-disputas-educacion-especial.html,unchanged,,
C:\Users\elisa\OneDrive\Documents\texas-special-ed-site\districts\sheldon-isd\evaluation-child-find-sheldon-isd.html,unchanged,,
C:\Users\elisa\OneDrive\Documents\texas-special-ed-site\districts\sheldon-isd\grievance-dispute-resolution-sheldon-isd.html,unchanged,,
C:\Users\elisa\OneDrive\Documents\texas-special-ed-site\districts\sheldon-isd\how-to-request-evaluation.html,unchanged,,
C:\Users\elisa\OneDrive\Documents\texas-special-ed-site\districts\sheldon-isd\index.html,unchanged,,
C:\Users\elisa\OneDrive\Documents\texas-special-ed-site\districts\sheldon-isd\what-is-an-fie-sheldon-isd.html,unchanged,,
C:\Users\elisa\OneDrive\Documents\texas-special-ed-site\districts\sherman-isd\ard-process-guide.html,fixed,Moved offer [Free ARD Rights Scan] to after paragraph 2,
C:\Users\elisa\OneDrive\Documents\texas-special-ed-site\districts\sherman-isd\dyslexia-services.html,unchanged,,
C:\Users\elisa\OneDrive\Documents\texas-special-ed-site\districts\sherman-isd\evaluation-child-find.html,fixed,Moved offer [Show the ISD You Mean Business] to after paragraph 2,
C:\Users\elisa\OneDrive\Documents\texas-special-ed-site\districts\sherman-isd\grievance-dispute-resolution.html,unchanged,,
C:\Users\elisa\OneDrive\Documents\texas-special-ed-site\districts\sherman-isd\index.html,unchanged,,
C:\Users\elisa\OneDrive\Documents\texas-special-ed-site\districts\sherman-isd\leadership-directory.html,unchanged,,
C:\Users\elisa\OneDrive\Documents\texas-special-ed-site\districts\sherman-isd\partners.html,unchanged,,
C:\Users\elisa\OneDrive\Documents\texas-special-ed-site\districts\sherman-isd\what-is-an-fie-sherman-isd.html,fixed,Moved offer [Show the ISD You Mean Business] to after paragraph 2,
C:\Users\elisa\OneDrive\Documents\texas-special-ed-site\districts\silsbee-isd\ard-process-guide-silsbee-isd.html,unchanged,,
C:\Users\elisa\OneDrive\Documents\texas-special-ed-site\districts\silsbee-isd\evaluation-child-find-silsbee-isd.html,unchanged,,
C:\Users\elisa\OneDrive\Documents\texas-special-ed-site\districts\silsbee-isd\grievance-dispute-resolution-silsbee-isd.html,unchanged,,
C:\Users\elisa\OneDrive\Documents\texas-special-ed-site\districts\silsbee-isd\index.html,unchanged,,
C:\Users\elisa\OneDrive\Documents\texas-special-ed-site\districts\silsbee-isd\what-is-an-fie-silsbee-isd.html,unchanged,,
C:\Users\elisa\OneDrive\Documents\texas-special-ed-site\districts\socorro-isd\ard-process-guide.html,fixed,Moved offer [Free ARD Rights Scan] to after paragraph 2,
C:\Users\elisa\OneDrive\Documents\texas-special-ed-site\districts\socorro-isd\dyslexia-services.html,unchanged,,
C:\Users\elisa\OneDrive\Documents\texas-special-ed-site\districts\socorro-isd\evaluation-child-find.html,fixed,Moved offer [Show the ISD You Mean Business] to after paragraph 2,
C:\Users\elisa\OneDrive\Documents\texas-special-ed-site\districts\socorro-isd\grievance-dispute-resolution.html,unchanged,,
C:\Users\elisa\OneDrive\Documents\texas-special-ed-site\districts\socorro-isd\index.html,unchanged,,
C:\Users\elisa\OneDrive\Documents\texas-special-ed-site\districts\socorro-isd\leadership-directory.html,unchanged,,
C:\Users\elisa\OneDrive\Documents\texas-special-ed-site\districts\socorro-isd\partners.html,unchanged,,
C:\Users\elisa\OneDrive\Documents\texas-special-ed-site\districts\socorro-isd\what-is-an-fie-socorro-isd.html,fixed,Moved offer [Show the ISD You Mean Business] to after paragraph 2,
C:\Users\elisa\OneDrive\Documents\texas-special-ed-site\districts\somerset-isd\ard-process-guide-somerset-isd.html,unchanged,,
C:\Users\elisa\OneDrive\Documents\texas-special-ed-site\districts\somerset-isd\es\como-solicitar-una-evaluacion-fie-somerset.html,unchanged,,
C:\Users\elisa\OneDrive\Documents\texas-special-ed-site\districts\somerset-isd\es\evaluacion-educacion-especial-child-find.html,unchanged,,
C:\Users\elisa\OneDrive\Documents\texas-special-ed-site\districts\somerset-isd\es\index.html,unchanged,,
C:\Users\elisa\OneDrive\Documents\texas-special-ed-site\districts\somerset-isd\es\proceso-ard-guia-para-padres.html,unchanged,,
C:\Users\elisa\OneDrive\Documents\texas-special-ed-site\districts\somerset-isd\es\quejas-y-disputas-educacion-especial.html,unchanged,,
C:\Users\elisa\OneDrive\Documents\texas-special-ed-site\districts\somerset-isd\evaluation-child-find-somerset-isd.html,unchanged,,
C:\Users\elisa\OneDrive\Documents\texas-special-ed-site\districts\somerset-isd\grievance-dispute-resolution-somerset-isd.html,unchanged,,
C:\Users\elisa\OneDrive\Documents\texas-special-ed-site\districts\somerset-isd\how-to-request-evaluation.html,unchanged,,
C:\Users\elisa\OneDrive\Documents\texas-special-ed-site\districts\somerset-isd\index.html,unchanged,,
C:\Users\elisa\OneDrive\Documents\texas-special-ed-site\districts\somerset-isd\what-is-an-fie-somerset-isd.html,unchanged,,
C:\Users\elisa\OneDrive\Documents\texas-special-ed-site\districts\south-san-antonio-isd\ard-process-guide-south-san-antonio-isd.html,unchanged,,
C:\Users\elisa\OneDrive\Documents\texas-special-ed-site\districts\south-san-antonio-isd\es\guia-proceso-ard.html,unchanged,,
C:\Users\elisa\OneDrive\Documents\texas-special-ed-site\districts\south-san-antonio-isd\es\index.html,unchanged,,
C:\Users\elisa\OneDrive\Documents\texas-special-ed-site\districts\south-san-antonio-isd\es\resolucion-disputas.html,unchanged,,
C:\Users\elisa\OneDrive\Documents\texas-special-ed-site\districts\south-san-antonio-isd\es\servicios-dislexia.html,unchanged,,
C:\Users\elisa\OneDrive\Documents\texas-special-ed-site\districts\south-san-antonio-isd\es\solicitar-evaluacion.html,unchanged,,
C:\Users\elisa\OneDrive\Documents\texas-special-ed-site\districts\south-san-antonio-isd\evaluation-child-find-south-san-antonio-isd.html,unchanged,,
C:\Users\elisa\OneDrive\Documents\texas-special-ed-site\districts\south-san-antonio-isd\grievance-dispute-resolution-south-san-antonio-isd.html,unchanged,,
C:\Users\elisa\OneDrive\Documents\texas-special-ed-site\districts\south-san-antonio-isd\how-to-request-evaluation.html,unchanged,,
C:\Users\elisa\OneDrive\Documents\texas-special-ed-site\districts\south-san-antonio-isd\index.html,unchanged,,
C:\Users\elisa\OneDrive\Documents\texas-special-ed-site\districts\south-san-antonio-isd\what-is-an-fie-south-san-antonio-isd.html,unchanged,,
C:\Users\elisa\OneDrive\Documents\texas-special-ed-site\districts\south-texas-isd\ard-process-guide-south-texas-isd.html,unchanged,,
C:\Users\elisa\OneDrive\Documents\texas-special-ed-site\districts\south-texas-isd\es\como-solicitar-una-evaluacion-fie-south-texas.html,unchanged,,
C:\Users\elisa\OneDrive\Documents\texas-special-ed-site\districts\south-texas-isd\es\evaluacion-educacion-especial-child-find.html,unchanged,,
C:\Users\elisa\OneDrive\Documents\texas-special-ed-site\districts\south-texas-isd\es\index.html,unchanged,,
C:\Users\elisa\OneDrive\Documents\texas-special-ed-site\districts\south-texas-isd\es\proceso-ard-guia-para-padres.html,unchanged,,
C:\Users\elisa\OneDrive\Documents\texas-special-ed-site\districts\south-texas-isd\es\quejas-y-disputas-educacion-especial.html,unchanged,,
C:\Users\elisa\OneDrive\Documents\texas-special-ed-site\districts\south-texas-isd\evaluation-child-find-south-texas-isd.html,unchanged,,
C:\Users\elisa\OneDrive\Documents\texas-special-ed-site\districts\south-texas-isd\grievance-dispute-resolution-south-texas-isd.html,unchanged,,
C:\Users\elisa\OneDrive\Documents\texas-special-ed-site\districts\south-texas-isd\how-to-request-evaluation.html,unchanged,,
C:\Users\elisa\OneDrive\Documents\texas-special-ed-site\districts\south-texas-isd\index.html,unchanged,,
C:\Users\elisa\OneDrive\Documents\texas-special-ed-site\districts\south-texas-isd\what-is-an-fie-south-texas-isd.html,unchanged,,
C:\Users\elisa\OneDrive\Documents\texas-special-ed-site\districts\southside-isd\ard-process-guide-southside-isd.html,unchanged,,
C:\Users\elisa\OneDrive\Documents\texas-special-ed-site\districts\southside-isd\es\como-solicitar-una-evaluacion-fie-southside.html,unchanged,,
C:\Users\elisa\OneDrive\Documents\texas-special-ed-site\districts\southside-isd\es\evaluacion-educacion-especial-child-find.html,unchanged,,
C:\Users\elisa\OneDrive\Documents\texas-special-ed-site\districts\southside-isd\es\index.html,unchanged,,
C:\Users\elisa\OneDrive\Documents\texas-special-ed-site\districts\southside-isd\es\proceso-ard-guia-para-padres.html,unchanged,,
C:\Users\elisa\OneDrive\Documents\texas-special-ed-site\districts\southside-isd\es\quejas-y-disputas-educacion-especial.html,unchanged,,
C:\Users\elisa\OneDrive\Documents\texas-special-ed-site\districts\southside-isd\evaluation-child-find-southside-isd.html,unchanged,,
C:\Users\elisa\OneDrive\Documents\texas-special-ed-site\districts\southside-isd\grievance-dispute-resolution-southside-isd.html,unchanged,,
C:\Users\elisa\OneDrive\Documents\texas-special-ed-site\districts\southside-isd\how-to-request-evaluation.html,unchanged,,
C:\Users\elisa\OneDrive\Documents\texas-special-ed-site\districts\southside-isd\index.html,unchanged,,
C:\Users\elisa\OneDrive\Documents\texas-special-ed-site\districts\southside-isd\what-is-an-fie-southside-isd.html,unchanged,,
C:\Users\elisa\OneDrive\Documents\texas-special-ed-site\districts\southwest-isd\ard-process-guide-southwest-isd.html,unchanged,,
C:\Users\elisa\OneDrive\Documents\texas-special-ed-site\districts\southwest-isd\es\como-solicitar-una-evaluacion-fie-north-east-isd.html,unchanged,,
C:\Users\elisa\OneDrive\Documents\texas-special-ed-site\districts\southwest-isd\es\como-solicitar-una-evaluacion-fie-northwest-isd-texas.html,unchanged,,
C:\Users\elisa\OneDrive\Documents\texas-special-ed-site\districts\southwest-isd\es\como-solicitar-una-evaluacion-fie-southwest.html,unchanged,,
C:\Users\elisa\OneDrive\Documents\texas-special-ed-site\districts\southwest-isd\es\evaluacion-educacion-especial-child-find.html,unchanged,,
C:\Users\elisa\OneDrive\Documents\texas-special-ed-site\districts\southwest-isd\es\index.html,unchanged,,
C:\Users\elisa\OneDrive\Documents\texas-special-ed-site\districts\southwest-isd\es\proceso-ard-guia-para-padres.html,unchanged,,
C:\Users\elisa\OneDrive\Documents\texas-special-ed-site\districts\southwest-isd\es\quejas-y-disputas-educacion-especial.html,unchanged,,
C:\Users\elisa\OneDrive\Documents\texas-special-ed-site\districts\southwest-isd\evaluation-child-find-southwest-isd.html,unchanged,,
C:\Users\elisa\OneDrive\Documents\texas-special-ed-site\districts\southwest-isd\grievance-dispute-resolution-southwest-isd.html,unchanged,,
C:\Users\elisa\OneDrive\Documents\texas-special-ed-site\districts\southwest-isd\how-to-request-evaluation.html,unchanged,,
C:\Users\elisa\OneDrive\Documents\texas-special-ed-site\districts\southwest-isd\index.html,unchanged,,
C:\Users\elisa\OneDrive\Documents\texas-special-ed-site\districts\southwest-isd\what-is-an-fie-southwest-isd.html,unchanged,,
C:\Users\elisa\OneDrive\Documents\texas-special-ed-site\districts\splendora-isd\ard-process-guide-splendora-isd.html,unchanged,,
C:\Users\elisa\OneDrive\Documents\texas-special-ed-site\districts\splendora-isd\es\como-solicitar-una-evaluacion-fie-splendora.html,unchanged,,
C:\Users\elisa\OneDrive\Documents\texas-special-ed-site\districts\splendora-isd\es\evaluacion-educacion-especial-child-find.html,unchanged,,
C:\Users\elisa\OneDrive\Documents\texas-special-ed-site\districts\splendora-isd\es\index.html,unchanged,,
C:\Users\elisa\OneDrive\Documents\texas-special-ed-site\districts\splendora-isd\es\proceso-ard-guia-para-padres.html,unchanged,,
C:\Users\elisa\OneDrive\Documents\texas-special-ed-site\districts\splendora-isd\es\quejas-y-disputas-educacion-especial.html,unchanged,,
C:\Users\elisa\OneDrive\Documents\texas-special-ed-site\districts\splendora-isd\evaluation-child-find-splendora-isd.html,unchanged,,
C:\Users\elisa\OneDrive\Documents\texas-special-ed-site\districts\splendora-isd\grievance-dispute-resolution-splendora-isd.html,unchanged,,
C:\Users\elisa\OneDrive\Documents\texas-special-ed-site\districts\splendora-isd\how-to-request-evaluation.html,unchanged,,
C:\Users\elisa\OneDrive\Documents\texas-special-ed-site\districts\splendora-isd\index.html,unchanged,,
C:\Users\elisa\OneDrive\Documents\texas-special-ed-site\districts\splendora-isd\what-is-an-fie-splendora-isd.html,unchanged,,
C:\Users\elisa\OneDrive\Documents\texas-special-ed-site\districts\spring-branch-isd\ard-process-guide.html,fixed,Moved offer [Free ARD Rights Scan] to after paragraph 2,
C:\Users\elisa\OneDrive\Documents\texas-special-ed-site\districts\spring-branch-isd\dyslexia-services.html,unchanged,,
C:\Users\elisa\OneDrive\Documents\texas-special-ed-site\districts\spring-branch-isd\evaluation-child-find.html,fixed,Moved offer [Show the ISD You Mean Business] to after paragraph 2,
C:\Users\elisa\OneDrive\Documents\texas-special-ed-site\districts\spring-branch-isd\grievance-dispute-resolution.html,unchanged,,
C:\Users\elisa\OneDrive\Documents\texas-special-ed-site\districts\spring-branch-isd\index.html,unchanged,,
C:\Users\elisa\OneDrive\Documents\texas-special-ed-site\districts\spring-branch-isd\leadership-directory.html,unchanged,,
C:\Users\elisa\OneDrive\Documents\texas-special-ed-site\districts\spring-branch-isd\partners.html,unchanged,,
C:\Users\elisa\OneDrive\Documents\texas-special-ed-site\districts\spring-branch-isd\what-is-an-fie-spring-branch-isd.html,fixed,Moved offer [Show the ISD You Mean Business] to after paragraph 2,
C:\Users\elisa\OneDrive\Documents\texas-special-ed-site\districts\spring-isd\ard-process-guide.html,fixed,Moved offer [Free ARD Rights Scan] to after paragraph 2,
C:\Users\elisa\OneDrive\Documents\texas-special-ed-site\districts\spring-isd\dyslexia-services.html,unchanged,,
C:\Users\elisa\OneDrive\Documents\texas-special-ed-site\districts\spring-isd\es\como-solicitar-una-evaluacion-fie-irving-isd-texas.html,unchanged,,
C:\Users\elisa\OneDrive\Documents\texas-special-ed-site\districts\spring-isd\es\como-solicitar-una-evaluacion-fie-spring-branch-isd.html,unchanged,,
C:\Users\elisa\OneDrive\Documents\texas-special-ed-site\districts\spring-isd\es\como-solicitar-una-evaluacion-fie-spring-isd.html,unchanged,,
C:\Users\elisa\OneDrive\Documents\texas-special-ed-site\districts\spring-isd\es\guia-proceso-ard.html,unchanged,,
C:\Users\elisa\OneDrive\Documents\texas-special-ed-site\districts\spring-isd\es\index.html,unchanged,,
C:\Users\elisa\OneDrive\Documents\texas-special-ed-site\districts\spring-isd\es\resolucion-disputas.html,unchanged,,
C:\Users\elisa\OneDrive\Documents\texas-special-ed-site\districts\spring-isd\es\servicios-dislexia.html,unchanged,,
C:\Users\elisa\OneDrive\Documents\texas-special-ed-site\districts\spring-isd\es\solicitar-evaluacion.html,unchanged,,
C:\Users\elisa\OneDrive\Documents\texas-special-ed-site\districts\spring-isd\evaluation-child-find.html,fixed,Moved offer [Show the ISD You Mean Business] to after paragraph 2,
C:\Users\elisa\OneDrive\Documents\texas-special-ed-site\districts\spring-isd\grievance-dispute-resolution.html,unchanged,,
C:\Users\elisa\OneDrive\Documents\texas-special-ed-site\districts\spring-isd\index.html,unchanged,,
C:\Users\elisa\OneDrive\Documents\texas-special-ed-site\districts\spring-isd\leadership-directory.html,unchanged,,
C:\Users\elisa\OneDrive\Documents\texas-special-ed-site\districts\spring-isd\partners.html,unchanged,,
C:\Users\elisa\OneDrive\Documents\texas-special-ed-site\districts\spring-isd\what-is-an-fie-spring-isd.html,fixed,Moved offer [Show the ISD You Mean Business] to after paragraph 2,
C:\Users\elisa\OneDrive\Documents\texas-special-ed-site\districts\springtown-isd\ard-process-guide-springtown-isd.html,unchanged,,
C:\Users\elisa\OneDrive\Documents\texas-special-ed-site\districts\springtown-isd\es\como-solicitar-una-evaluacion-fie-princeton-isd.html,unchanged,,
C:\Users\elisa\OneDrive\Documents\texas-special-ed-site\districts\springtown-isd\es\como-solicitar-una-evaluacion-fie-springtown.html,unchanged,,
C:\Users\elisa\OneDrive\Documents\texas-special-ed-site\districts\springtown-isd\es\evaluacion-educacion-especial-child-find.html,unchanged,,
C:\Users\elisa\OneDrive\Documents\texas-special-ed-site\districts\springtown-isd\es\index.html,unchanged,,
C:\Users\elisa\OneDrive\Documents\texas-special-ed-site\districts\springtown-isd\es\proceso-ard-guia-para-padres.html,unchanged,,
C:\Users\elisa\OneDrive\Documents\texas-special-ed-site\districts\springtown-isd\es\quejas-y-disputas-educacion-especial.html,unchanged,,
C:\Users\elisa\OneDrive\Documents\texas-special-ed-site\districts\springtown-isd\evaluation-child-find-springtown-isd.html,unchanged,,
C:\Users\elisa\OneDrive\Documents\texas-special-ed-site\districts\springtown-isd\grievance-dispute-resolution-springtown-isd.html,unchanged,,
C:\Users\elisa\OneDrive\Documents\texas-special-ed-site\districts\springtown-isd\how-to-request-evaluation.html,unchanged,,
C:\Users\elisa\OneDrive\Documents\texas-special-ed-site\districts\springtown-isd\index.html,unchanged,,
C:\Users\elisa\OneDrive\Documents\texas-special-ed-site\districts\springtown-isd\what-is-an-fie-springtown-isd.html,unchanged,,
C:\Users\elisa\OneDrive\Documents\texas-special-ed-site\districts\stephenville-isd\ard-process-guide-stephenville-isd.html,unchanged,,
C:\Users\elisa\OneDrive\Documents\texas-special-ed-site\districts\stephenville-isd\es\como-solicitar-una-evaluacion-fie-stephenville.html,unchanged,,
C:\Users\elisa\OneDrive\Documents\texas-special-ed-site\districts\stephenville-isd\es\evaluacion-educacion-especial-child-find.html,unchanged,,
C:\Users\elisa\OneDrive\Documents\texas-special-ed-site\districts\stephenville-isd\es\index.html,unchanged,,
C:\Users\elisa\OneDrive\Documents\texas-special-ed-site\districts\stephenville-isd\es\proceso-ard-guia-para-padres.html,unchanged,,
C:\Users\elisa\OneDrive\Documents\texas-special-ed-site\districts\stephenville-isd\es\quejas-y-disputas-educacion-especial.html,unchanged,,
C:\Users\elisa\OneDrive\Documents\texas-special-ed-site\districts\stephenville-isd\evaluation-child-find-stephenville-isd.html,unchanged,,
C:\Users\elisa\OneDrive\Documents\texas-special-ed-site\districts\stephenville-isd\grievance-dispute-resolution-stephenville-isd.html,unchanged,,
C:\Users\elisa\OneDrive\Documents\texas-special-ed-site\districts\stephenville-isd\how-to-request-evaluation.html,unchanged,,
C:\Users\elisa\OneDrive\Documents\texas-special-ed-site\districts\stephenville-isd\index.html,unchanged,,
C:\Users\elisa\OneDrive\Documents\texas-special-ed-site\districts\stephenville-isd\what-is-an-fie-stephenville-isd.html,unchanged,,
C:\Users\elisa\OneDrive\Documents\texas-special-ed-site\districts\sulphur-springs-isd\ard-process-guide-sulphur-springs-isd.html,unchanged,,
C:\Users\elisa\OneDrive\Documents\texas-special-ed-site\districts\sulphur-springs-isd\es\como-solicitar-una-evaluacion-fie-sulphur-springs.html,unchanged,,
C:\Users\elisa\OneDrive\Documents\texas-special-ed-site\districts\sulphur-springs-isd\es\evaluacion-educacion-especial-child-find.html,unchanged,,
C:\Users\elisa\OneDrive\Documents\texas-special-ed-site\districts\sulphur-springs-isd\es\index.html,unchanged,,
C:\Users\elisa\OneDrive\Documents\texas-special-ed-site\districts\sulphur-springs-isd\es\proceso-ard-guia-para-padres.html,unchanged,,
C:\Users\elisa\OneDrive\Documents\texas-special-ed-site\districts\sulphur-springs-isd\es\quejas-y-disputas-educacion-especial.html,unchanged,,
C:\Users\elisa\OneDrive\Documents\texas-special-ed-site\districts\sulphur-springs-isd\evaluation-child-find-sulphur-springs-isd.html,unchanged,,
C:\Users\elisa\OneDrive\Documents\texas-special-ed-site\districts\sulphur-springs-isd\grievance-dispute-resolution-sulphur-springs-isd.html,unchanged,,
C:\Users\elisa\OneDrive\Documents\texas-special-ed-site\districts\sulphur-springs-isd\how-to-request-evaluation.html,unchanged,,
C:\Users\elisa\OneDrive\Documents\texas-special-ed-site\districts\sulphur-springs-isd\index.html,unchanged,,
C:\Users\elisa\OneDrive\Documents\texas-special-ed-site\districts\sulphur-springs-isd\what-is-an-fie-sulphur-springs-isd.html,unchanged,,
C:\Users\elisa\OneDrive\Documents\texas-special-ed-site\districts\taylor-isd\ard-process-guide-taylor-isd.html,unchanged,,
C:\Users\elisa\OneDrive\Documents\texas-special-ed-site\districts\taylor-isd\es\como-solicitar-una-evaluacion-fie-taylor.html,unchanged,,
C:\Users\elisa\OneDrive\Documents\texas-special-ed-site\districts\taylor-isd\es\como-solicitar-una-evaluacion-fie-tyler-isd.html,unchanged,,
C:\Users\elisa\OneDrive\Documents\texas-special-ed-site\districts\taylor-isd\es\evaluacion-educacion-especial-child-find.html,unchanged,,
C:\Users\elisa\OneDrive\Documents\texas-special-ed-site\districts\taylor-isd\es\index.html,unchanged,,
C:\Users\elisa\OneDrive\Documents\texas-special-ed-site\districts\taylor-isd\es\proceso-ard-guia-para-padres.html,unchanged,,
C:\Users\elisa\OneDrive\Documents\texas-special-ed-site\districts\taylor-isd\es\quejas-y-disputas-educacion-especial.html,unchanged,,
C:\Users\elisa\OneDrive\Documents\texas-special-ed-site\districts\taylor-isd\evaluation-child-find-taylor-isd.html,unchanged,,
C:\Users\elisa\OneDrive\Documents\texas-special-ed-site\districts\taylor-isd\grievance-dispute-resolution-taylor-isd.html,unchanged,,
C:\Users\elisa\OneDrive\Documents\texas-special-ed-site\districts\taylor-isd\how-to-request-evaluation.html,unchanged,,
C:\Users\elisa\OneDrive\Documents\texas-special-ed-site\districts\taylor-isd\index.html,unchanged,,
C:\Users\elisa\OneDrive\Documents\texas-special-ed-site\districts\taylor-isd\what-is-an-fie-taylor-isd.html,unchanged,,
C:\Users\elisa\OneDrive\Documents\texas-special-ed-site\districts\temple-isd\ard-process-guide.html,fixed,Moved offer [Free ARD Rights Scan] to after paragraph 2,
C:\Users\elisa\OneDrive\Documents\texas-special-ed-site\districts\temple-isd\dyslexia-services.html,unchanged,,
C:\Users\elisa\OneDrive\Documents\texas-special-ed-site\districts\temple-isd\evaluation-child-find.html,fixed,Moved offer [Show the ISD You Mean Business] to after paragraph 2,
C:\Users\elisa\OneDrive\Documents\texas-special-ed-site\districts\temple-isd\grievance-dispute-resolution.html,unchanged,,
C:\Users\elisa\OneDrive\Documents\texas-special-ed-site\districts\temple-isd\index.html,unchanged,,
C:\Users\elisa\OneDrive\Documents\texas-special-ed-site\districts\temple-isd\leadership-directory.html,unchanged,,
C:\Users\elisa\OneDrive\Documents\texas-special-ed-site\districts\temple-isd\partners.html,unchanged,,
C:\Users\elisa\OneDrive\Documents\texas-special-ed-site\districts\temple-isd\what-is-an-fie-temple-isd.html,fixed,Moved offer [Show the ISD You Mean Business] to after paragraph 2,
C:\Users\elisa\OneDrive\Documents\texas-special-ed-site\districts\terrell-isd\ard-process-guide-terrell-isd.html,unchanged,,
C:\Users\elisa\OneDrive\Documents\texas-special-ed-site\districts\terrell-isd\es\como-solicitar-una-evaluacion-fie-terrell.html,unchanged,,
C:\Users\elisa\OneDrive\Documents\texas-special-ed-site\districts\terrell-isd\es\evaluacion-educacion-especial-child-find.html,unchanged,,
C:\Users\elisa\OneDrive\Documents\texas-special-ed-site\districts\terrell-isd\es\index.html,unchanged,,
C:\Users\elisa\OneDrive\Documents\texas-special-ed-site\districts\terrell-isd\es\proceso-ard-guia-para-padres.html,unchanged,,
C:\Users\elisa\OneDrive\Documents\texas-special-ed-site\districts\terrell-isd\es\quejas-y-disputas-educacion-especial.html,unchanged,,
C:\Users\elisa\OneDrive\Documents\texas-special-ed-site\districts\terrell-isd\evaluation-child-find-terrell-isd.html,unchanged,,
C:\Users\elisa\OneDrive\Documents\texas-special-ed-site\districts\terrell-isd\grievance-dispute-resolution-terrell-isd.html,unchanged,,
C:\Users\elisa\OneDrive\Documents\texas-special-ed-site\districts\terrell-isd\how-to-request-evaluation.html,unchanged,,
C:\Users\elisa\OneDrive\Documents\texas-special-ed-site\districts\terrell-isd\index.html,unchanged,,
C:\Users\elisa\OneDrive\Documents\texas-special-ed-site\districts\terrell-isd\what-is-an-fie-terrell-isd.html,unchanged,,
C:\Users\elisa\OneDrive\Documents\texas-special-ed-site\districts\texarkana-isd\ard-process-guide.html,fixed,Moved offer [Free ARD Rights Scan] to after paragraph 2,
C:\Users\elisa\OneDrive\Documents\texas-special-ed-site\districts\texarkana-isd\dyslexia-services.html,unchanged,,
C:\Users\elisa\OneDrive\Documents\texas-special-ed-site\districts\texarkana-isd\evaluation-child-find.html,fixed,Moved offer [Show the ISD You Mean Business] to after paragraph 2,
C:\Users\elisa\OneDrive\Documents\texas-special-ed-site\districts\texarkana-isd\grievance-dispute-resolution.html,unchanged,,
C:\Users\elisa\OneDrive\Documents\texas-special-ed-site\districts\texarkana-isd\index.html,unchanged,,
C:\Users\elisa\OneDrive\Documents\texas-special-ed-site\districts\texarkana-isd\leadership-directory.html,unchanged,,
C:\Users\elisa\OneDrive\Documents\texas-special-ed-site\districts\texarkana-isd\partners.html,unchanged,,
C:\Users\elisa\OneDrive\Documents\texas-special-ed-site\districts\texarkana-isd\what-is-an-fie-texarkana-isd.html,fixed,Moved offer [Show the ISD You Mean Business] to after paragraph 2,
C:\Users\elisa\OneDrive\Documents\texas-special-ed-site\districts\texas-city-isd\ard-process-guide.html,fixed,Moved offer [Free ARD Rights Scan] to after paragraph 2,
C:\Users\elisa\OneDrive\Documents\texas-special-ed-site\districts\texas-city-isd\dyslexia-services.html,unchanged,,
C:\Users\elisa\OneDrive\Documents\texas-special-ed-site\districts\texas-city-isd\evaluation-child-find.html,fixed,Moved offer [Show the ISD You Mean Business] to after paragraph 2,
C:\Users\elisa\OneDrive\Documents\texas-special-ed-site\districts\texas-city-isd\grievance-dispute-resolution.html,unchanged,,
C:\Users\elisa\OneDrive\Documents\texas-special-ed-site\districts\texas-city-isd\index.html,unchanged,,
C:\Users\elisa\OneDrive\Documents\texas-special-ed-site\districts\texas-city-isd\leadership-directory.html,unchanged,,
C:\Users\elisa\OneDrive\Documents\texas-special-ed-site\districts\texas-city-isd\partners.html,unchanged,,
C:\Users\elisa\OneDrive\Documents\texas-special-ed-site\districts\texas-city-isd\what-is-an-fie-texas-city-isd.html,fixed,Moved offer [Show the ISD You Mean Business] to after paragraph 2,
C:\Users\elisa\OneDrive\Documents\texas-special-ed-site\districts\tomball-isd\ard-process-guide.html,fixed,Moved offer [Free ARD Rights Scan] to after paragraph 2,
C:\Users\elisa\OneDrive\Documents\texas-special-ed-site\districts\tomball-isd\dyslexia-services.html,unchanged,,
C:\Users\elisa\OneDrive\Documents\texas-special-ed-site\districts\tomball-isd\evaluation-child-find.html,fixed,Moved offer [Show the ISD You Mean Business] to after paragraph 2,
C:\Users\elisa\OneDrive\Documents\texas-special-ed-site\districts\tomball-isd\grievance-dispute-resolution.html,unchanged,,
C:\Users\elisa\OneDrive\Documents\texas-special-ed-site\districts\tomball-isd\index.html,unchanged,,
C:\Users\elisa\OneDrive\Documents\texas-special-ed-site\districts\tomball-isd\leadership-directory.html,unchanged,,
C:\Users\elisa\OneDrive\Documents\texas-special-ed-site\districts\tomball-isd\partners.html,unchanged,,
C:\Users\elisa\OneDrive\Documents\texas-special-ed-site\districts\tomball-isd\what-is-an-fie-tomball-isd.html,fixed,Moved offer [Show the ISD You Mean Business] to after paragraph 2,
C:\Users\elisa\OneDrive\Documents\texas-special-ed-site\districts\tuloso-midway-isd\ard-process-guide-tuloso-midway-isd.html,unchanged,,
C:\Users\elisa\OneDrive\Documents\texas-special-ed-site\districts\tuloso-midway-isd\es\como-solicitar-una-evaluacion-fie-midway-isd.html,unchanged,,
C:\Users\elisa\OneDrive\Documents\texas-special-ed-site\districts\tuloso-midway-isd\es\como-solicitar-una-evaluacion-fie-tuloso-midway.html,unchanged,,
C:\Users\elisa\OneDrive\Documents\texas-special-ed-site\districts\tuloso-midway-isd\es\evaluacion-educacion-especial-child-find.html,unchanged,,
C:\Users\elisa\OneDrive\Documents\texas-special-ed-site\districts\tuloso-midway-isd\es\index.html,unchanged,,
C:\Users\elisa\OneDrive\Documents\texas-special-ed-site\districts\tuloso-midway-isd\es\proceso-ard-guia-para-padres.html,unchanged,,
C:\Users\elisa\OneDrive\Documents\texas-special-ed-site\districts\tuloso-midway-isd\es\quejas-y-disputas-educacion-especial.html,unchanged,,
C:\Users\elisa\OneDrive\Documents\texas-special-ed-site\districts\tuloso-midway-isd\evaluation-child-find-tuloso-midway-isd.html,unchanged,,
C:\Users\elisa\OneDrive\Documents\texas-special-ed-site\districts\tuloso-midway-isd\grievance-dispute-resolution-tuloso-midway-isd.html,unchanged,,
C:\Users\elisa\OneDrive\Documents\texas-special-ed-site\districts\tuloso-midway-isd\how-to-request-evaluation.html,unchanged,,
C:\Users\elisa\OneDrive\Documents\texas-special-ed-site\districts\tuloso-midway-isd\index.html,unchanged,,
C:\Users\elisa\OneDrive\Documents\texas-special-ed-site\districts\tuloso-midway-isd\what-is-an-fie-tuloso-midway-isd.html,unchanged,,
C:\Users\elisa\OneDrive\Documents\texas-special-ed-site\districts\tyler-isd\ard-process-guide.html,fixed,Moved offer [Free ARD Rights Scan] to after paragraph 2,
C:\Users\elisa\OneDrive\Documents\texas-special-ed-site\districts\tyler-isd\dyslexia-services.html,unchanged,,
C:\Users\elisa\OneDrive\Documents\texas-special-ed-site\districts\tyler-isd\evaluation-child-find.html,fixed,Moved offer [Show the ISD You Mean Business] to after paragraph 2,
C:\Users\elisa\OneDrive\Documents\texas-special-ed-site\districts\tyler-isd\grievance-dispute-resolution.html,unchanged,,
C:\Users\elisa\OneDrive\Documents\texas-special-ed-site\districts\tyler-isd\index.html,unchanged,,
C:\Users\elisa\OneDrive\Documents\texas-special-ed-site\districts\tyler-isd\leadership-directory.html,unchanged,,
C:\Users\elisa\OneDrive\Documents\texas-special-ed-site\districts\tyler-isd\partners.html,unchanged,,
C:\Users\elisa\OneDrive\Documents\texas-special-ed-site\districts\tyler-isd\what-is-an-fie-tyler-isd.html,fixed,Moved offer [Show the ISD You Mean Business] to after paragraph 2,
C:\Users\elisa\OneDrive\Documents\texas-special-ed-site\districts\united-isd\ard-process-guide.html,fixed,Moved offer [Free ARD Rights Scan] to after paragraph 2,
C:\Users\elisa\OneDrive\Documents\texas-special-ed-site\districts\united-isd\dyslexia-services.html,unchanged,,
C:\Users\elisa\OneDrive\Documents\texas-special-ed-site\districts\united-isd\evaluation-child-find.html,fixed,Moved offer [Show the ISD You Mean Business] to after paragraph 2,
C:\Users\elisa\OneDrive\Documents\texas-special-ed-site\districts\united-isd\grievance-dispute-resolution.html,unchanged,,
C:\Users\elisa\OneDrive\Documents\texas-special-ed-site\districts\united-isd\index.html,unchanged,,
C:\Users\elisa\OneDrive\Documents\texas-special-ed-site\districts\united-isd\leadership-directory.html,unchanged,,
C:\Users\elisa\OneDrive\Documents\texas-special-ed-site\districts\united-isd\partners.html,unchanged,,
C:\Users\elisa\OneDrive\Documents\texas-special-ed-site\districts\united-isd\what-is-an-fie-united-isd.html,fixed,Moved offer [Show the ISD You Mean Business] to after paragraph 2,
C:\Users\elisa\OneDrive\Documents\texas-special-ed-site\districts\uvalde-cisd\ard-process-guide.html,unchanged,,
C:\Users\elisa\OneDrive\Documents\texas-special-ed-site\districts\uvalde-cisd\es\como-solicitar-una-evaluacion-fie-uvalde.html,unchanged,,
C:\Users\elisa\OneDrive\Documents\texas-special-ed-site\districts\uvalde-cisd\es\evaluacion-educacion-especial-child-find.html,unchanged,,
C:\Users\elisa\OneDrive\Documents\texas-special-ed-site\districts\uvalde-cisd\es\index.html,unchanged,,
C:\Users\elisa\OneDrive\Documents\texas-special-ed-site\districts\uvalde-cisd\es\proceso-ard-guia-para-padres.html,unchanged,,
C:\Users\elisa\OneDrive\Documents\texas-special-ed-site\districts\uvalde-cisd\es\quejas-y-disputas-educacion-especial.html,unchanged,,
C:\Users\elisa\OneDrive\Documents\texas-special-ed-site\districts\uvalde-cisd\evaluation-child-find.html,unchanged,,
C:\Users\elisa\OneDrive\Documents\texas-special-ed-site\districts\uvalde-cisd\grievance-dispute-resolution.html,unchanged,,
C:\Users\elisa\OneDrive\Documents\texas-special-ed-site\districts\uvalde-cisd\how-to-request-evaluation.html,unchanged,,
C:\Users\elisa\OneDrive\Documents\texas-special-ed-site\districts\uvalde-cisd\index.html,unchanged,,
C:\Users\elisa\OneDrive\Documents\texas-special-ed-site\districts\uvalde-cisd\what-is-fie.html,unchanged,,
C:\Users\elisa\OneDrive\Documents\texas-special-ed-site\districts\valley-view-isd\ard-process-guide-valley-view-isd.html,unchanged,,
C:\Users\elisa\OneDrive\Documents\texas-special-ed-site\districts\valley-view-isd\es\como-solicitar-una-evaluacion-fie-valley-view.html,unchanged,,
C:\Users\elisa\OneDrive\Documents\texas-special-ed-site\districts\valley-view-isd\es\evaluacion-educacion-especial-child-find.html,unchanged,,
C:\Users\elisa\OneDrive\Documents\texas-special-ed-site\districts\valley-view-isd\es\index.html,unchanged,,
C:\Users\elisa\OneDrive\Documents\texas-special-ed-site\districts\valley-view-isd\es\proceso-ard-guia-para-padres.html,unchanged,,
C:\Users\elisa\OneDrive\Documents\texas-special-ed-site\districts\valley-view-isd\es\quejas-y-disputas-educacion-especial.html,unchanged,,
C:\Users\elisa\OneDrive\Documents\texas-special-ed-site\districts\valley-view-isd\evaluation-child-find-valley-view-isd.html,unchanged,,
C:\Users\elisa\OneDrive\Documents\texas-special-ed-site\districts\valley-view-isd\grievance-dispute-resolution-valley-view-isd.html,unchanged,,
C:\Users\elisa\OneDrive\Documents\texas-special-ed-site\districts\valley-view-isd\how-to-request-evaluation.html,unchanged,,
C:\Users\elisa\OneDrive\Documents\texas-special-ed-site\districts\valley-view-isd\index.html,unchanged,,
C:\Users\elisa\OneDrive\Documents\texas-special-ed-site\districts\valley-view-isd\what-is-an-fie-valley-view-isd.html,unchanged,,
C:\Users\elisa\OneDrive\Documents\texas-special-ed-site\districts\van-alstyne-isd\ard-process-guide-van-alstyne-isd.html,unchanged,,
C:\Users\elisa\OneDrive\Documents\texas-special-ed-site\districts\van-alstyne-isd\evaluation-child-find-van-alstyne-isd.html,unchanged,,
C:\Users\elisa\OneDrive\Documents\texas-special-ed-site\districts\van-alstyne-isd\grievance-dispute-resolution-van-alstyne-isd.html,unchanged,,
C:\Users\elisa\OneDrive\Documents\texas-special-ed-site\districts\van-alstyne-isd\index.html,unchanged,,
C:\Users\elisa\OneDrive\Documents\texas-special-ed-site\districts\van-alstyne-isd\what-is-an-fie-van-alstyne-isd.html,unchanged,,
C:\Users\elisa\OneDrive\Documents\texas-special-ed-site\districts\victoria-isd\ard-process-guide.html,fixed,Moved offer [Free ARD Rights Scan] to after paragraph 2,
C:\Users\elisa\OneDrive\Documents\texas-special-ed-site\districts\victoria-isd\dyslexia-services.html,unchanged,,
C:\Users\elisa\OneDrive\Documents\texas-special-ed-site\districts\victoria-isd\evaluation-child-find.html,fixed,Moved offer [Show the ISD You Mean Business] to after paragraph 2,
C:\Users\elisa\OneDrive\Documents\texas-special-ed-site\districts\victoria-isd\grievance-dispute-resolution.html,unchanged,,
C:\Users\elisa\OneDrive\Documents\texas-special-ed-site\districts\victoria-isd\index.html,unchanged,,
C:\Users\elisa\OneDrive\Documents\texas-special-ed-site\districts\victoria-isd\leadership-directory.html,unchanged,,
C:\Users\elisa\OneDrive\Documents\texas-special-ed-site\districts\victoria-isd\partners.html,unchanged,,
C:\Users\elisa\OneDrive\Documents\texas-special-ed-site\districts\victoria-isd\what-is-an-fie-victoria-isd.html,fixed,Moved offer [Show the ISD You Mean Business] to after paragraph 2,
C:\Users\elisa\OneDrive\Documents\texas-special-ed-site\districts\vidor-isd\ard-process-guide-vidor-isd.html,unchanged,,
C:\Users\elisa\OneDrive\Documents\texas-special-ed-site\districts\vidor-isd\es\como-solicitar-una-evaluacion-fie-vidor.html,unchanged,,
C:\Users\elisa\OneDrive\Documents\texas-special-ed-site\districts\vidor-isd\es\evaluacion-educacion-especial-child-find.html,unchanged,,
C:\Users\elisa\OneDrive\Documents\texas-special-ed-site\districts\vidor-isd\es\index.html,unchanged,,
C:\Users\elisa\OneDrive\Documents\texas-special-ed-site\districts\vidor-isd\es\proceso-ard-guia-para-padres.html,unchanged,,
C:\Users\elisa\OneDrive\Documents\texas-special-ed-site\districts\vidor-isd\es\quejas-y-disputas-educacion-especial.html,unchanged,,
C:\Users\elisa\OneDrive\Documents\texas-special-ed-site\districts\vidor-isd\evaluation-child-find-vidor-isd.html,unchanged,,
C:\Users\elisa\OneDrive\Documents\texas-special-ed-site\districts\vidor-isd\grievance-dispute-resolution-vidor-isd.html,unchanged,,
C:\Users\elisa\OneDrive\Documents\texas-special-ed-site\districts\vidor-isd\how-to-request-evaluation.html,unchanged,,
C:\Users\elisa\OneDrive\Documents\texas-special-ed-site\districts\vidor-isd\index.html,unchanged,,
C:\Users\elisa\OneDrive\Documents\texas-special-ed-site\districts\vidor-isd\what-is-an-fie-vidor-isd.html,unchanged,,
C:\Users\elisa\OneDrive\Documents\texas-special-ed-site\districts\waco-isd\ard-process-guide.html,fixed,Moved offer [Free ARD Rights Scan] to after paragraph 2,
C:\Users\elisa\OneDrive\Documents\texas-special-ed-site\districts\waco-isd\dyslexia-services.html,unchanged,,
C:\Users\elisa\OneDrive\Documents\texas-special-ed-site\districts\waco-isd\evaluation-child-find.html,fixed,Moved offer [Show the ISD You Mean Business] to after paragraph 2,
C:\Users\elisa\OneDrive\Documents\texas-special-ed-site\districts\waco-isd\grievance-dispute-resolution.html,unchanged,,
C:\Users\elisa\OneDrive\Documents\texas-special-ed-site\districts\waco-isd\index.html,unchanged,,
C:\Users\elisa\OneDrive\Documents\texas-special-ed-site\districts\waco-isd\leadership-directory.html,unchanged,,
C:\Users\elisa\OneDrive\Documents\texas-special-ed-site\districts\waco-isd\partners.html,unchanged,,
C:\Users\elisa\OneDrive\Documents\texas-special-ed-site\districts\waco-isd\what-is-an-fie-waco-isd.html,fixed,Moved offer [Show the ISD You Mean Business] to after paragraph 2,
C:\Users\elisa\OneDrive\Documents\texas-special-ed-site\districts\waller-isd\ard-process-guide.html,fixed,Moved offer [Free ARD Rights Scan] to after paragraph 2,
C:\Users\elisa\OneDrive\Documents\texas-special-ed-site\districts\waller-isd\dyslexia-services.html,unchanged,,
C:\Users\elisa\OneDrive\Documents\texas-special-ed-site\districts\waller-isd\evaluation-child-find.html,fixed,Moved offer [Show the ISD You Mean Business] to after paragraph 2,
C:\Users\elisa\OneDrive\Documents\texas-special-ed-site\districts\waller-isd\grievance-dispute-resolution.html,unchanged,,
C:\Users\elisa\OneDrive\Documents\texas-special-ed-site\districts\waller-isd\index.html,unchanged,,
C:\Users\elisa\OneDrive\Documents\texas-special-ed-site\districts\waller-isd\leadership-directory.html,unchanged,,
C:\Users\elisa\OneDrive\Documents\texas-special-ed-site\districts\waller-isd\partners.html,unchanged,,
C:\Users\elisa\OneDrive\Documents\texas-special-ed-site\districts\waller-isd\what-is-an-fie-waller-isd.html,fixed,Moved offer [Show the ISD You Mean Business] to after paragraph 2,
C:\Users\elisa\OneDrive\Documents\texas-special-ed-site\districts\waxahachie-isd\ard-process-guide-waxahachie-isd.html,unchanged,,
C:\Users\elisa\OneDrive\Documents\texas-special-ed-site\districts\waxahachie-isd\es\como-solicitar-una-evaluacion-fie-waxahachie.html,unchanged,,
C:\Users\elisa\OneDrive\Documents\texas-special-ed-site\districts\waxahachie-isd\es\evaluacion-educacion-especial-child-find.html,unchanged,,
C:\Users\elisa\OneDrive\Documents\texas-special-ed-site\districts\waxahachie-isd\es\index.html,unchanged,,
C:\Users\elisa\OneDrive\Documents\texas-special-ed-site\districts\waxahachie-isd\es\proceso-ard-guia-para-padres.html,unchanged,,
C:\Users\elisa\OneDrive\Documents\texas-special-ed-site\districts\waxahachie-isd\es\quejas-y-disputas-educacion-especial.html,unchanged,,
C:\Users\elisa\OneDrive\Documents\texas-special-ed-site\districts\waxahachie-isd\evaluation-child-find-waxahachie-isd.html,unchanged,,
C:\Users\elisa\OneDrive\Documents\texas-special-ed-site\districts\waxahachie-isd\grievance-dispute-resolution-waxahachie-isd.html,unchanged,,
C:\Users\elisa\OneDrive\Documents\texas-special-ed-site\districts\waxahachie-isd\how-to-request-evaluation.html,unchanged,,
C:\Users\elisa\OneDrive\Documents\texas-special-ed-site\districts\waxahachie-isd\index.html,unchanged,,
C:\Users\elisa\OneDrive\Documents\texas-special-ed-site\districts\waxahachie-isd\what-is-an-fie-waxahachie-isd.html,unchanged,,
C:\Users\elisa\OneDrive\Documents\texas-special-ed-site\districts\weatherford-isd\ard-process-guide-weatherford-isd.html,unchanged,,
C:\Users\elisa\OneDrive\Documents\texas-special-ed-site\districts\weatherford-isd\es\como-solicitar-una-evaluacion-fie-weatherford.html,unchanged,,
C:\Users\elisa\OneDrive\Documents\texas-special-ed-site\districts\weatherford-isd\es\evaluacion-educacion-especial-child-find.html,unchanged,,
C:\Users\elisa\OneDrive\Documents\texas-special-ed-site\districts\weatherford-isd\es\index.html,unchanged,,
C:\Users\elisa\OneDrive\Documents\texas-special-ed-site\districts\weatherford-isd\es\proceso-ard-guia-para-padres.html,unchanged,,
C:\Users\elisa\OneDrive\Documents\texas-special-ed-site\districts\weatherford-isd\es\quejas-y-disputas-educacion-especial.html,unchanged,,
C:\Users\elisa\OneDrive\Documents\texas-special-ed-site\districts\weatherford-isd\evaluation-child-find-weatherford-isd.html,unchanged,,
C:\Users\elisa\OneDrive\Documents\texas-special-ed-site\districts\weatherford-isd\grievance-dispute-resolution-weatherford-isd.html,unchanged,,
C:\Users\elisa\OneDrive\Documents\texas-special-ed-site\districts\weatherford-isd\how-to-request-evaluation.html,unchanged,,
C:\Users\elisa\OneDrive\Documents\texas-special-ed-site\districts\weatherford-isd\index.html,unchanged,,
C:\Users\elisa\OneDrive\Documents\texas-special-ed-site\districts\weatherford-isd\what-is-an-fie-weatherford-isd.html,unchanged,,
C:\Users\elisa\OneDrive\Documents\texas-special-ed-site\districts\weslaco-isd\ard-process-guide.html,fixed,Moved offer [Free ARD Rights Scan] to after paragraph 2,
C:\Users\elisa\OneDrive\Documents\texas-special-ed-site\districts\weslaco-isd\dyslexia-services.html,unchanged,,
C:\Users\elisa\OneDrive\Documents\texas-special-ed-site\districts\weslaco-isd\es\como-solicitar-una-evaluacion-fie-waco-isd.html,unchanged,,
C:\Users\elisa\OneDrive\Documents\texas-special-ed-site\districts\weslaco-isd\es\como-solicitar-una-evaluacion-fie-weslaco-isd.html,unchanged,,
C:\Users\elisa\OneDrive\Documents\texas-special-ed-site\districts\weslaco-isd\es\guia-proceso-ard.html,unchanged,,
C:\Users\elisa\OneDrive\Documents\texas-special-ed-site\districts\weslaco-isd\es\index.html,unchanged,,
C:\Users\elisa\OneDrive\Documents\texas-special-ed-site\districts\weslaco-isd\es\resolucion-disputas.html,unchanged,,
C:\Users\elisa\OneDrive\Documents\texas-special-ed-site\districts\weslaco-isd\es\servicios-dislexia.html,unchanged,,
C:\Users\elisa\OneDrive\Documents\texas-special-ed-site\districts\weslaco-isd\es\solicitar-evaluacion.html,unchanged,,
C:\Users\elisa\OneDrive\Documents\texas-special-ed-site\districts\weslaco-isd\evaluation-child-find.html,fixed,Moved offer [Show the ISD You Mean Business] to after paragraph 2,
C:\Users\elisa\OneDrive\Documents\texas-special-ed-site\districts\weslaco-isd\grievance-dispute-resolution.html,unchanged,,
C:\Users\elisa\OneDrive\Documents\texas-special-ed-site\districts\weslaco-isd\index.html,unchanged,,
C:\Users\elisa\OneDrive\Documents\texas-special-ed-site\districts\weslaco-isd\leadership-directory.html,unchanged,,
C:\Users\elisa\OneDrive\Documents\texas-special-ed-site\districts\weslaco-isd\partners.html,unchanged,,
C:\Users\elisa\OneDrive\Documents\texas-special-ed-site\districts\weslaco-isd\what-is-an-fie-weslaco-isd.html,fixed,Moved offer [Show the ISD You Mean Business] to after paragraph 2,
C:\Users\elisa\OneDrive\Documents\texas-special-ed-site\districts\west-orange-cove\ard-process-guide-west-orange-cove.html,unchanged,,
C:\Users\elisa\OneDrive\Documents\texas-special-ed-site\districts\west-orange-cove\evaluation-child-find-west-orange-cove.html,unchanged,,
C:\Users\elisa\OneDrive\Documents\texas-special-ed-site\districts\west-orange-cove\grievance-dispute-resolution-west-orange-cove.html,unchanged,,
C:\Users\elisa\OneDrive\Documents\texas-special-ed-site\districts\west-orange-cove\index.html,unchanged,,
C:\Users\elisa\OneDrive\Documents\texas-special-ed-site\districts\west-orange-cove\what-is-fie.html,unchanged,,
C:\Users\elisa\OneDrive\Documents\texas-special-ed-site\districts\west-orange-cove-cisd\index.html,unchanged,,
C:\Users\elisa\OneDrive\Documents\texas-special-ed-site\districts\white-settlement-isd\ard-process-guide-white-settlement-isd.html,unchanged,,
C:\Users\elisa\OneDrive\Documents\texas-special-ed-site\districts\white-settlement-isd\es\como-solicitar-una-evaluacion-fie-white-settlement.html,unchanged,,
C:\Users\elisa\OneDrive\Documents\texas-special-ed-site\districts\white-settlement-isd\es\evaluacion-educacion-especial-child-find.html,unchanged,,
C:\Users\elisa\OneDrive\Documents\texas-special-ed-site\districts\white-settlement-isd\es\index.html,unchanged,,
C:\Users\elisa\OneDrive\Documents\texas-special-ed-site\districts\white-settlement-isd\es\proceso-ard-guia-para-padres.html,unchanged,,
C:\Users\elisa\OneDrive\Documents\texas-special-ed-site\districts\white-settlement-isd\es\quejas-y-disputas-educacion-especial.html,unchanged,,
C:\Users\elisa\OneDrive\Documents\texas-special-ed-site\districts\white-settlement-isd\evaluation-child-find-white-settlement-isd.html,unchanged,,
C:\Users\elisa\OneDrive\Documents\texas-special-ed-site\districts\white-settlement-isd\grievance-dispute-resolution-white-settlement-isd.html,unchanged,,
C:\Users\elisa\OneDrive\Documents\texas-special-ed-site\districts\white-settlement-isd\how-to-request-evaluation.html,unchanged,,
C:\Users\elisa\OneDrive\Documents\texas-special-ed-site\districts\white-settlement-isd\index.html,unchanged,,
C:\Users\elisa\OneDrive\Documents\texas-special-ed-site\districts\white-settlement-isd\what-is-an-fie-white-settlement-isd.html,unchanged,,
C:\Users\elisa\OneDrive\Documents\texas-special-ed-site\districts\whitehouse-isd\ard-process-guide-whitehouse-isd.html,unchanged,,
C:\Users\elisa\OneDrive\Documents\texas-special-ed-site\districts\whitehouse-isd\es\como-solicitar-una-evaluacion-fie-whitehouse.html,unchanged,,
C:\Users\elisa\OneDrive\Documents\texas-special-ed-site\districts\whitehouse-isd\es\evaluacion-educacion-especial-child-find.html,unchanged,,
C:\Users\elisa\OneDrive\Documents\texas-special-ed-site\districts\whitehouse-isd\es\index.html,unchanged,,
C:\Users\elisa\OneDrive\Documents\texas-special-ed-site\districts\whitehouse-isd\es\proceso-ard-guia-para-padres.html,unchanged,,
C:\Users\elisa\OneDrive\Documents\texas-special-ed-site\districts\whitehouse-isd\es\quejas-y-disputas-educacion-especial.html,unchanged,,
C:\Users\elisa\OneDrive\Documents\texas-special-ed-site\districts\whitehouse-isd\evaluation-child-find-whitehouse-isd.html,unchanged,,
C:\Users\elisa\OneDrive\Documents\texas-special-ed-site\districts\whitehouse-isd\grievance-dispute-resolution-whitehouse-isd.html,unchanged,,
C:\Users\elisa\OneDrive\Documents\texas-special-ed-site\districts\whitehouse-isd\how-to-request-evaluation.html,unchanged,,
C:\Users\elisa\OneDrive\Documents\texas-special-ed-site\districts\whitehouse-isd\index.html,unchanged,,
C:\Users\elisa\OneDrive\Documents\texas-special-ed-site\districts\whitehouse-isd\what-is-an-fie-whitehouse-isd.html,unchanged,,
C:\Users\elisa\OneDrive\Documents\texas-special-ed-site\districts\wichita-falls-isd\ard-process-guide.html,fixed,Moved offer [Free ARD Rights Scan] to after paragraph 2,
C:\Users\elisa\OneDrive\Documents\texas-special-ed-site\districts\wichita-falls-isd\dyslexia-services.html,unchanged,,
C:\Users\elisa\OneDrive\Documents\texas-special-ed-site\districts\wichita-falls-isd\evaluation-child-find.html,fixed,Moved offer [Show the ISD You Mean Business] to after paragraph 2,
C:\Users\elisa\OneDrive\Documents\texas-special-ed-site\districts\wichita-falls-isd\grievance-dispute-resolution.html,unchanged,,
C:\Users\elisa\OneDrive\Documents\texas-special-ed-site\districts\wichita-falls-isd\index.html,unchanged,,
C:\Users\elisa\OneDrive\Documents\texas-special-ed-site\districts\wichita-falls-isd\leadership-directory.html,unchanged,,
C:\Users\elisa\OneDrive\Documents\texas-special-ed-site\districts\wichita-falls-isd\partners.html,unchanged,,
C:\Users\elisa\OneDrive\Documents\texas-special-ed-site\districts\wichita-falls-isd\what-is-an-fie-wichita-falls-isd.html,fixed,Moved offer [Show the ISD You Mean Business] to after paragraph 2,
C:\Users\elisa\OneDrive\Documents\texas-special-ed-site\districts\willis-isd\ard-process-guide-willis-isd.html,unchanged,,
C:\Users\elisa\OneDrive\Documents\texas-special-ed-site\districts\willis-isd\es\como-solicitar-una-evaluacion-fie-willis.html,unchanged,,
C:\Users\elisa\OneDrive\Documents\texas-special-ed-site\districts\willis-isd\es\evaluacion-educacion-especial-child-find.html,unchanged,,
C:\Users\elisa\OneDrive\Documents\texas-special-ed-site\districts\willis-isd\es\index.html,unchanged,,
C:\Users\elisa\OneDrive\Documents\texas-special-ed-site\districts\willis-isd\es\proceso-ard-guia-para-padres.html,unchanged,,
C:\Users\elisa\OneDrive\Documents\texas-special-ed-site\districts\willis-isd\es\quejas-y-disputas-educacion-especial.html,unchanged,,
C:\Users\elisa\OneDrive\Documents\texas-special-ed-site\districts\willis-isd\evaluation-child-find-willis-isd.html,unchanged,,
C:\Users\elisa\OneDrive\Documents\texas-special-ed-site\districts\willis-isd\grievance-dispute-resolution-willis-isd.html,unchanged,,
C:\Users\elisa\OneDrive\Documents\texas-special-ed-site\districts\willis-isd\how-to-request-evaluation.html,unchanged,,
C:\Users\elisa\OneDrive\Documents\texas-special-ed-site\districts\willis-isd\index.html,unchanged,,
C:\Users\elisa\OneDrive\Documents\texas-special-ed-site\districts\willis-isd\what-is-an-fie-willis-isd.html,unchanged,,
C:\Users\elisa\OneDrive\Documents\texas-special-ed-site\districts\wills-point-isd\ard-process-guide-wills-point-isd.html,unchanged,,
C:\Users\elisa\OneDrive\Documents\texas-special-ed-site\districts\wills-point-isd\evaluation-child-find-wills-point-isd.html,unchanged,,
C:\Users\elisa\OneDrive\Documents\texas-special-ed-site\districts\wills-point-isd\grievance-dispute-resolution-wills-point-isd.html,unchanged,,
C:\Users\elisa\OneDrive\Documents\texas-special-ed-site\districts\wills-point-isd\index.html,unchanged,,
C:\Users\elisa\OneDrive\Documents\texas-special-ed-site\districts\wills-point-isd\what-is-an-fie-wills-point-isd.html,unchanged,,
C:\Users\elisa\OneDrive\Documents\texas-special-ed-site\districts\wimberley-isd\ard-process-guide-wimberley-isd.html,unchanged,,
C:\Users\elisa\OneDrive\Documents\texas-special-ed-site\districts\wimberley-isd\evaluation-child-find-wimberley-isd.html,unchanged,,
C:\Users\elisa\OneDrive\Documents\texas-special-ed-site\districts\wimberley-isd\grievance-dispute-resolution-wimberley-isd.html,unchanged,,
C:\Users\elisa\OneDrive\Documents\texas-special-ed-site\districts\wimberley-isd\index.html,unchanged,,
C:\Users\elisa\OneDrive\Documents\texas-special-ed-site\districts\wimberley-isd\what-is-an-fie-wimberley-isd.html,unchanged,,
C:\Users\elisa\OneDrive\Documents\texas-special-ed-site\districts\wylie-isd\ard-process-guide.html,fixed,Moved offer [Free ARD Rights Scan] to after paragraph 2,
C:\Users\elisa\OneDrive\Documents\texas-special-ed-site\districts\wylie-isd\dyslexia-services.html,unchanged,,
C:\Users\elisa\OneDrive\Documents\texas-special-ed-site\districts\wylie-isd\evaluation-child-find.html,fixed,Moved offer [Show the ISD You Mean Business] to after paragraph 2,
C:\Users\elisa\OneDrive\Documents\texas-special-ed-site\districts\wylie-isd\grievance-dispute-resolution.html,unchanged,,
C:\Users\elisa\OneDrive\Documents\texas-special-ed-site\districts\wylie-isd\index.html,unchanged,,
C:\Users\elisa\OneDrive\Documents\texas-special-ed-site\districts\wylie-isd\leadership-directory.html,unchanged,,
C:\Users\elisa\OneDrive\Documents\texas-special-ed-site\districts\wylie-isd\partners.html,unchanged,,
C:\Users\elisa\OneDrive\Documents\texas-special-ed-site\districts\wylie-isd\what-is-an-fie-wylie-isd.html,fixed,Moved offer [Show the ISD You Mean Business] to after paragraph 2,
C:\Users\elisa\OneDrive\Documents\texas-special-ed-site\districts\ysleta-isd\ard-process-guide.html,fixed,Moved offer [Free ARD Rights Scan] to after paragraph 2,
C:\Users\elisa\OneDrive\Documents\texas-special-ed-site\districts\ysleta-isd\dyslexia-services.html,unchanged,,
C:\Users\elisa\OneDrive\Documents\texas-special-ed-site\districts\ysleta-isd\evaluation-child-find.html,fixed,Moved offer [Show the ISD You Mean Business] to after paragraph 2,
C:\Users\elisa\OneDrive\Documents\texas-special-ed-site\districts\ysleta-isd\grievance-dispute-resolution.html,unchanged,,
C:\Users\elisa\OneDrive\Documents\texas-special-ed-site\districts\ysleta-isd\index.html,unchanged,,
C:\Users\elisa\OneDrive\Documents\texas-special-ed-site\districts\ysleta-isd\leadership-directory.html,unchanged,,
C:\Users\elisa\OneDrive\Documents\texas-special-ed-site\districts\ysleta-isd\partners.html,unchanged,,
C:\Users\elisa\OneDrive\Documents\texas-special-ed-site\districts\ysleta-isd\what-is-an-fie-ysleta-isd.html,fixed,Moved offer [Show the ISD You Mean Business] to after paragraph 2,
C:\Users\elisa\OneDrive\Documents\texas-special-ed-site\districts\zapata-county-isd\ard-process-guide-zapata-county-isd.html,unchanged,,
C:\Users\elisa\OneDrive\Documents\texas-special-ed-site\districts\zapata-county-isd\es\como-solicitar-una-evaluacion-fie-zapata-county.html,unchanged,,
C:\Users\elisa\OneDrive\Documents\texas-special-ed-site\districts\zapata-county-isd\es\evaluacion-educacion-especial-child-find.html,unchanged,,
C:\Users\elisa\OneDrive\Documents\texas-special-ed-site\districts\zapata-county-isd\es\index.html,unchanged,,
C:\Users\elisa\OneDrive\Documents\texas-special-ed-site\districts\zapata-county-isd\es\proceso-ard-guia-para-padres.html,unchanged,,
C:\Users\elisa\OneDrive\Documents\texas-special-ed-site\districts\zapata-county-isd\es\quejas-y-disputas-educacion-especial.html,unchanged,,
C:\Users\elisa\OneDrive\Documents\texas-special-ed-site\districts\zapata-county-isd\evaluation-child-find-zapata-county-isd.html,unchanged,,
C:\Users\elisa\OneDrive\Documents\texas-special-ed-site\districts\zapata-county-isd\grievance-dispute-resolution-zapata-county-isd.html,unchanged,,
C:\Users\elisa\OneDrive\Documents\texas-special-ed-site\districts\zapata-county-isd\how-to-request-evaluation.html,unchanged,,
C:\Users\elisa\OneDrive\Documents\texas-special-ed-site\districts\zapata-county-isd\index.html,unchanged,,
C:\Users\elisa\OneDrive\Documents\texas-special-ed-site\districts\zapata-county-isd\what-is-an-fie-zapata-county-isd.html,unchanged,,
